1649835409.346554	1	-1.1204864	2.0925324	9.346964	0.89064306	3.514688	8.90643	1.4987702	2.2888567	9.696517	0.19153613	2.6048915	9.409213	-2.4660277	2.815581	9.32781	0.51714754	1.6903064	10.022128	-1.091756	1.0534488	9.725247	0.05746084	0.22984336	9.921572	-1.8052281	-1.2401965	10.199299	-2.1883004	-0.39264908	10.745177	-0.16759412	-1.3982137	10.477027	0.6991069	-2.006341	9.715671	-1.8770541	-3.7684734	8.8777	-2.6623523	-0.24899697	9.586384	-3.2369606	-0.5315128	9.241618	-2.0733786	2.2649148	8.6574335	-2.542642	3.0119057	9.069236	-3.821146	-0.8475474	8.844181	-2.4229321	0.062249243	9.179369	-3.1603463	2.054225	9.255983
1649835451.6195045	1	-0.47884035	-3.8067808	9.653421	-3.8019924	0.4309563	8.949526	-3.9360676	-1.2593501	8.844181	-2.0398598	2.5091233	8.853758	0.8810662	3.6391866	8.887277	-0.110133275	3.2561142	9.074024	0.7230489	1.0630256	10.611102	-4.5154643	-3.0023289	8.298303	-4.0222588	-2.9496565	8.446744	-4.0174704	-3.0550013	8.279149	-0.23463176	3.6104562	7.9391727	-0.60333884	4.663905	8.240842	-0.24899697	4.4484267	8.346188	-0.56982	4.381389	8.111555	-0.9672575	1.316811	9.68694	-8.054094	0.23463176	7.800309	-6.5361705	-1.7381904	7.7811556	-2.743755	-4.1946416	8.714894	-1.8914193	-6.8665705	6.4978633	-1.661576	-3.1747115	8.844181
1649835492.9898314	1	-1.1827357	2.3080103	9.433155	1.1971009	1.13964	9.528923	2.054225	1.412579	9.275137	1.3263878	2.2888567	8.111555	1.4700398	0.6895301	8.887277	2.633622	-0.023942016	10.338163	3.5290532	-0.46926352	9.524135	3.0023289	-0.22984336	9.528923	3.3518825	-2.5139117	9.217676	-8.647857	-0.10534488	5.2768207	-5.626374	-1.3455414	6.9288197	-4.7261543	-0.4165911	8.226477	-5.6215854	-0.01436521	6.2392898	0.8379706	5.281609	8.192958	-0.047884032	5.7269306	7.833828	2.2457612	1.7190368	9.3421755	2.27928	1.7621324	9.457097	2.3989902	1.7190368	9.375694	2.456451	1.6184803	9.284714	1.5610195	2.1691468	9.045294
1649835534.872565	1	1.6663644	3.4093432	9.040505	1.1540052	3.4572272	8.585608	1.3838485	3.5625722	8.7532015	1.2354081	3.715801	8.820239	2.15957	3.1364043	9.208099	0.7565677	3.9312792	8.695741	2.1978772	3.5769374	6.315904	0.770933	5.3582234	5.746084	3.3279405	5.3247046	6.50744	-0.7517793	4.7548847	8.552089	-0.21068975	-0.51235914	10.6158905	-2.9400797	2.8395233	10.28549	0.9720459	-1.70946	9.739613	1.5131354	-1.0007763	9.184157	0.1388637	0.12449849	9.433155	-0.39743748	0.110133275	10.180145	2.0973208	0.7326257	9.208099	-1.091756	-0.58897364	8.676587	-0.5793968	0.8523358	8.987833	-1.3551182	2.0159178	8.901642
1649835577.2468195	1	-2.566584	-0.5410896	10.486604	0.14844051	0.78529817	10.237606	-0.076614454	2.2170308	9.3661175	-0.12928689	3.4811692	9.251195	1.484405	1.7046716	9.849746	-0.12449849	3.4093432	9.572019	0.023942016	3.7828386	8.887277	2.6288335	3.371036	6.1770406	2.456451	-0.062249243	9.648633	1.6711528	-1.0103531	8.892065	4.855441	0.6560113	8.341399	5.195418	0.641646	8.37013	-0.07182605	1.7812861	9.739613	0.5602432	3.394978	9.011775	0.81881696	3.5625722	9.064447	2.552219	3.8738184	8.552089	-1.1923125	4.3382936	0.36870706	1.6424223	2.2122424	8.154651	-1.8674773	-8.317456	3.1028855	2.5139117	-3.083732	8.892065
1649835619.6594625	1	2.9400797	1.8387469	9.648633	2.8921957	-0.7182605	10.160992	-4.55856	-7.6710224	4.012682	-4.1802764	-8.24563	4.534618	-3.787627	-8.403648	4.3861775	-3.0597897	-9.3182335	4.984728	-0.02873042	0.56982	7.8865004	1.0486604	-5.985504	5.3486466	-5.3247046	-8.39886	1.1683705	-3.4380736	-9.26556	-1.934515	-5.923255	-7.4507556	0.12928689	-10.534488	-5.626374	1.2162545	-0.9911995	2.8107927	8.911219	0.49799395	-3.2082303	10.184934	1.982399	-7.52737	7.5465236	2.3942018	-7.4124484	7.062895	2.815581	-6.315904	7.97748	-1.5466543	-6.181829	8.480263	2.303222	-6.325481	7.704541	1.9488802	-6.459556	7.551312
1649835661.1306782	1	0.93852705	-1.9632454	9.610326	2.207454	-3.5865142	8.829816	2.27928	-3.8115692	8.714894	2.3798366	-3.9073372	10.079589	2.1691468	-2.906561	9.41879	2.0254946	1.6376339	9.691729	3.3806129	2.695871	9.016563	2.4133554	4.3047748	9.169792	3.4237084	3.169923	8.087613	1.0726024	2.1739352	10.965444	0.46447513	2.6192567	9.821015	1.1683705	-3.7684734	9.68694	-6.0142345	-1.484405	7.40766	-5.171476	-0.8475474	7.9726915	-7.1347213	-3.8115692	4.3382936	-0.20590134	-5.425261	8.341399	-0.45010993	-4.7405195	7.943961	0.5554548	-7.489063	5.473145	-0.023942016	-7.5465236	7.153875	1.3072342	-5.6551046	7.943961
1649835703.5261796	1	-1.0103531	-9.141062	-5.923255	1.2976574	-9.514558	2.9017725	-5.2002063	-4.88896	6.861782	-5.2145715	-4.7979803	7.144298	-5.1810527	-4.841076	6.861782	0.21068975	0.110133275	8.762778	-0.62728083	-10.390836	-0.31124622	0.10534488	-9.854534	4.19943	1.0582372	-9.65821	-4.5298295	1.7717092	-7.0820484	-6.8569937	-0.5554548	-0.34476504	9.792285	-0.6655881	-0.7230489	9.696517	-0.8714894	-1.091756	9.734824	0.90021986	-10.807426	1.9919758	-0.48362875	-8.034941	3.7828386	-1.2401965	-8.461109	6.05733	-1.4939818	-8.561666	5.765238	-1.3024458	-8.700529	5.746084	-1.6328455	-6.3206925	7.6135616	0.5363012	-9.859323	4.8506527
1649835745.332184	1	-0.80445176	-9.356541	4.6830587	0.2873042	-8.839393	5.602432	0.12928689	-8.66701	5.6359506	-0.07182605	-8.90643	5.592855	-0.0047884034	-8.7532015	5.544971	-0.14844051	-8.6813755	5.410896	-0.11492168	-8.892065	5.4061074	-0.18674773	-8.724471	5.4922986	-1.0869676	-9.471462	4.4005427	-1.115698	-9.864111	2.2170308	-1.8243817	-10.271125	2.825158	-1.388637	-10.0987425	2.777274	-1.5370775	-9.77792	2.9735985	-1.5705963	-10.031705	2.9879637	3.86903	-6.7324953	-6.215348	3.0454245	-8.130709	-5.755661	2.2984335	-11.018116	1.4748282	-0.5793968	-10.084377	-1.934515	-1.1300632	-1.9536686	9.859323	-4.084508	5.0517654	6.9048777
1649835787.2890763	1	-0.29688102	-8.561666	5.8466406	0.7469909	-9.332599	-3.9073372	1.2018893	-10.204087	-2.3654714	1.13964	-10.160992	-2.4612393	1.2545617	-10.304645	-2.5139117	0.9959879	-10.089166	-2.3894134	0.8714894	-10.175357	-2.4372973	0.9528923	-10.036493	-2.552219	0.6751649	-8.6813755	-3.7253778	-1.0773908	-9.078813	-4.783615	-0.46447513	-9.720459	-4.4963107	-0.5267244	-9.361329	-4.6399627	0.23463176	-9.141062	-4.903325	0.2777274	-8.791509	-5.3582234	0.2825158	-8.422802	-5.923255	1.13964	-9.562442	-4.2999864	1.2593501	-9.500193	-4.012682	1.1683705	-9.461885	-4.036624	1.3215994	-9.423578	-4.237737	1.2497733	-9.524135	-3.9312792
1649835829.68284	1	0.9720459	-9.533711	-4.223372	0.9672575	-9.639056	-4.1371803	1.1252748	-9.562442	-4.185065	1.1827357	-9.586384	-3.9600096	1.2401965	-9.409213	-4.0462008	1.0151415	-9.509769	-3.8833952	0.7613561	-9.730036	-4.367024	1.0726024	-9.572019	-4.1611223	0.9959879	-9.581595	-4.0318356	1.0965444	-9.552865	-4.0892963	0.9864111	-9.543288	-3.9935284	1.0582372	-9.639056	-4.2185836	1.0199299	-9.581595	-4.012682	0.93852705	-9.562442	-4.0892963	1.091756	-9.533711	-4.0222588	0.91937345	-9.533711	-4.074931	0.94810385	-9.600749	-4.1611223	1.0342951	-9.68694	-4.132392	0.94331545	-9.452309	-4.0462008	0.39743748	-9.323022	-4.5777135
1649835871.5632727	1	0.61770403	-8.944737	-5.209783	0.5602432	-9.270349	-4.5298295	0.6560113	-9.390059	-4.55856	0.5315128	-9.14585	-4.6160207	0.92895025	-9.528923	-4.8219223	0.61291564	-9.437943	-3.8642416	0.62249243	-9.437943	-4.036624	1.1300632	-9.241618	-4.381389	0.93852705	-8.911219	-5.3582234	0.94331545	-9.581595	-4.050989	1.1300632	-9.543288	-4.2185836	1.0965444	-9.543288	-4.0557775	0.9528923	-9.581595	-4.285621	0.8283938	-9.514558	-4.1276035	1.0486604	-9.586384	-4.213795	0.90021986	-9.471462	-4.31914	0.8379706	-9.514558	-4.367024	0.9768343	-9.500193	-4.237737	0.8331822	-9.600749	-4.1419687	0.9720459	-9.562442	-4.1802764
1649835913.4466348	1	0.8571242	-9.452309	-4.132392	0.8810662	-9.528923	-4.285621	0.9624691	-9.514558	-4.1515455	0.93852705	-9.504981	-4.247314	0.8331822	-9.543288	-4.2760444	0.8283938	-9.44752	-4.309563	1.0199299	-9.26556	-4.999093	-0.05267244	-10.453085	3.371036	-2.408567	-6.3350577	7.632715	-3.323152	-6.1004257	7.4842744	-3.3854012	-5.707777	7.302315	-4.381389	-5.118803	7.383718	-4.7165775	-5.046977	7.651869	-3.5865142	-5.0661306	7.953538	-3.3997664	-5.2863975	7.699753	-3.7828386	-5.281609	7.752425	-3.4715924	-4.8027687	8.772355	-3.2513258	-5.329493	7.714118	-3.2992098	-5.3582234	7.795521	-3.265691	-5.2720323	7.771579
1649835955.2876017	1	-3.3039982	-5.363012	7.824251	-3.394978	-5.329493	7.7572136	-3.3183637	-5.3965306	7.675811	-3.3566709	-5.463568	7.762002	-3.217807	-5.3199162	7.800309	-3.3183637	-5.3342814	7.7189064	-3.3279405	-5.3199162	7.7811556	-3.4811692	-5.3103395	7.9391727	2.8538885	-12.603078	4.879383	5.45878	1.4556746	-1.8052281	-3.1172507	-6.1770406	7.28795	0.1388637	6.1626754	11.616667	-1.70946	3.53863	8.508993	-3.6008794	-3.572149	8.523358	-4.10845	-3.9935284	8.015787	-3.6391866	-3.739743	8.571242	-3.6966474	-3.763685	8.327033	-3.739743	-3.691859	8.422802	-3.7253778	-3.8115692	8.240842	-3.821146	-3.8546648	8.078036
1649835998.2342317	1	-3.86903	-3.9217024	8.298303	-3.7205894	-3.9025488	8.149862	-4.012682	-3.8833952	8.101978	-3.9695864	-3.8355112	8.24563	-3.8833952	-4.0222588	8.106767	-3.9360676	-3.8786068	8.207323	-3.8738184	-3.9504328	8.0924015	-3.8738184	-3.916914	8.279149	-3.8307228	-3.8498764	8.197746	-3.9025488	-4.0557775	8.24563	-3.8833952	-3.7541082	8.288726	-3.6343982	-3.7972038	8.327033	-1.8866309	-9.969456	2.207454	-2.5761611	-9.68694	2.930503	-3.0597897	-9.80665	3.5769374	-0.4261679	-2.3080103	10.117896	-1.4796166	-8.0445175	7.273585	-1.7908629	-7.61835	6.8761473	-0.2777274	0.8571242	5.9280434	-0.79487497	-7.819463	7.2831616
1649836039.6040442	1	-1.4317327	-7.872135	6.4068837	0.24899697	-4.1371803	11.147403	-2.0350714	-6.0716953	8.073248	-2.2697031	-6.1004257	7.8386164	2.873042	-8.264784	-4.76925	2.3463178	-9.107543	-4.367024	2.1978772	-9.308656	-4.453215	2.3463178	-9.23683	-4.534618	2.504335	-8.805874	-4.721366	2.4660277	-9.131485	-4.7979803	2.4181437	-9.370906	-4.8123455	2.4995465	-9.251195	-4.2904096	2.5761611	-9.232041	-4.3287168	-1.0151415	-4.084508	6.5218053	4.783615	-8.461109	-3.1986535	1.6424223	-8.829816	-0.842759	2.873042	-13.40753	4.012682	4.4196963	-11.990162	-3.667917	2.0590134	-8.317456	5.813122	1.9153614	-8.882488	5.386954
1649836081.486554	1	2.0111294	-9.782708	3.6870706	2.4372973	-9.44752	3.8546648	2.1547816	-9.543288	4.4340615	2.4277205	-9.504981	3.265691	0.4357447	-9.078813	5.080496	1.364695	-8.374918	5.3965306	0.4357447	-10.290278	1.043872	1.2066777	-10.682928	0.9576807	1.0151415	-10.419566	1.8291701	1.0582372	-10.093954	1.910573	1.13964	-9.844957	2.1978772	1.2545617	-10.16578	1.9632454	1.3024458	-10.160992	2.0015526	1.292869	-10.28549	1.8818425	1.1779473	-10.041282	-0.05746084	0.37349546	-10.429143	0.9528923	0.35913026	-10.448297	1.1061212	0.31603462	-10.534488	1.2449849	0.34955344	-10.395624	1.2880806	0.18674773	-10.448297	1.4939818
1649836123.8731012	1	1.2976574	-10.405201	1.2258313	1.2162545	-10.175357	0.91937345	1.3982137	-10.357317	1.1683705	1.3120226	-10.342952	1.2306197	1.4030021	-10.304645	1.292869	1.3215994	-10.443508	1.3024458	1.4077905	-10.55843	1.2258313	1.484405	-10.323798	1.3359646	1.4652514	-10.184934	1.1731589	1.5514427	-10.271125	1.460463	1.5275006	-10.232818	1.4700398	1.4700398	-10.405201	1.3838485	1.4508862	-10.433931	1.2785037	1.484405	-10.213664	1.4939818	0.89064306	-10.362105	1.5370775	0.8331822	-10.357317	1.5227122	1.1444284	-10.500969	1.4460979	1.1013328	-9.849746	1.7525556	1.0390835	-10.266336	1.4891934	1.2401965	-10.199299	1.436521
1649836165.7817292	1	1.0821792	-10.390836	1.1827357	0.10534488	-10.539276	1.6328455	1.2785037	-10.271125	1.2018893	1.2976574	-10.462662	0.8475474	1.3599066	-10.6158905	0.5410896	1.5993267	-10.304645	0.4213795	1.5562311	-10.395624	0.5602432	0.2681506	-9.744401	4.5154643	1.3934253	-9.289502	4.596867	1.5705963	-9.323022	4.390966	1.6759412	-9.275137	4.4675803	1.6903064	-9.351752	4.663905	1.5705963	-9.390059	4.5777135	1.436521	-9.394848	4.6591167	1.3215994	-9.131485	4.951209	1.733402	-9.02614	4.4915223	1.8100165	-9.461885	4.687847	1.4987702	-8.882488	5.2002063	1.5035586	-9.677363	3.145981	1.460463	-9.303867	4.156334
1649836208.2569728	1	1.1827357	-9.414001	4.654328	1.043872	-8.944737	5.5880666	1.6424223	-9.078813	4.8458643	0.90021986	-8.90643	5.291186	0.9528923	-8.935161	5.2049947	1.0582372	-8.6813755	5.3678	0.8619126	-10.01734	2.9640217	0.6512229	-9.911995	3.1172507	0.59855044	-9.902418	3.3375173	0.5746084	-9.988609	3.2609026	1.0151415	-9.744401	3.7780502	0.89064306	-9.706094	3.8498764	0.8379706	-9.706094	3.787627	0.7038953	-9.758766	3.8115692	0.8571242	-9.763555	3.6822822	1.0773908	-9.591172	4.1706996	1.3263878	-9.576807	3.9456444	1.2497733	-9.485827	4.1371803	1.3790601	-9.227253	4.2999864	2.0207062	-9.212888	4.572925
1649836250.1394117	1	2.4995465	-9.390059	4.333505	2.0733786	-9.136273	4.9703627	2.0494366	-8.868123	5.0757074	2.078167	-8.868123	5.410896	2.054225	-8.647857	5.3582234	2.0159178	-8.762778	5.559336	2.0733786	-8.700529	5.5018754	2.1499932	-8.073248	5.78918	1.9153614	-7.8769236	5.9424086	2.1212628	-8.432379	5.971139	2.1978772	-8.456321	5.81791	2.0111294	-8.796297	5.7987566	2.0159178	-8.418014	5.923255	-0.8762778	-6.8426285	7.536947	2.4660277	-8.66701	5.329493	2.705448	-9.006987	4.7788267	2.6048915	-8.8777	4.7405195	2.3750482	-9.078813	5.0517654	2.327164	-8.748413	5.2624555	2.1978772	-9.131485	4.831499
1649836292.021521	1	-3.1124623	-8.537724	4.951209	-0.6607997	-0.8714894	10.160992	-2.4516625	1.1827357	9.14585	-2.3080103	0.9911995	9.466674	-2.4372973	0.8379706	9.605537	-2.72939	0.6703765	9.528923	-1.1731589	-0.30166942	9.217676	-2.3558946	-1.7142484	9.591172	-2.2266076	-1.2689269	9.543288	-2.2170308	-1.412579	9.481039	-2.1404164	-1.1444284	9.361329	-2.030283	-1.4891934	9.672575	-2.087744	-1.2497733	9.519346	-2.15957	-1.3311762	9.481039	-2.207454	-0.9816227	9.466674	-2.1308396	-1.2066777	9.385271	-2.135628	-1.1731589	9.65821	-5.841852	-0.36391866	11.104307	5.391742	6.0621185	4.76925	6.766014	0.9672575	7.824251
1649836334.4021611	1	4.596867	2.528277	9.011775	5.722142	-1.6663644	4.2425256	4.6782703	1.9680338	8.6813755	4.606444	1.7669208	8.78672	4.9464207	1.661576	8.772355	5.0038815	2.0254946	8.1163435	4.984728	2.3127987	8.09719	5.305551	2.8107927	7.374141	4.582502	3.371036	7.920019	4.31914	3.3087866	8.020576	5.717354	4.0222588	6.0764837	4.7309427	3.8019924	7.6135616	7.9343843	-7.5848308	1.460463	7.824251	-7.6614456	-1.6424223	8.528147	-8.231265	-0.30166942	7.8146744	-6.813898	0.7469909	4.2281604	-8.111555	12.684481	7.0820484	-5.45878	4.0462008	6.5984197	-5.884948	4.122815	6.3446345	-8.623915	1.5753847
1649836376.2954268	1	6.7947445	-7.1969705	3.7110126	4.2042184	4.175488	9.696517	4.6255975	-4.9176903	8.5473	4.6782703	-5.559336	7.311892	4.6830587	-5.6646814	8.130709	6.8330517	-5.085284	8.111555	5.1762643	-6.483498	6.4020953	5.329493	-5.1523223	7.2687964	5.3199162	-5.3342814	7.326257	5.813122	-5.899313	6.3063273	5.803545	-5.899313	6.373365	5.6407394	-6.081272	6.4260373	5.81791	-5.6359506	6.191406	5.851429	-5.9567738	6.081272	8.461109	-4.8267107	2.4037786	8.293514	-5.3199162	3.8259344	8.327033	-5.3199162	3.620033	3.7828386	-5.133168	8.0924015	3.8546648	-4.927267	8.317456	3.9025488	-4.903325	8.322245
1649836418.1773453	1	3.739743	-4.3957543	8.676587	3.3183637	-4.285621	8.7771435	3.5290532	-4.429273	8.690952	3.490746	-4.333505	8.719683	3.4763808	-4.4101195	8.724471	3.763685	-4.2760444	8.647857	3.5338416	-4.7405195	8.662222	8.418014	-3.1316159	4.9224787	7.335834	-10.290278	0.9720459	8.231265	-7.771579	0.6512229	8.058883	-5.66947	3.2321723	7.9726915	-6.4404025	2.858677	8.710106	-8.034941	2.4947581	8.121132	-7.4268136	2.6384103	7.73806	-5.291186	4.735731	7.4363904	-3.763685	5.2145715	8.303091	-4.7405195	3.442862	7.704541	-4.510676	3.763685	7.489063	-6.0621185	5.7604494	7.4986396	-7.029376	-5.616797
1649836460.0493886	1	7.0341644	-6.1387334	-5.0996494	-0.15801731	2.2697031	3.0214825	6.2345014	-7.0724716	3.7732618	6.3781533	-6.823475	4.5777135	6.019023	-6.579266	5.046977	6.105214	-5.995081	6.3446345	5.6790466	-5.7365074	6.7612257	5.281609	-6.244078	6.7612257	8.839393	-6.009446	0.05267244	8.954314	-6.4164605	1.70946	8.604761	-4.280833	3.6248214	8.781932	-3.490746	3.6487634	9.150639	-6.3111157	0.89064306	6.3685765	-5.329493	3.620033	6.7947445	-6.588843	3.8833952	7.8386164	-6.397307	2.743755	-1.4030021	8.034941	5.118803	6.7612257	-9.797073	0.82360536	6.5265937	-8.197746	0.4357447	4.582502	-8.892065	-3.0885203
1649836501.9427855	1	5.947197	-8.882488	4.999093	5.626374	-7.5800424	4.8698063	5.2480903	-6.8809357	4.9655743	5.2385135	-7.9487495	4.3718123	3.122039	-8.892065	4.903325	2.9400797	-8.743625	4.687847	2.7820623	-8.734048	5.0517654	2.7150247	-8.815451	5.118803	2.6862943	-8.801085	5.032612	2.8395233	-8.762778	5.1379566	2.566584	-8.628703	5.2289367	2.5809495	-8.595184	5.2768207	2.5761611	-8.75799	5.291186	2.5713725	-8.791509	5.3199162	2.552219	-8.628703	5.2145715	2.408567	-8.24563	6.220136	2.4516625	-7.843405	6.4260373	2.1164744	-7.9487495	6.4499793	2.2266076	-7.9487495	6.612785	6.105214	3.0597897	7.1107793
1649836544.335924	1	5.602432	-0.6655881	8.801085	6.2632318	1.5275006	7.192182	6.9479733	5.233725	5.674258	5.8705826	3.0119057	6.6175733	6.531382	3.6104562	6.50744	6.7708025	3.4572272	6.114791	-0.29209262	-8.710106	11.45865	0.78050977	-4.673482	8.901642	0.6512229	-5.085284	8.959103	0.5506664	-4.831499	8.834604	6.8809357	-6.0285997	3.2848446	6.8043213	-8.781932	3.0454245	6.1770406	-6.1530986	5.8226986	6.7947445	-5.410896	3.9504328	4.5777135	-7.2783732	10.290278	4.6686935	-6.8282633	6.3446345	6.1004257	-7.2304893	4.5058875	5.4539914	-3.289633	6.6367273	4.5441947	-9.303867	-1.0390835	4.8219223	-7.101202	5.4204726
1649836586.320453	1	7.16824	3.8594532	4.247314	5.363012	-4.4580035	7.359776	3.9695864	-5.3678	6.9288197	4.8458643	-5.353435	7.675811	5.233725	-3.4476504	8.485051	5.415684	-4.855441	7.0006456	5.085284	-5.7843914	7.3645644	4.405331	-5.8562174	7.0006456	4.4101195	-5.6120086	7.369353	4.213795	-4.8267107	8.274361	4.4819455	-5.5497594	6.8043213	3.6104562	-6.373365	5.391742	3.0597897	-7.201759	6.4499793	2.3319526	-6.483498	7.2448545	1.6328455	-6.0716953	8.212111	1.508347	-7.144298	7.479486	-1.9057846	-11.319786	9.069236	1.9393034	-8.499416	6.0764837	2.6288335	-8.149862	6.1770406	2.3319526	-8.015787	6.3446345
1649836628.2008548	1	2.2649148	-8.264784	6.167464	2.2457612	-8.293514	5.9759274	2.1691468	-8.39886	6.0716953	2.006341	-7.9248075	6.0764837	4.060566	-7.9966335	7.7189064	2.1547816	-2.0973208	10.208876	1.7381904	-7.785944	6.7851677	1.6903064	-7.9343843	6.493075	1.4987702	-7.656657	7.177817	1.6759412	-7.7572136	7.1730285	1.5131354	-7.503428	6.727707	1.5801731	-7.872135	6.8809357	1.6424223	-7.728483	6.7133417	1.4413095	-7.7667904	6.8426285	4.4340615	6.167464	7.752425	1.3120226	-0.8810662	9.303867	3.8833952	6.789956	7.3645644	-2.60968	-1.9632454	9.193734	-3.4524388	-4.8937483	7.7428484	-4.0892963	-4.3766007	8.374918
1649836671.0041406	1	0.7182605	-8.978256	5.391742	1.0869676	-8.973468	5.2624555	0.842759	-8.7532015	5.7508726	0.51714754	-8.63828	5.57849	0.320823	-8.724471	5.559336	0.6943185	-9.232041	6.6415157	1.5131354	-10.113108	-2.1212628	0.60333884	-9.672575	-3.6822822	-4.6686935	-5.7269306	7.2592196	3.5625722	-2.4516625	8.796297	0.90021986	-3.0597897	8.801085	2.4133554	-5.118803	5.57849	-2.0733786	-6.5936313	7.445967	-1.8148049	-7.1490865	7.393295	-1.8962077	-6.9527617	7.345411	-1.9536686	-7.005434	7.192182	-2.0733786	-6.5457473	7.5082164	-1.8818425	-6.4882865	7.465121	-1.412579	-6.7229185	7.6135616	-1.3359646	-6.9623384	7.374141
1649836712.3924396	1	-1.6376339	-6.9048777	7.52737	-1.7860745	-6.766014	7.4028716	-1.5945383	-7.067683	7.345411	-1.7717092	-7.2544312	6.991069	-2.2457612	-7.019799	7.1730285	-1.9536686	-6.943185	7.177817	-2.0685902	-7.0820484	7.16824	-1.9680338	-8.087613	6.7612257	-1.8579005	-7.4746976	6.7468605	-1.8435353	-7.651869	6.775591	-1.685518	-7.599196	6.6510925	-1.6807296	-7.656657	6.3589997	-1.5897499	-7.608773	6.8186865	-1.6807296	-7.651869	6.5122285	-1.8052281	-7.714118	6.3302693	0.047884032	-10.6398325	0.5506664	-0.10534488	-10.462662	0.272939	-0.05746084	-10.477027	0.81402856	-0.12928689	-10.218452	0.6464345	-0.23463176	-10.486604	0.31603462
1649836754.3139174	1	-0.05267244	-10.400413	0.8379706	-0.17238252	-10.486604	0.24899697	-0.45968673	-10.371682	-0.35434186	-0.272939	-10.400413	0.12928689	-0.17717093	-10.481815	0.31603462	-0.2777274	-10.620679	0.35434186	-0.2777274	-10.601525	-0.4165911	-0.17238252	-10.366894	-0.59376204	-0.36391866	-10.429143	0.9576807	0.0	-10.486604	1.2306197	-0.07182605	-10.6637745	0.7278373	0.05746084	-10.481815	0.8714894	0.272939	-10.381259	0.8523358	7.9726915	-6.2871737	2.0015526	8.00621	-6.646304	2.1164744	7.762002	-6.4164605	2.8491	7.867347	-6.5505357	2.60968	0.02873042	-6.8809357	8.159439	-0.6799533	-6.435614	8.135497	-0.9528923	-7.0102224	7.445967
1649836796.7522185	1	-0.92895025	-7.8290396	6.8186865	-1.364695	-7.5944076	6.8809357	-1.412579	-6.517017	7.762002	-1.8195933	-6.9479733	8.327033	-0.9864111	-9.720459	3.6583402	-1.3742718	-9.821015	3.2082303	-1.3215994	-9.461885	3.2034419	1.364695	-8.341399	2.336741	-1.0151415	-10.457873	3.4141316	-0.94331545	-10.151415	-1.0486604	-3.7205894	-8.566454	1.6759412	-1.7669208	-5.3582234	7.7572136	-2.2984335	-6.033388	7.627927	-2.360683	-6.469133	7.3789296	-2.3080103	-6.4499793	7.5321584	-2.528277	-6.5122285	7.5561004	-1.5131354	-5.583278	7.9248075	-1.70946	-6.114791	8.394072	-1.8004397	-6.14831	8.121132	-1.5562311	-5.6551046	8.1881695
1649837805.714605	1	-1.1971009	-6.2728086	8.082825	-0.8810662	-5.9184666	7.9391727	-1.13964	-6.2009826	8.073248	-1.1061212	-6.1387334	7.97748	-1.2306197	-6.1387334	8.212111	-1.0295067	-6.229713	8.073248	-1.163582	-6.1626754	8.0684595	-1.0630256	-6.05733	8.154651	-0.9672575	-6.1387334	8.039729	-1.115698	-6.0956373	8.145074	-0.9959879	-6.205771	8.259995	-0.9864111	-6.301539	7.9822683	-1.0773908	-6.1004257	7.9726915	-1.067814	-6.0764837	7.843405	-1.0151415	-6.143522	8.063671	-1.0151415	-5.9663506	7.9966335	-1.115698	-6.033388	8.1402855	-1.2737153	-6.0764837	8.0684595	-1.1779473	-6.1530986	8.0684595	-1.1492168	-6.009446	8.145074
1649837847.5868638	1	-1.292869	-6.019023	8.135497	-1.2306197	-6.042965	8.09719	-1.2785037	-6.0477533	8.283937	-1.1109096	-6.0525417	8.202535	-1.0726024	-6.220136	7.929596	7.3885064	3.4859576	4.2185836	-0.35434186	-0.1340753	10.481815	-2.15957	-2.0159178	9.442732	-2.6384103	-2.4947581	9.279925	-2.657564	-2.552219	9.251195	-2.4612393	-2.207454	9.160215	-2.552219	-2.791639	9.270349	-2.408567	-2.9017725	9.279925	-2.585738	-2.6384103	9.160215	-2.6479871	-2.60968	9.136273	-3.1364043	-2.6144683	9.030929	-0.24420857	3.3662477	7.297527	-0.82360536	2.7629087	8.695741	-1.9153614	4.060566	8.293514	-2.1643584	0.12449849	10.089166
1649837889.468296	1	-1.460463	2.1787236	9.069236	-1.5514427	2.3942018	9.68694	-1.4700398	2.825158	9.361329	-3.3087866	6.0860605	2.231396	-3.3758245	7.9870567	3.1028855	-3.5529952	7.589619	2.8921957	-3.1651347	7.493851	3.7205894	-3.016694	7.264008	1.958457	-3.8977604	6.9479733	-4.343082	-4.3861775	7.603985	-0.5793968	-4.7309427	5.6790466	-5.0278234	-4.1180267	6.646304	-4.9464207	-3.8977604	6.8761473	-4.6495395	-3.3518825	7.503428	-3.394978	-3.620033	7.493851	-4.343082	-4.343082	6.6510925	-4.975151	-3.86903	6.205771	-5.544971	-3.4811692	7.9487495	-3.98874	-4.146757	6.4882865	-4.927267	-4.2185836	7.1059904	-4.012682
1649837931.8383944	1	-3.940856	6.885724	-4.5777135	-3.787627	7.225701	-4.2760444	-3.5338416	7.675811	-3.0789435	-3.3375173	8.183381	-1.9680338	-3.1890767	8.130709	-1.9919758	-3.0502129	8.207323	-2.6240451	-3.7780502	4.687847	7.3071036	-2.4229321	-17.855957	-1.8866309	-0.9528923	-10.323798	-0.61770403	2.0446482	-10.443508	-0.34955344	-0.25378537	-9.375694	3.845088	-0.4261679	-9.739613	3.596091	-0.46926352	-9.835381	3.7493198	-0.4261679	-9.682152	3.6966474	-1.2354081	-10.079589	2.6862943	-1.0390835	-9.701305	3.5769374	1.2066777	-9.911995	-2.078167	1.9967642	-10.500969	-4.4723687	1.958457	-9.184157	-5.8226986	2.1164744	-8.99741	-4.6112323
1649837973.7154863	1	5.386954	-1.4317327	3.7301662	4.6830587	-4.6686935	7.809886	2.456451	-8.690952	5.645528	-0.7422025	-4.4963107	9.074024	5.0278234	-1.5753847	8.48984	0.60333884	-5.650316	9.485827	0.93373865	-5.5162406	8.901642	1.9728222	-3.169923	9.394848	-0.32561144	-11.018116	1.4173675	0.12449849	-9.768343	2.6048915	8.0445175	-6.090849	2.4899697	8.360553	-5.5497594	3.514688	8.662222	-4.0222588	3.3758245	8.465898	-4.8602295	3.8307228	7.445967	-1.8483237	6.0860605	5.899313	-6.517017	6.1004257	6.7468605	-2.552219	7.465121	8.992621	-2.528277	5.3342814	6.8186865	-6.813898	4.663905	6.9479733	-2.657564	4.0701427
1649838015.7296464	1	7.503428	-2.2505496	6.95755	8.571242	-1.5993267	5.5976434	8.561666	-1.4077905	5.3821654	8.480263	-1.364695	5.5737014	5.1523223	-4.534618	7.6614456	6.871359	-1.13964	6.7372837	7.551312	-1.2066777	6.3446345	7.575254	-0.59855044	6.5265937	5.875371	-2.6240451	8.461109	2.8682537	-1.2785037	6.7372837	5.185841	-2.0111294	6.3206925	3.6296098	-1.4796166	9.179369	3.8786068	-4.5298295	8.949526	3.6774938	-8.882488	3.6631286	3.845088	-8.073248	6.421249	6.823475	-1.5945383	7.656657	7.9966335	0.12928689	6.277597	8.331821	0.5315128	5.6790466	7.086837	-0.58897364	7.752425	7.714118	-3.6343982	5.803545
1649838058.0210078	1	7.9104424	-3.4955344	5.4683566	8.169016	-3.6727054	5.21936	7.9152308	-5.032612	4.453215	7.785944	-4.9895163	5.0134583	7.824251	-4.2185836	5.185841	7.991845	-4.074931	5.5737014	7.9008656	-4.1802764	5.3821654	7.843405	-3.6487634	5.683835	7.8625584	-3.845088	5.755661	7.872135	-3.6152446	5.7269306	7.7332716	-4.0557775	5.746084	7.809886	-3.6774938	5.78918	7.9391727	-3.596091	5.631162	7.7907324	-3.265691	6.277597	7.9487495	-3.3183637	5.90889	7.991845	-3.3806129	5.5641246	8.1163435	-3.347094	5.693412	7.991845	-3.466804	5.6407394	7.9726915	-3.3087866	5.741296	8.025364	-2.777274	5.9663506
1649838099.9015048	1	7.8146744	-2.5761611	6.196194	7.9104424	-2.3654714	6.3589997	7.905654	-2.5091233	6.114791	7.967903	-2.2218192	6.205771	7.9966335	-2.8203697	6.0285997	7.8865004	-2.6144683	6.1866174	7.929596	-2.1883004	6.1626754	8.00621	-2.954445	5.9902925	7.9822683	-2.72939	5.6982	8.48984	-1.6998832	5.2241483	7.967903	-4.4915223	5.257667	8.078036	-3.8738184	5.305551	8.212111	-3.7588966	5.3007627	8.346188	-1.9776106	5.7269306	8.264784	-1.3311762	6.133945	7.991845	-1.0055647	6.2632318	8.010999	-1.0726024	6.2584434	8.159439	-1.2641385	5.913678	8.422802	-1.1348516	5.8226986	8.39886	-1.1731589	5.913678
1649838141.885646	1	8.451532	-1.0103531	5.741296	8.451532	-0.5793968	6.0381765	8.212111	-0.9576807	6.0285997	8.010999	-1.5275006	6.1530986	8.2169	-1.4221559	6.205771	8.09719	-1.460463	6.133945	8.307879	-1.4987702	5.9041014	8.887277	-4.9416323	2.6384103	8.7532015	-4.7309427	3.0693667	8.614338	-4.525041	3.9839516	8.561666	-5.645528	2.2266076	8.796297	-4.975151	2.777274	8.916007	-4.5872903	2.6144683	8.954314	-4.5058875	2.2505496	8.872911	-5.12838	2.3558946	8.748413	-4.1132383	3.9312792	9.212888	-2.8491	3.2082303	9.155427	-3.6774938	3.2130187	9.035717	-4.0318356	2.8874073	9.093178	-4.060566	3.0597897
1649838183.697941	1	4.6782703	-9.543288	0.5602432	4.9655743	-9.332599	0.8858546	4.8937483	-9.337387	0.8331822	5.056554	-8.99741	1.7381904	5.889736	-8.063671	2.9017725	5.93762	-7.704541	4.5537715	5.90889	-7.398083	4.477157	6.0285997	-7.5561004	4.654328	6.066907	-7.369353	4.4196963	6.0046577	-7.2544312	4.43885	6.0956373	-7.2209125	4.697424	6.1100025	-7.1873937	4.4819455	5.837064	-6.9958572	4.4963107	6.0285997	-7.4507556	4.548983	6.105214	-7.2448545	4.4675803	6.129156	-7.240066	4.414908	6.0716953	-7.311892	4.5537715	7.350199	-5.7029886	4.620809	8.571242	-2.6767175	4.7740383	8.791509	-2.8874073	4.7644615
1649838226.1627274	1	4.3143516	-8.192958	-6.445191	5.386954	-8.432379	-3.2848446	8.772355	-1.8626889	5.363012	8.810662	-1.3311762	5.185841	8.63828	-1.3599066	5.1571107	8.259995	-3.5290532	4.807557	7.091625	-3.8498764	6.244078	8.39886	-3.0502129	4.6782703	8.255207	-4.5681367	4.414908	8.853758	-5.415684	1.4508862	8.911219	-5.45878	1.5466543	9.610326	-0.7374141	-2.9257145	9.605537	-3.596091	-3.1411927	9.3661175	-3.4141316	0.0	8.815451	-4.620809	2.633622	9.155427	-4.390966	2.6048915	9.150639	-1.5705963	4.644751	8.7771435	-0.15322891	4.999093	8.767567	1.043872	5.2002063	8.6334915	0.93852705	5.243302
1649838268.044418	1	9.193734	0.59855044	3.9121256	9.308656	0.5410896	3.892972	9.461885	-0.7565677	4.1371803	8.039729	-6.9767036	0.1340753	8.178593	-6.670246	0.4213795	8.259995	-6.3925185	1.1827357	7.8529816	-6.646304	-0.60812724	7.6231384	-5.631162	5.032612	9.797073	-1.9919758	2.743755	9.964667	-1.5035586	3.7493198	9.730036	-1.5035586	2.3319526	9.993398	-1.3120226	2.5905263	9.3182335	-2.9879637	2.9257145	9.150639	-2.9017725	4.0653543	8.456321	-1.7525556	5.7987566	6.14831	-5.4922986	6.5936313	8.7532015	-3.940856	3.8163576	8.293514	-5.1571107	4.4436383	8.920795	-3.4380736	3.7924154	8.485051	-3.7301662	4.687847
1649838309.9238813	1	8.475474	-3.4093432	4.6160207	8.446744	-3.5913026	4.912902	8.389283	-3.490746	5.0661306	8.456321	-3.5817258	5.032612	8.441956	-3.7014358	5.0613422	8.470686	-3.5194764	4.9703627	8.470686	-3.596091	4.9895163	8.365341	-3.620033	5.056554	8.499416	-3.6774938	4.7022123	8.456321	-3.6487634	4.711789	8.231265	-3.5242648	5.1140146	8.336611	-3.371036	5.109226	8.566454	-3.4045548	5.080496	8.432379	-3.289633	4.9655743	8.499416	-3.347094	4.8985367	8.327033	-3.371036	5.109226	8.485051	-3.323152	4.9703627	8.571242	-3.2369606	4.960786	8.523358	-3.3614593	5.070919	8.499416	-3.2513258	4.9559975
1649838352.8320098	1	8.494628	-3.3614593	5.046977	8.571242	-3.4524388	4.9559975	8.327033	-3.4141316	5.032612	8.437167	-3.3758245	4.9320555	8.494628	-3.3997664	5.094861	8.494628	-3.3566709	4.865018	8.331821	-3.3087866	5.109226	8.461109	-3.2704794	5.12838	8.485051	-3.3087866	5.0757074	8.360553	-3.3806129	5.109226	8.456321	-3.3279405	5.0900726	8.456321	-3.2992098	5.233725	8.202535	-3.0693667	5.602432	8.394072	-3.1890767	5.5018754	8.293514	-3.3662477	5.2241483	8.24563	-3.5003228	5.171476	8.379706	-3.5529952	5.0374002	8.312668	-3.5529952	5.21936	8.130709	-3.0933087	5.602432	8.015787	-2.9352913	5.511452
1649838394.2020328	1	8.250419	-3.241749	5.4683566	8.034941	-3.371036	6.0142345	9.179369	-3.6391866	3.2465374	9.141062	-3.6870706	3.040636	9.32781	-3.5434184	3.169923	9.002198	-3.964798	2.8874073	9.169792	-3.7541082	3.122039	9.141062	-3.5673606	3.1411927	8.724471	-3.620033	4.5298295	7.690176	5.530606	1.8291701	9.921572	2.1883004	1.4460979	9.255983	-3.7301662	2.9352913	9.346964	-3.6056678	2.7820623	9.188946	-4.1515455	3.0358477	9.11712	-3.2321723	3.4859576	9.155427	-3.371036	3.5865142	9.11712	-3.0358477	4.012682	1.5705963	-10.108319	1.091756	7.843405	-4.285621	5.3007627	8.169016	-3.9217024	5.4779334
1649838436.082824	1	7.177817	-5.1475334	3.9073372	5.463568	-5.3342814	6.301539	0.78529817	-2.2409728	9.749189	0.1388637	-7.8386164	6.71813	0.60812724	-7.0245876	7.445967	1.5945383	-10.19451	2.231396	1.2114661	-9.945514	2.791639	0.272939	-12.320562	1.6184803	-0.92416185	-10.491392	-2.1547816	1.0534488	-10.132261	-2.1787236	0.5746084	-9.849746	-2.5330653	-1.4796166	-10.093954	-1.8626889	-1.6519991	-10.1226845	-1.6472107	-1.4077905	-10.0029745	-1.4796166	-1.6759412	-10.338163	-1.7238252	-2.0254946	-10.151415	-1.5945383	-1.9488802	-10.084377	-1.7142484	-1.8148049	-10.520123	-1.1252748	-0.8619126	-9.849746	-3.2848446	-1.1875241	-9.816227	-1.9871874
1649838478.578606	1	-2.9161377	-9.629479	-1.757344	-2.5953147	-9.730036	-2.4420857	-2.8203697	-9.782708	-2.432509	-2.7964275	-9.701305	-2.1547816	-2.8443117	-9.92636	-1.8531121	-2.0685902	-9.964667	-1.6424223	-2.0254946	-9.998186	-1.8770541	-1.292869	-10.31901	-1.5370775	-0.31124622	-9.768343	1.340753	-1.2497733	-9.050082	4.3718123	-0.9959879	-7.489063	6.7324953	-1.4748282	-8.298303	6.167464	-1.2114661	-4.9081135	8.619126	-1.292869	-10.922348	4.261679	0.51235914	-6.8186865	7.359776	-1.2258313	-8.169016	6.7564373	2.858677	-5.1475334	8.858546	-0.23942018	-10.25676	-0.36391866	0.05746084	-9.548077	4.2281604	-5.5641246	-1.6136919	2.1260512
1649838520.3579962	1	3.3039982	-6.9862804	6.0860605	-3.0071173	-7.9391727	5.583278	-3.193865	-8.523358	4.793192	-2.8778305	-8.6095495	4.975151	-2.815581	-8.461109	5.118803	-4.050989	-9.346964	1.4173675	-3.8546648	-9.643845	-0.48362875	-3.9264908	-9.481039	-0.58897364	-3.4141316	-9.461885	-0.58897364	-3.241749	-9.80665	-0.320823	-3.1172507	-9.907207	-0.59855044	-4.1802764	-9.3182335	0.12449849	-4.1132383	-9.44752	-0.5650316	-3.763685	-9.524135	-0.7661445	-4.6399627	-10.496181	-0.8331822	5.659893	-5.583278	6.4882865	5.884948	-5.6646814	6.679823	5.080496	-8.403648	0.8331822	-2.954445	-9.476251	-2.8778305	-6.4643445	-7.2209125	-1.1013328
1649838562.3421953	1	4.295198	-8.896853	-0.49799395	8.901642	0.641646	4.9703627	8.676587	-0.2633622	5.3965306	8.499416	-0.023942016	5.985504	8.451532	-0.23463176	5.626374	8.389283	-0.12449849	5.93762	8.39886	-0.39743748	6.3206925	8.327033	-0.18195933	5.7125654	8.576031	-0.16759412	6.033388	8.283937	-0.110133275	5.717354	8.394072	-0.12928689	6.105214	8.379706	-0.1340753	5.8083334	8.24563	-0.12449849	5.803545	8.379706	-0.038307227	5.779603	8.250419	-0.07182605	6.0142345	8.298303	-0.14844051	5.8705826	8.312668	0.24420857	5.90889	8.331821	-0.32561144	5.913678	8.63828	-1.661576	5.7843914	8.5473	0.08140286	5.8801594
1649838604.7373946	1	8.39886	-0.18195933	5.8801594	8.197746	0.07182605	5.9041014	8.293514	-0.033518825	5.693412	8.240842	0.07182605	5.827487	8.437167	-0.49320555	5.7748146	8.389283	-0.11971009	5.7843914	8.432379	-0.2777274	5.6215854	8.307879	-0.038307227	5.755661	8.355764	-0.22505496	5.8705826	8.576031	-0.11971009	5.568913	8.42759	-0.24420857	5.995081	8.456321	-0.17238252	5.8466406	8.360553	-0.10534488	5.731719	8.255207	-0.18195933	5.9041014	8.422802	-0.12449849	5.803545	8.346188	-0.12449849	5.7508726	8.24563	0.05746084	5.913678	8.192958	-0.18195933	5.7843914	8.307879	-0.05267244	5.8466406	8.374918	-0.15322891	5.755661
1649838646.6065152	1	8.307879	0.07182605	5.779603	8.317456	-0.15322891	5.746084	8.394072	-0.1388637	5.8466406	8.437167	0.15801731	5.6982	8.408437	0.04309563	5.5497594	8.283937	0.1340753	5.722142	8.312668	-0.019153614	5.7843914	8.221688	-0.062249243	5.7604494	8.556877	0.04309563	5.5162406	8.389283	-0.047884032	5.865794	8.374918	0.076614454	5.837064	8.2169	0.15801731	5.741296	8.331821	0.10055647	5.6551046	8.212111	-0.23463176	5.93762	8.389283	-0.076614454	5.884948	8.312668	0.07182605	5.6646814	8.456321	-0.07182605	5.391742	8.532935	0.110133275	5.861006	8.355764	0.019153614	5.8466406	8.418014	-0.23942018	5.7125654
1649838688.501143	1	8.341399	-0.062249243	5.8705826	8.274361	-0.023942016	5.6215854	8.293514	0.023942016	5.755661	8.379706	0.33518824	5.6359506	8.408437	0.11971009	5.592855	8.394072	-0.25857377	5.93762	8.446744	-0.009576807	5.755661	8.39886	0.02873042	5.861006	8.327033	0.02873042	5.746084	8.480263	-0.062249243	5.827487	8.403648	0.038307227	5.947197	8.341399	-0.07182605	5.865794	8.499416	0.12928689	5.6886234	8.422802	0.10055647	5.6407394	8.710106	-0.7661445	5.995081	-2.815581	-2.2744915	9.193734	-3.1603463	-2.825158	9.083601	-3.040636	-2.9496565	8.973468	-3.0502129	-2.7868507	9.02614	-3.2513258	-3.0262709	9.088389
1649838730.3318672	1	-2.8107927	-3.0119057	9.131485	-3.0071173	-2.7629087	8.968679	-2.9783869	-2.791639	9.179369	-2.6240451	-2.906561	9.131485	-2.6910827	-2.9400797	9.179369	-2.681506	-2.9352913	9.093178	-2.7341783	-2.858677	9.030929	-2.896984	-2.777274	9.160215	-2.7150247	-3.2130187	9.193734	-2.9352913	-2.456451	9.126697	-2.9161377	-2.5378537	9.184157	6.9144545	-2.0350714	6.9048777	5.21936	-0.8379706	8.374918	2.7006595	8.255207	3.2034419	2.303222	9.624691	2.777274	2.906561	7.4363904	4.390966	3.145981	7.5225816	3.7684734	3.5913026	8.049306	-3.0310593	3.940856	6.4260373	-6.0525417	4.261679	7.479486	-3.0454245
1649838773.2888565	1	-0.60812724	0.46447513	10.314221	-3.6487634	-1.4221559	9.11712	-3.916914	-1.5610195	8.810662	-3.787627	-1.5993267	8.901642	-3.8115692	-1.6136919	8.801085	-3.787627	-1.5945383	8.901642	-3.7732618	-2.4277205	9.136273	-4.003105	-1.8100165	8.714894	-3.9791632	-1.4939818	8.7771435	-3.821146	-1.9536686	8.552089	-4.098873	-1.6472107	8.676587	-4.0701427	-1.9680338	8.7292595	-4.036624	-1.8914193	8.820239	-4.074931	-1.7860745	8.571242	-4.084508	-1.8339585	8.791509	-4.256891	-2.0494366	8.710106	7.9104424	-1.9728222	7.762002	7.101202	2.1404164	7.240066	6.622362	4.3478703	4.7644615	6.6654577	5.243302	4.271256
1649838814.6586168	1	6.2009826	6.751649	3.9217024	7.029376	0.62249243	7.575254	6.244078	0.60333884	7.8865004	6.6079965	0.60333884	7.824251	6.8905125	0.82360536	7.422025	6.9048777	-2.4229321	7.1347213	-4.5202527	-6.861782	2.1260512	-5.616797	-5.2241483	6.4739213	-5.7125654	-5.3342814	6.2392898	-7.264008	-5.5018754	6.766014	-0.5363012	-5.530606	8.571242	-0.9576807	-5.410896	8.719683	-0.7757214	-6.5984197	7.73806	0.33039984	-7.9248075	7.1634517	-0.842759	-7.503428	7.1347213	-0.009576807	-3.4763808	9.543288	0.16280572	-7.7667904	9.969456	8.312668	1.067814	5.2480903	8.317456	0.59855044	5.631162	8.37013	0.2777274	5.6215854
1649838856.540364	1	8.499416	0.38307226	5.779603	8.647857	0.5746084	5.6407394	8.465898	0.45489833	5.7748146	-0.38307226	-5.2049947	8.6334915	-0.56982	-5.985504	8.121132	-0.7565677	-5.4779334	8.571242	8.379706	1.091756	5.463568	8.470686	1.1731589	5.511452	8.499416	0.7086837	5.48751	8.494628	0.5410896	5.281609	8.312668	0.9911995	5.535394	8.1881695	0.8571242	5.889736	8.350976	0.62249243	5.631162	8.0445175	0.521936	6.157887	8.149862	0.39743748	6.157887	8.259995	-0.4309563	6.2728086	8.231265	0.34476504	5.961562	8.250419	0.2681506	6.0860605	8.178593	0.110133275	5.851429	8.288726	0.22984336	5.971139
1649838898.934693	1	8.058883	0.35434186	6.2584434	7.9104424	0.3878607	6.0716953	8.034941	0.37349546	5.923255	8.197746	0.37828386	6.009446	-0.89543146	-1.7669208	12.684481	2.054225	-4.999093	8.7532015	2.0398598	-5.118803	8.719683	1.9919758	-5.12838	8.825027	1.982399	-5.1666875	8.738836	2.0159178	-4.975151	8.710106	1.9153614	-4.927267	8.839393	1.9249382	-5.118803	8.7053175	1.8531121	-5.2002063	8.628703	1.8674773	-5.329493	8.762778	1.8770541	-5.2624555	8.6574335	1.9536686	-5.209783	8.614338	1.8579005	-5.386954	8.6574335	5.923255	0.21068975	8.0924015	-1.2737153	-5.410896	8.384495	-0.6512229	-5.583278	8.590396
1649838940.9186983	1	-0.9672575	-5.803545	10.400413	-0.7278373	-9.581595	4.1611223	-3.8594532	-9.284714	2.2170308	-3.6152446	-9.02614	3.0071173	1.2737153	-7.872135	-8.101978	4.003105	-7.2831616	5.6359506	6.172252	-9.600749	2.0494366	3.6966474	-6.991069	3.217807	1.8435353	-6.540959	-1.5370775	2.906561	-9.888053	1.6472107	5.305551	-9.696517	-3.2609026	1.5131354	-10.457873	-4.3239284	3.4955344	-9.179369	-3.7972038	3.5338416	-9.160215	-3.7349546	3.86903	-9.02614	-3.98874	3.8307228	-8.820239	-3.8067808	3.964798	-8.959103	-4.189853	4.0174704	-9.14585	-3.5625722	4.0940847	-9.064447	-3.7541082	3.9217024	-8.987833	-3.6774938
1649838982.7005095	1	4.0797195	-9.078813	-3.6056678	4.074931	-8.623915	-3.8259344	4.232949	-8.99741	-3.98874	3.964798	-8.882488	-4.261679	3.8546648	-8.901642	-4.209007	4.209007	-8.8777	-3.6391866	4.1611223	-8.892065	-4.1659107	4.10845	-9.097966	-4.357447	4.0940847	-8.75799	-4.1036615	4.122815	-8.925584	-4.084508	4.185065	-8.772355	-3.9935284	4.185065	-8.868123	-3.7780502	4.3622355	-9.069236	-2.7485435	4.2042184	-8.858546	-3.763685	4.4101195	-8.796297	-4.003105	4.285621	-8.829816	-3.7828386	4.3047748	-8.872911	-3.9791632	4.2760444	-8.911219	-3.7541082	4.098873	-8.853758	-3.5913026	4.7548847	-8.336611	-4.525041
