1650974829.614967	1	-3.691859	0.9576807	7.335834	-10.726024	-7.929596	-4.807557	-8.647857	-4.19943	-1.2354081	-8.858546	-4.4580035	-1.0630256	-8.858546	-4.7405195	-0.61291564	-8.78672	-4.620809	-0.61291564	-9.557653	-3.4955344	0.60812724	-8.825027	-6.172252	-0.320823	-8.499416	-6.813898	-0.9911995	-6.4499793	-7.16824	-3.0693667	-6.8330517	-6.0860605	-1.2641385	-6.727707	-7.5082164	-0.89543146	-7.359776	-7.067683	-0.009576807	-7.5944076	-6.26802	0.60333884	-8.169016	-4.8698063	1.6759412	-7.311892	-6.1770406	2.1164744
1650974840.5844278	1	-6.459556	-7.843405	0.79008657	-6.5840545	-7.73806	0.92895025	-6.6606693	-7.6614456	0.80924016	-6.7372837	-7.536947	0.94331545	-6.7851677	-7.632715	1.1061212	-6.933608	-7.517793	1.0821792	-6.933608	-7.422025	1.2258313	-6.4260373	-8.030152	0.78050977	-6.6367273	-7.7093296	0.8571242	-6.670246	-7.541735	1.0486604	-6.670246	-7.651869	1.0486604	-6.885724	-7.5848308	1.0773908	-6.8665705	-7.489063	1.1061212	-6.8282633	-7.5082164	1.1204864	-6.991069	-7.4028716	1.1252748	-6.9527617	-7.1969705	1.1875241
1650974852.0798593	1	-7.3406224	-6.9862804	1.2497733	-7.1586633	-7.1107793	1.2401965	-7.1969705	-7.038953	1.484405	-7.177817	-6.95755	1.2449849	-7.16824	-7.101202	1.3263878	-7.1873937	-7.1107793	1.3455414	-7.225701	-7.005434	1.3359646	-7.2687964	-6.933608	1.3263878	-7.038953	-7.1634517	1.3120226	-7.1969705	-7.0006456	1.3503298	-7.0485296	-7.16824	1.2449849	-7.120356	-7.0102224	1.2449849	-7.1059904	-7.1395097	1.2976574	-7.091625	-7.053318	1.388637	-6.991069	-7.216124	1.2976574	-7.086837	-7.2352777	1.3934253
1650974863.071374	1	-7.0102224	-7.2448545	1.2976574	-7.0820484	-7.0724716	1.3263878	-7.038953	-7.1873937	1.2641385	-7.0820484	-7.2927384	1.3838485	-7.1347213	-7.0724716	1.3982137	-7.0820484	-7.177817	1.2785037	-6.909666	-7.489063	1.13964	-6.9000893	-7.417237	1.1061212	-6.9479733	-7.393295	1.1779473	-6.9479733	-7.326257	1.2114661	-6.9767036	-7.383718	1.1300632	-6.9479733	-7.2687964	1.2258313	-7.029376	-7.2783732	1.3024458	-6.871359	-7.3071036	1.1923125	-6.9958572	-7.311892	1.3120226	-6.9000893	-7.3885064	1.2114661
1650974874.5361016	1	-7.0006456	-7.4124484	1.3551182	-6.9383965	-7.369353	1.3120226	-6.9144545	-7.465121	1.1587936	-7.005434	-7.326257	1.2449849	-6.9240313	-7.3549876	1.3599066	-6.847417	-7.398083	1.3120226	-6.933608	-7.2783732	1.2785037	-6.895301	-7.4124484	1.3838485	-6.8905125	-7.264008	1.2641385	-6.8761473	-7.2831616	1.2641385	-6.9383965	-7.321469	1.4030021	-7.0102224	-7.335834	1.3503298	-6.9767036	-7.2352777	1.3503298	-7.07726	-7.1251445	1.3790601	-7.062895	-7.28795	1.3503298	-7.144298	-7.2065473	1.3934253
1650974885.4956226	1	-7.4746976	-7.2113357	0.9528923	-7.086837	-7.1826053	1.0630256	-6.895301	-7.627927	0.79487497	-6.8043213	-7.479486	0.8762778	-6.579266	-7.9152308	0.7757214	-6.6846113	-7.6949644	0.7230489	-6.679823	-7.469909	0.7086837	-6.813898	-7.728483	0.8619126	-6.751649	-7.680599	0.7182605	-5.9424086	-8.236053	0.89543146	-8.7053175	-8.916007	3.763685	-5.2768207	1.2976574	7.091625	-1.5514427	2.1787236	9.208099	-1.6328455	1.484405	8.236053	-1.6136919	-3.5769374	8.6813755	-3.371036	-4.4819455	7.809886
1650974896.9409788	1	-8.025364	-6.38773	1.5035586	-2.681506	-8.987833	-6.081272	1.7477672	-7.053318	-7.4268136	0.7182605	-8.049306	-8.365341	0.9672575	-7.2927384	-7.4268136	1.3311762	-10.055647	-3.98874	1.0247183	-9.830592	-4.050989	1.0390835	-9.399636	-4.3861775	1.0821792	-9.370906	-4.501099	1.1923125	-11.061212	-5.3725886	0.6751649	-8.1642275	5.291186	0.9720459	-9.552865	3.892972	-4.5872903	-8.580819	2.480393	-7.019799	-7.4363904	-2.5330653	-7.07726	-7.038953	-3.5003228	-7.0724716	-5.8945246	-3.6870706
1650974907.9518285	1	-6.7133417	-8.250419	-3.0214825	-5.511452	-7.5225816	3.3566709	-2.930503	-7.1490865	6.6606693	-2.5617957	-7.273585	7.0964136	-2.2840683	-6.8426285	6.742072	-2.6144683	-7.2352777	6.789956	-1.6424223	-7.8529816	5.7748146	-2.0590134	-7.1395097	6.8043213	-0.090979666	-5.7604494	5.291186	-0.7613561	-9.490616	7.16824	-1.1587936	-8.1642275	6.4882865	-4.2185836	-10.879252	4.285621	-0.32561144	-7.441179	5.57849	1.7621324	-7.2209125	2.858677	-3.4332852	-7.0820484	6.981492	-0.7613561	-9.41879	5.889736
1650974919.389089	1	-1.4508862	-8.159439	6.7468605	-1.5801731	-7.819463	6.861782	-2.5761611	-6.4547677	6.727707	-1.9153614	-8.303091	6.6415157	-3.2561142	-7.3406224	7.1107793	-2.2888567	-6.579266	5.6790466	-3.4476504	-7.0006456	6.7947445	-2.5953147	-7.28795	6.6750345	-6.157887	-6.789956	-2.5953147	-9.878476	-3.3854012	-1.412579	-8.925584	-0.11971009	-0.6464345	-10.477027	-1.7286136	0.24899697	-12.488156	-1.292869	-2.3750482	-10.175357	-3.9600096	-0.6464345	-9.346964	-3.0550013	0.05267244	-9.074024	-3.7253778	-0.37828386
1650974930.3857913	1	-9.409213	-3.5338416	0.16280572	-9.485827	-3.5051112	-0.15801731	-9.227253	-3.442862	-0.18674773	-9.227253	-3.3854012	-0.16759412	-9.222465	-3.2800562	0.023942016	-9.346964	-3.2704794	-0.16280572	-9.375694	-3.3566709	-0.12928689	-9.375694	-3.2225955	0.05746084	-9.533711	-3.2465374	0.521936	-10.290278	-2.743755	0.50757074	-8.48984	-1.8866309	2.1260512	-9.758766	-3.442862	0.4309563	-10.065224	-2.5139117	-0.05746084	-7.747637	-1.8531121	2.2649148	-9.888053	-3.0023289	-0.62249243	-10.376471	-4.1132383	-0.34476504
1650974941.4890034	1	-9.811439	-3.241749	-0.35434186	-9.476251	-2.7006595	-0.25378537	-9.241618	-3.2561142	-0.39743748	-8.66701	-3.8833952	-0.4213795	-9.323022	-3.371036	-0.6464345	-9.629479	-3.3279405	-0.81402856	-9.864111	-2.8874073	-0.12928689	-9.466674	-3.514688	-1.0342951	-9.332599	-3.3375173	-0.7374141	-9.461885	-3.0550013	-0.7469909	-9.452309	-3.2704794	-0.5363012	-9.533711	-3.1794999	-0.48362875	-9.552865	-3.083732	-0.770933	-9.184157	-3.323152	-0.8379706	-9.557653	-3.8402996	-0.81881696	-6.493075	-2.825158	5.171476
1650974952.817342	1	-8.130709	-5.142745	1.7764976	-9.112331	-5.602432	-0.48841715	-11.243171	-7.4603324	2.5570073	-9.193734	-3.1364043	0.8619126	-13.148955	-3.9504328	-2.327164	-9.964667	-0.320823	3.7110126	-9.595961	-3.2704794	0.91458505	-8.724471	-2.5953147	-0.5410896	-9.409213	-3.1364043	0.12449849	-9.725247	-3.0023289	0.05746084	-9.193734	-9.021352	-2.2026656	0.9816227	-9.308656	-1.2880806	4.333505	-9.294291	-3.2130187	4.3287168	-9.160215	-2.0973208	3.620033	-10.275913	-1.8674773	0.47884035	-10.414778	2.7964275
1650974964.3149116	1	-2.5905263	-11.563994	-2.7389667	-0.7565677	-10.127473	-0.11492168	1.484405	-10.184934	0.06703765	2.7724855	-9.80665	-0.6512229	0.6512229	-9.016563	1.3455414	0.6799533	-9.854534	-2.3702598	-0.94331545	-10.180145	-0.6943185	-0.8379706	-2.9017725	8.365341	0.023942016	-8.034941	4.9320555	1.5753847	-11.353305	-1.0007763	0.545878	-9.169792	1.3790601	-1.2114661	-9.988609	0.45010993	-1.5514427	-9.892841	0.7374141	-1.3455414	-10.491392	0.40701428	-3.1651347	-10.778696	1.0007763	-2.0207062	-10.936713	0.7134721
1650974975.2620294	1	-2.006341	-10.58716	1.2401965	-2.8921957	-9.495404	3.2369606	-1.5705963	-8.710106	-1.8770541	-0.7326257	-10.419566	-1.2306197	0.11492168	-9.993398	-2.9161377	-1.1683705	-9.471462	2.0398598	-0.320823	-11.789049	0.90979666	1.3024458	-4.7979803	-9.011775	3.940856	-5.6886234	-9.576807	-0.7374141	-9.773131	0.04309563	0.8379706	-6.349423	-9.126697	1.5131354	-9.854534	-2.078167	-1.661576	-7.9391727	0.49320555	5.0421886	-5.4922986	-6.8809357	-1.388637	-11.750742	-3.8163576	1.8243817	-3.3614593	-7.273585
1650974986.749442	1	-0.4357447	-7.177817	-4.060566	-1.9249382	-11.03727	-2.3511062	-3.6008794	-10.275913	1.3742718	-2.8107927	-9.797073	1.6903064	-2.0398598	-9.907207	0.8810662	-1.8052281	-10.271125	1.1204864	-2.1787236	-10.342952	0.48362875	-2.1883004	-10.13705	0.23463176	-2.0925324	-10.117896	0.19632454	-2.1212628	-10.16578	-0.33518824	-1.2401965	-10.031705	-2.8299465	-2.0398598	-10.084377	-1.2976574	-0.80924016	-9.437943	-5.90889	-1.6280571	-10.151415	-2.5953147	-1.9297266	-9.782708	-2.5570073	-1.7717092	-10.524911	-3.0933087
1650974997.6946113	1	-1.4891934	-7.2352777	-7.240066	-2.0350714	-8.226477	-6.7324953	-1.0151415	-7.422025	-10.079589	0.0047884034	-9.02614	-5.5880666	-0.19153613	-9.093178	-5.4444146	0.45489833	-8.7053175	-6.670246	-2.5809495	-10.151415	-0.6368576	-1.283292	-8.350976	-4.5920787	-2.1260512	-9.859323	-3.6152446	-2.0207062	-9.892841	-3.6966474	-2.0254946	-9.504981	-3.7780502	-1.6807296	-8.336611	-6.3446345	-2.5809495	-9.902418	-2.360683	-2.2984335	-9.730036	-2.7724855	-2.7629087	-9.825804	-3.3518825	-2.1691468	-6.3781533	-7.943961
1650975009.1890032	1	-0.5793968	-10.658986	-2.6862943	-2.815581	-9.945514	-2.8874073	-2.1404164	-10.836157	-2.8203697	-0.46926352	-10.093954	-2.3989902	1.8339585	-10.457873	-0.4213795	3.4476504	-10.395624	-1.661576	7.8769236	-6.081272	-0.6799533	10.491392	-3.1028855	-0.8858546	9.222465	-4.084508	1.4269443	5.7748146	-2.4037786	8.226477	6.0046577	-3.4572272	7.2687964	2.5474305	-2.4708161	4.572925	4.1946416	-5.741296	7.1873937	5.9280434	-7.1155677	4.8745947	7.019799	-4.4963107	5.645528	7.273585	-4.548983	5.559336
1650975020.140169	1	6.0381765	-2.825158	7.714118	5.5880666	-2.4420857	8.00621	4.223372	-1.0199299	8.781932	-0.18674773	-6.540959	8.403648	0.16759412	-0.5410896	9.198523	0.7517793	-3.1890767	8.623915	0.4261679	-7.465121	7.359776	-1.2497733	-7.067683	8.049306	-1.6232687	-7.833828	7.929596	-2.0207062	-5.4204726	5.995081	-5.0134583	-7.929596	2.920926	-3.9456444	-9.212888	2.6192567	-3.86903	-9.198523	2.4851813	1.7429788	-8.149862	4.7261543	4.654328	-6.1100025	-3.1986535	8.6574335	-4.1180267	-5.2624555
1650975031.6128435	1	-15.586253	-7.675811	-4.3478703	-8.178593	-5.2480903	-1.2449849	-10.783484	-4.8841715	-0.90021986	-8.408437	-6.5744777	0.61770403	-8.054094	-6.6750345	-0.02873042	-9.351752	-5.8466406	1.1731589	-7.575254	-4.1659107	-1.910573	-7.824251	-6.2967505	-1.4748282	-8.403648	-5.0182467	-1.283292	-8.78672	-4.525041	-1.4939818	-8.1163435	-7.8912888	-3.083732	-9.801862	-1.7908629	2.3654714	-8.896853	-5.8083334	-0.33518824	-9.241618	-6.9048777	1.1013328	-7.493851	-7.015011	-1.0534488	-7.541735	-8.413225	-0.7134721
1650975043.0730946	1	-9.849746	-4.357447	0.46926352	-9.548077	-4.4436383	0.9864111	-8.719683	-3.122039	0.8858546	-9.361329	-3.7588966	0.59376204	-9.346964	-3.9983168	0.58418524	-9.188946	-4.175488	0.92416185	-7.383718	-5.60722	1.0295067	-8.959103	-4.525041	0.7134721	-9.380483	-3.7780502	0.9672575	-9.23683	-4.060566	0.7038953	-9.3182335	-3.3423057	1.0726024	-8.169016	-6.670246	-1.1492168	-5.415684	-5.851429	-2.1643584	-9.160215	-3.4237084	0.47405192	-8.949526	-3.8977604	0.7134721	-8.073248	-4.9943047	-1.1204864
1650975054.0558164	1	-8.796297	-2.825158	3.8163576	-4.209007	-2.030283	8.576031	-9.069236	-3.1411927	2.8395233	-9.260772	-3.2992098	1.4030021	-9.126697	-3.107674	0.93852705	-9.346964	-3.8546648	1.067814	-9.41879	-3.289633	0.48841715	-5.674258	2.2601264	5.0134583	-5.497087	-4.309563	5.2959743	-9.452309	-3.4811692	0.90021986	-9.3421755	-3.2273839	0.20111294	-9.3182335	-3.5003228	0.4213795	-9.428367	-3.442862	0.23942018	-9.428367	-3.265691	0.14844051	-9.576807	-3.6583402	0.4165911	-9.131485	-3.3279405	0.4405331
1650975065.5675814	1	-12.909535	-2.3463178	0.24899697	-3.4524388	-0.78529817	8.307879	-2.791639	-1.0486604	7.493851	-9.643845	-3.7110126	1.1827357	-8.815451	-3.6343982	1.5035586	-10.907983	-3.289633	1.6950948	-3.3758245	1.0630256	7.608773	-9.907207	-2.9496565	2.7485435	-9.442732	-2.303222	0.6607997	-9.466674	-2.9831753	1.0199299	-9.390059	-2.432509	1.0055647	-9.303867	-2.705448	1.316811	-8.973468	-6.3925185	2.8634653	5.257667	-5.434838	4.2904096	7.6470804	-6.339846	3.7780502	1.340753	-4.4196963	4.1180267
1650975076.5342605	1	-7.7332716	-2.2122424	0.36870706	-9.725247	-3.7253778	-0.50757074	-8.992621	-1.1300632	2.4612393	-9.112331	-2.4468741	2.633622	-4.2042184	0.31603462	6.2009826	-1.8914193	0.9576807	6.9623384	-4.8698063	-1.460463	9.069236	-8.647857	-7.97748	3.2034419	-8.331821	-3.5913026	0.2633622	-9.457097	-3.9935284	-0.6703765	-8.599973	-1.5753847	2.2984335	-9.56723	-3.8786068	1.532289	-12.703634	-3.5098996	-1.7764976	-8.815451	-1.3359646	2.896984	-9.44752	-3.442862	2.858677	-10.0987425	-3.9743748	1.0007763
1650975087.9808862	1	-7.589619	-5.765238	-0.866701	-8.346188	-5.4779334	-3.5625722	-8.0924015	-5.267244	-2.7006595	-8.312668	-5.535394	-2.3463178	-7.9870567	-5.9041014	-2.3127987	-7.2352777	-7.2352777	-1.4221559	-7.9343843	-5.4061074	-2.9257145	-8.039729	-3.8259344	-1.9919758	-10.58716	-4.156334	-1.9632454	-8.303091	-4.6160207	-1.4413095	-11.027693	-5.770026	-1.2976574	-10.893618	-6.0477533	-2.3942018	-8.1163435	-5.291186	0.6799533	-9.763555	-2.2026656	-2.408567	-8.504205	-5.3486466	-0.7374141	-7.8529816	-2.8874073	-0.4405331
1650975098.952215	1	-8.6095495	-1.958457	-0.2825158	-13.953407	-7.273585	-0.7469909	-10.754754	-3.289633	-0.320823	-13.76666	-5.353435	-2.1787236	-9.844957	-3.9983168	-0.08140286	-12.808979	-1.7286136	-1.9249382	-7.675811	-4.2999864	-1.5514427	-10.237606	-2.1547816	-1.5945383	-8.537724	-5.1762643	-1.460463	-7.101202	-1.5945383	-0.8523358	-12.440272	-4.927267	-3.1124623	-11.975797	-3.0550013	-1.6472107	-10.936713	-5.473145	-1.8483237	-9.749189	-5.770026	-1.8531121	-5.659893	-5.5162406	-5.9807158	-5.4061074	-2.1691468	-0.4405331
1650975110.604864	1	-8.331821	-3.7110126	0.79008657	-10.290278	-2.6288335	-0.062249243	-9.481039	-5.851429	1.8148049	-10.577583	-2.504335	-0.9624691	-10.874464	-5.66947	-0.17238252	-16.103401	-7.2544312	4.4340615	-11.947066	-3.6391866	-4.8602295	-12.105083	-0.8331822	-0.29209262	-13.330915	-1.934515	0.023942016	-10.951078	0.1436521	-0.9816227	-13.781025	-1.9057846	-1.1923125	-6.622362	-4.7261543	2.3989902	-7.651869	-8.0445175	-4.951209	-6.4547677	-2.815581	-0.29209262	-8.049306	-2.5617957	0.82360536	-11.180922	-4.9799395	1.283292
1650975121.4203596	1	-10.022128	-7.3310456	1.2880806	-7.920019	-0.17238252	1.0342951	-10.34774	-8.173804	-1.5562311	-14.652514	-1.9919758	0.79008657	-19.000385	-2.6479871	-3.0214825	-18.440142	-2.1260512	-2.3511062	-16.103401	-1.3215994	-1.9440918	-10.888829	-4.8937483	-0.35434186	-11.927913	-3.3183637	-0.6655881	-10.13705	-3.5242648	1.6950948	-9.074024	-3.1794999	1.9919758	-7.7189064	-1.2641385	0.6895301	-8.049306	-4.841076	4.0701427	-8.6095495	-3.0885203	1.0965444	-8.8777	-4.8362875	2.6767175	-7.680599	-1.7717092	1.4460979
1650975132.8824425	1	-5.521029	-0.79487497	1.436521	-10.936713	-4.5633483	1.1444284	-12.20564	-2.030283	-1.2306197	-11.894394	-4.381389	1.9488802	-11.405977	-2.3080103	1.9919758	-13.982138	-3.7253778	-0.6751649	-10.759542	-2.2697031	-0.37828386	-12.239159	-2.1978772	-1.4891934	-11.870452	-6.727707	-2.6288335	-7.3406224	-1.8914193	-1.6280571	-8.331821	-6.751649	0.91937345	-7.297527	-1.5370775	0.11971009	-12.162544	-6.0716953	0.35434186	-8.686164	-2.7102363	2.3942018	-10.860099	-3.4859576	-0.29209262	-9.045294	-2.303222	3.8786068
1650975143.7773547	1	-10.529699	-1.8531121	-0.6991069	-8.978256	-2.2361844	1.0007763	-10.898406	-2.9161377	-1.316811	-7.1251445	-3.0214825	1.7238252	-8.307879	-7.6135616	0.19632454	-5.1762643	-5.6886234	5.291186	0.48841715	-8.451532	7.8529816	-0.095768064	-4.2425256	7.714118	3.7253778	-9.02614	2.6910827	7.1490865	-5.3342814	2.743755	3.9456444	-7.465121	4.223372	7.991845	-3.9791632	5.4779334	2.3223755	-11.674128	4.5298295	2.1691468	-8.700529	2.825158	5.267244	-14.082694	-2.5187001	2.8107927	-9.222465	-1.3024458
1650975155.2988515	1	-3.0310593	-9.131485	-2.0207062	-1.7812861	-8.767567	1.6807296	-1.3599066	-11.075577	-0.5363012	-0.2633622	-10.749966	0.7565677	-6.1100025	-7.9104424	0.770933	-5.9807158	-6.6367273	2.054225	-5.9184666	-6.1387334	5.8466406	-6.0381765	-6.6271505	5.410896	-6.05733	-4.3287168	6.167464	-5.1762643	-4.1946416	5.616797	-5.023035	-5.9807158	5.827487	-5.425261	-6.363788	5.449203	-5.3821654	-6.6415157	4.960786	-5.9280434	-7.1586633	4.3382936	-4.4196963	-7.1730285	3.6870706	-6.0238113	-7.6231384	4.879383
1650975166.2733617	1	-5.195418	-6.6367273	4.9464207	-6.0764837	-5.535394	5.659893	-5.6982	-5.841852	5.2049947	-7.2113357	-6.612785	4.5537715	-5.9902925	-6.5984197	4.7165775	-6.1004257	-6.6271505	4.381389	-6.1387334	-6.670246	4.31914	-6.2105594	-6.3781533	4.209007	-5.6120086	-5.291186	3.9025488	-7.350199	-5.5641246	4.3766007	-6.8330517	-5.449203	4.31914	-4.7309427	-5.4204726	5.889736	-6.2345014	-6.042965	4.1180267	-7.3406224	-6.5265937	3.5865142	-6.8426285	-6.1387334	3.7588966	-6.05733	-5.793968	3.145981
1650975177.753117	1	-2.4468741	-9.749189	2.5378537	-2.078167	-10.151415	3.4141316	-1.5131354	-10.208876	2.2984335	-1.8052281	-10.01734	2.3798366	-1.8148049	-10.180145	2.5234885	-2.360683	-9.44752	2.695871	-2.528277	-9.691729	2.5330653	-2.6623523	-9.519346	2.231396	-3.2082303	-9.543288	2.15957	-3.53863	-9.078813	1.7286136	0.61770403	-9.471462	0.6943185	-6.1626754	-5.961562	0.91458505	-5.674258	-7.690176	1.4652514	-5.0182467	-8.532935	1.13964	-7.015011	-7.881712	1.9009962	-5.449203	-11.549629	-0.9672575
1650975189.217337	1	-3.2130187	-10.295067	0.92416185	0.39264908	-10.429143	1.6567876	1.3024458	-9.624691	1.6184803	-0.06703765	-12.310986	1.292869	1.2976574	-10.486604	0.78050977	-0.4405331	-10.218452	-3.7780502	2.695871	-8.561666	4.793192	2.6623523	-10.400413	1.1731589	2.8203697	-7.599196	-4.232949	2.1643584	-8.829816	-1.4556746	-0.8714894	-8.896853	5.377377	-2.954445	-0.34476504	8.724471	-3.667917	2.2026656	8.623915	-4.0414124	0.48841715	8.738836	-2.27928	-23.434446	4.6591167	-1.3838485	-7.7907324	8.111555
1650975200.184004	1	3.1651347	-9.758766	0.2825158	3.8307228	-10.012551	-1.2114661	0.019153614	-9.160215	4.5872903	-1.7190368	-8.145074	0.93852705	-0.5793968	-10.089166	0.24899697	-3.6487634	-10.0987425	1.6136919	0.50278234	-8.030152	7.589619	-0.25378537	-8.829816	6.3589997	-0.40701428	-8.279149	2.834735	2.8060043	-9.356541	3.0071173	3.787627	-8.628703	4.4819455	3.4045548	-5.377377	2.858677	-6.95755	-7.225701	4.453215	-1.4413095	-10.898406	1.6472107	0.5554548	-9.591172	1.5275006	-0.11492168	-10.328587	1.6903064
1650975211.1954138	1	2.834735	-7.144298	5.104438	6.612785	-2.2888567	7.2544312	6.7372837	2.9400797	5.7987566	6.799533	4.1802764	4.9943047	6.5218053	2.5091233	5.995081	6.5026517	-5.8705826	3.8642416	5.7508726	-8.796297	0.45489833	4.8985367	-9.485827	-1.0630256	4.4340615	-9.035717	-0.4165911	5.0757074	-8.810662	-0.842759	4.7884035	-9.165004	-0.8331822	4.5154643	-10.204087	-2.542642	3.4859576	-10.539276	-1.5801731	0.49320555	-10.654198	-1.8291701	2.7006595	-9.548077	-1.532289	2.2888567	-10.232818	-1.3215994
1650975222.6407294	1	2.9735985	-9.639056	-0.29209262	3.691859	-9.14585	1.8387469	5.329493	-6.0525417	3.964798	7.311892	-2.1787236	6.517017	7.7428484	1.982399	6.1770406	9.006987	-3.0789435	6.646304	3.5529952	-8.307879	0.8331822	3.6870706	-12.133814	-1.5610195	1.9249382	-12.445061	-1.7764976	1.9680338	-10.0029745	-0.6799533	2.0398598	-10.936713	-1.9009962	2.5474305	-10.304645	-2.7629087	2.6479871	-10.91756	-3.0023289	2.5617957	-8.652645	1.6232687	3.7588966	-7.52737	4.8602295	7.3166804	-4.4101195	5.7843914
1650975233.6208105	1	2.030283	-9.524135	-2.882619	1.6184803	-13.034034	-1.1587936	4.8506527	-7.4028716	3.514688	6.339846	-5.080496	5.2959743	4.687847	-9.988609	1.115698	3.4763808	-6.9527617	4.0653543	4.620809	-6.7229185	5.080496	5.4779334	-6.2728086	5.473145	5.1140146	-5.463568	6.8186865	3.7493198	-6.4020953	4.582502	2.6862943	-7.9966335	3.8881836	3.667917	-9.351752	1.8722657	3.5913026	-9.346964	2.4420857	2.0973208	-9.998186	-1.6328455	4.0462008	-9.299079	-3.940856	2.954445	-10.070012	-1.9153614
1650975244.8316493	1	3.289633	-9.974244	-2.3319526	3.0454245	-9.600749	-1.5945383	2.8203697	-10.031705	-1.982399	3.3087866	-9.572019	-1.2641385	2.705448	-10.127473	-1.9249382	3.9217024	-10.443508	-2.4372973	3.371036	-8.925584	1.460463	3.5817258	-9.835381	1.3455414	3.4380736	-9.797073	1.2641385	3.2609026	-9.725247	1.340753	3.4284968	-9.543288	1.163582	3.892972	-9.911995	0.8283938	3.643975	-9.864111	0.22984336	2.8443117	-10.529699	0.6799533	3.6535518	-9.107543	1.3072342	3.8019924	-8.719683	2.4181437
1650975256.0801768	1	2.4612393	1.1348516	9.212888	2.1308396	1.2162545	9.313444	2.8299465	-0.22026655	9.883265	1.6519991	1.0007763	9.188946	0.48362875	-7.97748	5.947197	0.8283938	-7.920019	5.9280434	1.8866309	-7.053318	8.0924015	-0.30166942	2.1452048	10.141838	3.040636	3.0310593	9.356541	4.012682	4.8027687	5.133168	-1.4700398	-1.460463	12.105083	-0.4309563	0.9576807	8.528147	-0.40222588	-0.6895301	10.089166	-1.0390835	-0.47884035	9.902418	-1.8387469	-1.1683705	8.628703	-1.733402	-3.5003228	10.409989
1650975267.537548	1	1.292869	-7.302315	8.987833	2.6862943	-4.960786	8.599973	2.9352913	-6.943185	7.264008	0.320823	-3.8259344	9.188946	0.46926352	2.2218192	9.121908	0.35913026	1.910573	9.078813	0.36391866	-0.6991069	10.443508	0.2873042	-3.9935284	9.093178	0.2777274	-6.789956	7.627927	1.757344	-7.225701	5.391742	1.6328455	-8.078036	5.0038815	-0.24420857	-11.281479	1.8339585	3.2321723	-8.916007	2.552219	7.1490865	-4.1802764	6.0621185	7.4746976	1.0151415	5.8322754	7.0820484	3.289633	5.1235914
1650975278.483884	1	5.2480903	-6.114791	2.834735	3.3614593	-9.907207	1.2354081	2.542642	-9.141062	2.087744	4.098873	-9.557653	1.6136919	3.5673606	-9.5385	2.2409728	2.6144683	-9.5385	4.817134	1.1061212	-1.6184803	8.643068	1.3359646	1.3072342	8.949526	4.9320555	-2.60968	11.353305	3.083732	1.6424223	8.925584	3.98874	1.5466543	8.384495	4.759673	0.79487497	8.48984	4.7979803	0.5506664	8.614338	4.486734	0.45489833	8.963891	4.343082	0.30166942	8.772355	4.673482	-0.6368576	8.839393
1650975289.9946897	1	2.9161377	-0.2633622	9.107543	-0.770933	-3.1842883	10.204087	-1.7286136	-2.1643584	8.983045	0.062249243	-2.9496565	11.166556	-1.8818425	-3.1124623	11.674128	-1.1492168	-0.79008657	10.04607	-1.115698	-8.619126	7.800309	0.7517793	-9.792285	2.7868507	0.08140286	-9.481039	4.3622355	0.17717093	-8.825027	3.964798	0.6703765	-9.394848	4.390966	1.6041151	-7.9391727	7.589619	4.280833	-3.7684734	8.159439	4.9081135	-4.146757	8.135497	4.232949	-0.94331545	6.631939	4.223372	-6.50744	4.175488
1650975301.4771469	1	5.463568	-7.5321584	0.23463176	3.6631286	-6.655881	5.363012	2.6623523	-7.1873937	5.4204726	4.1132383	-9.849746	6.2871737	5.2241483	-3.5194764	5.7987566	4.5633483	-9.816227	5.046977	2.078167	-11.310209	2.6192567	2.6623523	-10.208876	1.2306197	0.9720459	-10.5919485	0.02873042	-0.1340753	-11.056423	2.4660277	-0.15801731	-12.425907	3.4572272	1.6232687	-11.956643	3.620033	4.9943047	-5.5880666	6.7085533	6.0046577	-3.1747115	7.2113357	6.540959	-3.2944214	6.8905125	6.9479733	-2.5187001	6.742072
1650975312.4355636	1	6.1866174	-7.1107793	7.6853876	3.0214825	-7.9966335	5.1810527	2.1212628	-7.991845	5.995081	2.681506	-9.021352	7.07726	1.6998832	-11.362882	5.8466406	2.030283	-9.284714	5.2385135	5.195418	-7.2448545	4.4436383	6.229713	-1.8818425	7.1347213	6.4499793	-2.954445	7.062895	5.386954	-2.72939	8.058883	5.386954	-3.3183637	7.053318	7.067683	-3.4811692	6.220136	6.363788	-4.060566	6.6367273	6.3829417	-3.9935284	6.4164605	6.4882865	-2.6288335	6.9527617	6.493075	-2.930503	6.9719152
1650975323.871631	1	5.391742	-3.323152	7.8769236	5.616797	2.695871	6.5984197	4.855441	5.717354	4.9081135	4.7500963	5.57849	5.023035	6.2009826	-3.5529952	5.568913	2.8443117	-9.533711	4.6830587	2.4468741	-9.188946	4.525041	2.4660277	-9.998186	3.9600096	2.4468741	-9.121908	4.721366	5.827487	-7.2113357	2.0590134	4.185065	-9.045294	2.0638018	5.243302	-8.365341	2.767697	5.1666875	-8.441956	2.633622	4.050989	-8.532935	4.7165775	3.1364043	-8.494628	4.9943047	2.992752	-7.704541	4.596867
1650975334.8461828	1	3.5338416	-8.820239	4.2664676	3.7972038	-8.987833	3.940856	3.5194764	-8.259995	4.4580035	5.0613422	-8.465898	3.0119057	4.76925	-8.394072	3.9025488	3.8067808	-9.23683	2.2984335	2.2266076	-9.141062	3.8067808	2.183512	-10.405201	4.146757	2.1404164	-4.0318356	9.188946	-0.14844051	4.630386	7.819463	0.8714894	5.0613422	7.8146744	1.6280571	4.6830587	8.145074	0.58418524	5.0517654	7.8529816	0.7326257	4.793192	8.001422	0.7469909	4.817134	7.752425	0.7517793	3.9791632	8.350976
1650975346.3581798	1	0.095768064	3.9264908	8.384495	-0.009576807	3.7684734	8.394072	0.05746084	3.572149	8.537724	-0.30166942	4.1946416	7.97748	-0.11971009	4.4675803	8.269572	-0.44532153	4.462792	8.269572	-0.47405192	4.247314	8.145074	-0.1340753	4.1706996	8.039729	-2.1499932	4.333505	10.208876	1.1875241	-6.5218053	8.09719	1.2066777	-7.0245876	7.5225816	1.340753	-7.0581064	7.469909	1.3599066	-7.0245876	7.0245876	1.2641385	-7.762002	6.5984197	2.1212628	-7.1395097	7.1251445	2.0159178	-7.2209125	6.8761473
1650975357.319322	1	1.9728222	-7.8865004	6.315904	1.6376339	-7.359776	6.8665705	1.4460979	-6.1530986	8.355764	1.0103531	2.4133554	9.188946	0.59855044	3.41892	8.499416	0.1340753	3.074155	9.14585	0.47405192	2.4995465	8.978256	-0.5650316	2.9400797	8.963891	-0.49320555	2.7485435	9.749189	0.5363012	2.681506	9.102755	0.82360536	2.7581203	9.088389	0.35913026	2.6862943	9.02614	0.866701	2.566584	9.093178	0.3878607	2.719813	9.208099	0.7230489	2.0398598	9.557653	-0.40222588	2.6431987	8.911219
1650975368.784087	1	-2.1643584	2.4229321	8.647857	-2.7629087	2.5234885	8.576031	-1.7812861	2.6192567	8.920795	-1.8195933	1.5562311	8.073248	-4.2042184	-5.9041014	7.9391727	-8.7292595	-6.301539	0.05267244	-8.09719	-6.090849	-1.8818425	-8.2169	-7.0724716	-1.3359646	-9.270349	-6.0525417	-0.22026655	-7.2927384	-6.9144545	-1.6184803	-5.9807158	-7.2209125	-0.94810385	-4.6112323	-7.129933	5.3438582	-5.104438	-6.1866174	3.8019924	-6.9144545	-6.909666	1.6998832	-7.0102224	-5.094861	-8.121132	-8.1402855	-5.171476	-2.5905263
1650975379.7628202	1	-8.848969	-4.0892963	-2.5761611	-7.3071036	-4.209007	-0.46926352	-10.01734	-4.807557	-1.8579005	-1.5801731	-10.132261	3.193865	3.7780502	-9.380483	3.6056678	2.9831753	-10.6158905	-2.5330653	2.384625	-9.701305	-3.7349546	1.8770541	-9.730036	-3.7924154	2.0494366	-9.730036	-3.6343982	2.3989902	-9.552865	-3.5577838	2.6192567	-9.715671	-4.036624	2.5761611	-9.356541	-4.0557775	2.695871	-9.988609	-3.7780502	2.6384103	-8.446744	-5.8322754	2.8203697	-8.63828	-5.3103395	2.2505496	-8.614338	-3.0550013
1650975391.2013433	1	2.1260512	-9.907207	0.7278373	0.5746084	-9.337387	0.17238252	-6.646304	-8.719683	-1.4030021	-6.885724	-6.8809357	-2.207454	-7.833828	-6.517017	-2.6431987	-6.4978633	-6.694188	-4.1659107	-7.225701	-6.4020953	-3.098097	-7.776367	-6.9048777	-2.6431987	-7.7907324	-5.4300494	-4.0462008	-7.1251445	-6.9479733	-3.3135753	-7.503428	-7.120356	-1.1109096	-9.255983	-7.7572136	-0.770933	-6.1387334	-8.1163435	3.2034419	1.283292	1.364695	8.99741	0.9576807	3.2321723	8.815451	-0.49320555	3.8594532	6.8665705
1650975402.2076385	1	0.15322891	-7.651869	7.07726	1.292869	-8.930372	4.663905	0.34955344	-10.156203	3.2609026	1.4269443	-9.495404	3.265691	1.7381904	-9.935937	3.0597897	1.2785037	-10.34774	2.858677	3.217807	-9.11712	3.7732618	6.205771	-5.6407394	5.109226	6.3350577	-6.2488666	5.257667	6.349423	-6.411672	4.7740383	5.841852	-7.043741	4.6926355	6.196194	-6.9479733	4.1802764	5.827487	-7.4986396	3.7924154	5.497087	-7.967903	3.86903	6.105214	-5.9998693	4.7261543	6.133945	-6.291962	4.7165775
1650975413.6827052	1	4.7979803	-8.240842	3.4380736	3.8833952	-8.51857	3.1555579	5.118803	-9.528923	2.552219	5.8705826	-4.31914	5.2720323	5.4539914	-5.0900726	4.960786	4.8123455	-8.556877	3.2130187	4.0701427	-8.51857	3.7588966	4.745308	-6.1626754	5.171476	3.4763808	-4.7884035	7.785944	6.220136	0.08619126	7.6135616	5.046977	1.8195933	7.2209125	4.7070007	5.2863975	5.755661	4.3526587	5.8562174	5.554548	4.999093	2.111686	7.9391727	1.8722657	-8.844181	3.86903	2.72939	-11.224017	3.074155
1650975424.643821	1	1.4748282	-9.390059	3.0933087	1.3742718	-10.548853	1.0390835	0.6751649	-10.400413	-0.15322891	0.6895301	-9.888053	-0.6943185	-0.866701	-10.941502	1.3790601	-2.8874073	-10.94629	3.5003228	-8.413225	-6.0381765	0.93852705	-10.70687	-6.6893997	3.0454245	-7.9966335	-2.4660277	1.7046716	-9.370906	-5.0278234	1.2880806	-3.7493198	-9.241618	1.283292	1.5275006	-11.506534	-0.019153614	0.90021986	-10.084377	0.61291564	0.22505496	-10.606314	-0.02873042	-0.20111294	-10.295067	1.9536686	1.6903064	-11.9374895	0.91937345
1650975436.13334	1	0.32561144	-12.349293	-0.30645782	-0.24420857	-10.658986	0.110133275	1.0773908	-12.287044	-0.7086837	-2.954445	-11.420342	0.47405192	0.90500826	-12.435484	-0.41180268	-0.10055647	-11.104307	0.8762778	0.11971009	-13.450625	-0.1388637	-0.45010993	-11.60709	-0.272939	-0.7374141	-11.45865	-0.41180268	-3.0310593	-10.864887	-0.35434186	-2.030283	-13.13459	0.16759412	-2.3942018	-11.286267	-0.8810662	-0.90979666	-10.888829	-0.51235914	0.40701428	-7.666234	0.35913026	-0.009576807	-8.925584	0.89064306	1.1300632	-8.604761	1.5035586
1650975447.08999	1	-1.067814	-9.524135	0.7661445	-1.1444284	-11.894394	-1.043872	-0.8571242	-11.559206	0.6607997	0.4213795	-10.764331	0.5506664	-0.08619126	-12.224793	0.60812724	0.46926352	-10.237606	0.6943185	-0.15322891	-10.366894	0.6799533	0.770933	-9.864111	0.7086837	0.56982	-10.275913	-0.24420857	0.49799395	-10.386047	0.15322891	-0.24420857	-10.491392	0.45489833	-1.13964	-10.323798	1.4030021	0.01436521	-8.767567	-0.05267244	-1.1492168	-9.557653	0.91458505	-0.6895301	-11.745954	-0.61770403	0.78529817	-9.361329	0.30645782
1650975458.5169733	1	-5.434838	-9.179369	1.8818425	-8.686164	-6.215348	0.7230489	-4.999093	-9.902418	1.6472107	-2.4468741	-7.9343843	6.019023	0.81402856	-7.359776	7.201759	2.0207062	-0.16280572	9.26556	0.58897364	2.6144683	9.011775	0.39743748	2.2888567	9.255983	-0.10534488	2.9640217	8.772355	-0.25857377	2.719813	9.088389	0.05267244	2.3942018	9.3182335	0.038307227	2.456451	9.289502	-0.02873042	2.3989902	9.294291	-0.32561144	2.2744915	9.356541	-0.1340753	2.1260512	9.332599	-0.19153613	2.231396	9.5385
1650975469.6382318	1	-0.37828386	2.0590134	9.284714	-0.05746084	1.9393034	9.260772	-0.047884032	1.9153614	9.208099	-0.45489833	2.3750482	9.054871	-0.11971009	2.4037786	9.346964	0.08140286	2.3175871	9.059659	-2.8299465	-3.7445314	10.783484	-3.8594532	-2.3463178	9.121908	-3.8498764	-2.054225	8.063671	0.16759412	-0.5267244	10.055647	-1.3024458	-2.1452048	9.969456	-0.45968673	-2.9592333	9.672575	-0.770933	-3.4045548	9.524135	-0.50757074	-4.7165775	9.308656	-0.7038953	-4.7548847	8.868123	-0.45968673	-4.6112323	8.925584
1650975481.022285	1	-0.25378537	-4.2999864	9.021352	-0.11492168	-4.3861775	9.030929	-0.1436521	-4.3957543	9.150639	-0.16759412	-4.4675803	9.045294	-0.22505496	-4.132392	8.954314	0.50278234	-3.596091	9.940725	2.15957	-2.5378537	8.920795	2.0973208	-2.6527755	9.26556	2.1643584	-2.791639	9.500193	2.0590134	-2.8778305	9.385271	2.0925324	-2.9496565	9.203311	1.3072342	-2.9831753	9.260772	1.7525556	-2.6384103	9.074024	1.388637	-3.016694	9.332599	1.6280571	-3.1507695	9.212888	1.3311762	-3.193865	9.394848
1650975491.993049	1	1.2210429	-3.5529952	9.270349	0.9672575	-3.217807	9.093178	1.0773908	-3.5482068	9.385271	1.091756	-3.7684734	9.155427	0.8810662	-3.667917	9.064447	0.7182605	-3.6391866	9.3661175	0.79008657	-3.6104562	8.781932	-2.3319526	-4.6160207	9.050082	-3.466804	-4.3382936	8.106767	-4.2425256	-4.6495395	7.867347	-4.0222588	-4.7070007	7.9248075	-3.9456444	-4.5202527	7.8050976	-4.0797195	-4.2042184	7.953538	-4.003105	-4.175488	7.8769236	-3.9121256	-4.3622355	8.159439	-4.1419687	-4.2760444	8.1163435
1650975503.4376895	1	-3.9695864	-4.050989	8.192958	-3.9983168	-4.19943	8.312668	-4.003105	-4.189853	8.288726	-4.4101195	-3.3375173	8.6334915	-3.5913026	-2.5139117	8.451532	-2.7629087	-3.9552212	8.418014	-2.2936451	-5.1571107	8.825027	-2.3942018	-4.7261543	8.959103	-2.1404164	-4.793192	8.422802	-1.8435353	-5.0661306	8.317456	-2.7964275	-4.43885	8.451532	-3.691859	-4.333505	8.418014	-2.360683	-5.1235914	8.350976	-3.8067808	-4.0797195	8.2169	-3.193865	-3.9552212	8.848969	-2.8682537	-3.9839516	8.6095495
1650975514.4251726	1	-4.098873	-1.4077905	8.09719	-4.6399627	-1.9393034	7.833828	-4.6255975	-2.0973208	8.671799	-2.9831753	-1.7429788	8.853758	-2.8491	-1.8387469	9.394848	-2.8921957	-2.054225	9.241618	-2.882619	-1.6089035	9.093178	-2.8443117	-1.9249382	9.208099	-2.930503	-1.7525556	9.136273	-3.0358477	-1.9728222	9.303867	-2.920926	-1.6232687	9.203311	-2.8299465	-1.8674773	9.198523	-6.8665705	-3.5865142	6.6367273	-8.513782	-5.2959743	-1.0103531	-8.532935	-5.3103395	-1.0342951	-8.336611	-5.133168	-2.5617957
1650975525.8690226	1	-4.7884035	-8.671799	-0.9720459	1.9776106	-7.675811	4.55856	2.6719291	-7.73806	6.2488666	2.6001031	-7.067683	6.823475	2.719813	-6.9288197	6.895301	1.9440918	-12.282255	-1.3024458	0.4165911	-9.150639	-5.1235914	-1.8531121	-9.519346	-4.3766007	-2.777274	-9.131485	-4.3287168	0.51714754	-8.872911	-6.081272	-2.1691468	-9.394848	-6.26802	0.15322891	-7.5225816	-5.875371	1.1109096	-7.1059904	-5.3725886	0.047884032	-7.0102224	-6.4308257	1.9728222	-7.8865004	-5.482722	-0.4165911	-9.289502	-6.8761473
1650975536.8612654	1	-10.46745	-4.865018	-1.541866	-12.813767	-6.1770406	-0.08619126	-8.743625	-5.023035	0.93373865	-9.643845	-4.3718123	-0.63206923	-8.101978	-6.2249246	-0.10055647	-8.643068	-4.0892963	0.05267244	-9.730036	-6.325481	0.90979666	-10.070012	-4.1036615	0.6799533	-10.783484	-5.827487	1.6472107	-7.359776	-4.31914	0.5363012	-7.809886	-4.6926355	1.2018893	-8.00621	-5.5880666	1.0773908	-9.332599	-3.4859576	-0.22984336	-9.394848	-6.655881	-0.009576807	-7.005434	-5.0182467	0.9672575	-9.3421755	-5.45878	0.29688102
1650975548.3486814	1	-8.537724	-3.3901896	-0.58897364	-7.599196	-5.707777	1.6280571	-9.5385	-2.60968	0.12449849	-12.430696	-7.3310456	0.8331822	-9.246407	-3.8115692	0.47405192	-11.161768	-6.1100025	-0.4357447	-7.1730285	-3.7253778	1.0055647	-8.212111	-3.8163576	0.48362875	-8.451532	-6.4164605	1.4939818	-8.576031	-3.4572272	-0.320823	-11.056423	-6.612785	1.2449849	-9.624691	-3.145981	-0.7134721	-11.353305	-7.6375036	0.7661445	-7.73806	-3.8977604	0.60812724	-9.198523	-4.414908	-0.16280572	-8.317456	-4.209007	2.4756045
1650975559.3280082	1	-8.485051	-5.391742	2.27928	-9.476251	-3.7732618	0.5363012	-10.146626	-5.770026	0.21547815	-11.166556	-5.3582234	0.91458505	-7.7572136	-5.0421886	2.542642	-9.844957	-3.6870706	-0.18674773	-9.595961	-4.027047	0.31124622	-9.706094	-3.5817258	-1.0247183	-9.461885	-3.466804	-1.1348516	-9.232041	-3.7253778	-1.2545617	-9.3182335	-3.5242648	-1.2066777	-9.251195	-3.6727054	-1.043872	-9.11712	-3.8019924	-0.9672575	-9.303867	-3.739743	-0.90500826	-9.203311	-3.6008794	-1.0390835	-9.284714	-3.845088	-1.0821792
1650975570.7873886	1	-9.088389	-3.7780502	-1.091756	-9.255983	-3.7493198	-1.1683705	-9.064447	-3.916914	-1.1252748	-9.121908	-3.715801	-1.1971009	-9.323022	-3.5003228	-1.0821792	-9.227253	-3.572149	-1.0534488	-9.399636	-3.9600096	-0.9576807	-9.32781	-5.00867	0.31603462	-1.1492168	-8.853758	-2.6431987	0.5506664	-9.730036	-4.1371803	1.2449849	-5.899313	7.4028716	0.1340753	-0.8714894	9.179369	-0.7182605	-10.486604	-0.062249243	-0.8619126	-9.624691	-4.285621	-1.340753	-9.409213	-4.0701427	-2.552219	-9.921572	-4.1132383
1650975694.4461868	1	1.7477672	-9.9790325	-4.9224787	1.8818425	-8.882488	-5.305551	1.7764976	-9.251195	-5.2385135	1.6232687	-9.030929	-5.2241483	1.661576	-9.203311	-5.57849	1.7717092	-8.456321	-5.3486466	1.8626889	-8.734048	-5.583278	1.7238252	-8.75799	-5.568913	1.8435353	-8.647857	-5.5880666	1.7621324	-8.6095495	-5.463568	1.70946	-8.734048	-5.971139	1.5753847	-8.619126	-5.60722	1.8195933	-8.523358	-5.6886234	1.3311762	-7.9583263	-6.1530986	-0.06703765	-8.135497	-6.6893997	-2.4133554	-8.346188	-6.646304
1650975705.4258494	1	-0.047884032	-8.173804	-6.3685765	1.1540052	-7.991845	-6.5696893	-1.9393034	-8.566454	2.3223755	-1.115698	3.0119057	10.1226845	-0.5793968	2.1930888	9.208099	-0.25378537	2.336741	9.504981	0.10055647	2.4229321	9.136273	-0.05746084	2.0925324	9.313444	0.023942016	1.6663644	9.524135	0.11492168	1.5131354	9.524135	-0.08140286	1.5610195	9.514558	0.05746084	1.6424223	9.399636	-0.038307227	1.484405	9.543288	0.15801731	1.6376339	9.466674	0.31124622	1.4317327	9.433155	0.25378537	1.3742718	9.504981
1650975716.8939712	1	0.33518824	0.9768343	9.715671	0.48841715	0.5746084	9.725247	-0.04309563	-0.038307227	9.576807	-1.8435353	-10.314221	6.4787097	0.2873042	-8.719683	-7.2065473	-2.0207062	-8.90643	-6.1387334	-2.1883004	-9.552865	-4.9224787	0.6703765	-8.336611	-5.109226	1.5179238	-9.208099	-5.889736	0.81402856	-8.901642	-4.6830587	-0.10534488	-10.477027	-0.8571242	1.1923125	-9.466674	5.9759274	0.08140286	-8.987833	4.9655743	-2.231396	-8.312668	3.4093432	-7.565677	-7.335834	-1.7908629	-5.861006	-4.831499	-2.633622
1650975727.901985	1	-6.114791	-8.992621	-1.6280571	-4.697424	-9.380483	1.0007763	-4.367024	-4.9320555	6.0621185	-6.421249	-4.525041	6.2632318	-3.7110126	-6.1195793	6.655881	0.49320555	-8.513782	5.6886234	4.951209	-6.3063273	4.5633483	8.346188	-0.93852705	5.544971	7.675811	3.41892	3.8259344	7.824251	4.19943	3.2130187	7.699753	2.6384103	4.237737	4.9081135	-10.156203	2.7820623	1.9488802	-10.199299	1.163582	1.8674773	-10.19451	1.1061212	2.2601264	-10.275913	1.4700398	2.3127987	-9.667787	2.360683
1650975739.366243	1	2.8682537	-9.945514	1.3311762	2.873042	-10.25676	1.2785037	2.906561	-9.179369	1.460463	2.7868507	-10.251971	1.4269443	2.7341783	-9.471462	1.5705963	2.60968	-10.668563	1.4891934	2.777274	-10.70687	1.9393034	2.5953147	-9.701305	2.2984335	3.1316159	-9.624691	1.8674773	3.2130187	-9.615114	2.0159178	2.9592333	-9.552865	2.2409728	3.4380736	-10.04607	0.2633622	3.1986535	-9.653421	0.019153614	3.514688	-9.864111	0.32561144	3.9456444	-8.389283	0.9959879	5.947197	-7.1059904	3.1747115
1650975750.3450818	1	7.776367	-5.793968	4.4196963	8.6334915	-5.104438	4.817134	7.5082164	-0.5506664	6.2584434	7.3789296	3.1603463	5.142745	7.369353	3.5529952	4.4580035	7.4507556	2.0207062	5.2289367	4.247314	-11.401189	2.6144683	-0.866701	-8.781932	6.114791	-4.5202527	-4.3766007	5.7029886	-11.056423	-4.8123455	1.8339585	-8.90643	-3.4332852	0.19153613	-9.337387	-3.940856	0.40701428	-9.184157	-3.4045548	0.4213795	-9.629479	-3.4620156	0.7422025	-9.706094	-3.8067808	0.46447513	-9.519346	-3.9312792	0.6607997
1650975761.8024983	1	-9.409213	-3.8355112	0.56982	-9.639056	-4.027047	0.25857377	-9.002198	-3.7349546	-0.095768064	-9.14585	-4.074931	0.41180268	-9.107543	-3.763685	0.90021986	-9.232041	-3.3423057	0.770933	-9.390059	-3.6391866	0.866701	-9.011775	-5.3486466	1.3599066	-2.1260512	-8.336611	7.120356	0.51714754	-10.04607	4.477157	0.272939	-9.32781	4.1419687	0.9816227	-9.701305	3.2513258	0.05746084	-10.0269165	3.2992098	0.36391866	-9.768343	3.4141316	0.1340753	-9.907207	3.2800562	0.20111294	-9.835381	3.1364043
1650975772.7790797	1	-1.115698	-9.983821	3.0262709	-0.04309563	-10.290278	2.327164	0.46447513	-10.721235	2.72939	1.2497733	-9.706094	3.5003228	-6.670246	-10.208876	-4.8123455	-7.7332716	-4.5920787	-4.2999864	-7.6614456	-5.1140146	-4.3143516	-7.3645644	-4.8698063	-2.1930888	-7.589619	-4.9464207	-2.3223755	-8.350976	-4.548983	-3.9743748	-6.253655	-3.8833952	-5.3582234	-10.089166	-5.6215854	-2.6192567	-1.6376339	-10.649409	1.1971009	2.6048915	-9.208099	2.6431987	3.1651347	-9.44752	2.777274	2.4133554	-9.835381	2.834735
1650975784.220792	1	1.8579005	-10.668563	1.8291701	0.9576807	-10.548853	-3.5625722	1.067814	-9.629479	-3.6056678	1.4317327	-9.643845	2.1308396	-0.17238252	-9.595961	3.289633	-7.2448545	-6.612785	-3.5003228	-9.121908	-5.434838	-3.4380736	-5.353435	-4.807557	-3.5194764	-4.8362875	-6.411672	-7.3406224	-8.058883	-7.120356	-0.92416185	-9.169792	-5.4922986	-2.4995465	-9.634268	-5.7843914	-1.3934253	-6.191406	-8.791509	2.896984	1.0151415	-6.646304	7.1634517	6.4404025	-0.4405331	5.3486466	8.561666	-2.4181437	2.858677
1650975795.704413	1	-4.0174704	-8.805874	5.363012	-9.533711	-4.817134	1.2976574	-5.899313	-7.85777	2.719813	-0.59855044	-7.6614456	5.1523223	6.6654577	-3.6774938	4.0701427	6.7708025	-2.528277	4.0462008	1.0582372	-7.469909	0.60333884	-5.45878	-8.145074	2.3798366	-14.240712	1.0390835	9.356541	-6.0956373	-9.332599	1.541866	-0.49320555	-1.3024458	9.203311	1.4652514	2.5091233	9.260772	-0.01436521	-2.6144683	7.9583263	-7.469909	-6.215348	-0.7565677	-7.1251445	-3.1364043	0.033518825	-9.188946	-5.434838	0.6607997
1650975806.6744475	1	-8.418014	-4.0797195	-0.1436521	-9.744401	-3.7588966	-1.0726024	-10.242394	-5.9280434	0.48362875	-10.745177	-8.6334915	-1.292869	-0.62728083	-9.576807	0.05746084	-2.327164	-10.759542	-0.7326257	-0.78529817	-10.055647	0.31603462	-7.0102224	-8.6334915	0.3878607	-7.833828	-8.149862	-0.18674773	-2.6623523	-10.275913	1.1971009	-1.5945383	-10.611102	0.2633622	-1.5514427	-10.232818	2.5570073	-1.436521	-9.260772	2.8682537	-1.1444284	-9.524135	0.7374141	-5.0038815	-10.510546	-1.7429788	-0.24420857	-11.99495	-0.49320555
1650975818.1420913	1	5.9041014	1.8291701	6.6846113	5.884948	4.156334	6.6175733	5.497087	1.5514427	7.029376	5.386954	-8.135497	1.1731589	1.6184803	-10.251971	-0.7230489	2.2936451	-10.831368	1.5897499	-3.169923	-11.702858	-0.22505496	-6.1770406	-7.843405	0.39743748	-5.923255	-8.226477	2.1739352	-5.5497594	-8.078036	2.6479871	-6.8522053	-7.038953	2.5234885	-6.493075	-8.331821	3.394978	-1.2593501	-9.476251	6.0621185	0.4165911	0.16280572	9.437943	0.32561144	2.825158	9.255983	1.5370775	-7.0964136	9.375694
1650975829.145532	1	-0.29688102	-8.872911	2.695871	-2.72939	-9.452309	2.1452048	-7.8529816	-7.398083	1.9393034	-8.465898	-6.2967505	1.8387469	-9.519346	-6.042965	1.8483237	-8.992621	-5.683835	2.1930888	-8.087613	-6.6750345	2.7006595	-2.5809495	-8.925584	5.7748146	2.8060043	-4.9464207	6.8426285	5.765238	-6.7612257	2.552219	4.7548847	-7.4124484	4.8937483	1.5849615	-10.6158905	4.927267	-6.50744	-8.327033	3.3279405	-9.504981	-7.728483	4.1659107	0.6895301	-8.034941	7.0485296	6.0764837	-5.023035	4.5154643
1650975840.0982206	1	2.9783869	-8.0924015	4.7405195	-5.267244	-9.346964	2.8921957	-10.323798	-6.2009826	2.896984	-6.7803793	-6.0860605	4.3239284	-6.172252	-8.240842	3.2992098	-5.0374002	-6.981492	3.2465374	-5.7748146	-6.6415157	4.5777135	-5.793968	-8.690952	3.4141316	-4.357447	-9.428367	3.8067808	-0.5602432	-9.572019	3.371036	1.7956513	-8.7292595	4.912902	2.2649148	-8.6095495	5.21936	3.0597897	-8.949526	4.745308	3.2704794	-6.133945	5.6551046	3.6822822	-7.1059904	6.655881	5.023035	-6.564901	6.517017
1650975851.5200305	1	5.133168	3.2944214	6.71813	4.879383	5.415684	5.803545	5.118803	5.257667	6.2967505	5.434838	-3.0310593	5.2145715	5.410896	-7.953538	3.2225955	4.477157	-8.954314	3.1555579	1.6376339	-11.085154	-1.4939818	2.944868	-9.150639	-1.8579005	2.054225	-9.935937	-3.1651347	2.3989902	-8.159439	-5.875371	3.0119057	-7.9487495	-6.0716953	2.336741	-9.390059	-4.9224787	2.384625	-8.911219	-4.6782703	2.6288335	-9.126697	-4.525041	3.1268275	-8.973468	-4.5058875	3.2561142	-8.75799	-4.8841715
1650975862.9805613	1	2.7389667	-9.715671	-3.821146	4.6399627	-9.682152	-2.8395233	1.436521	-8.911219	-4.3047748	2.15957	-9.892841	-4.6351743	1.3503298	-8.839393	-6.9000893	1.2306197	-9.68694	-1.7286136	4.0653543	-10.70687	-2.1547816	3.0885203	0.18674773	8.0924015	-2.1308396	2.0398598	8.801085	0.521936	-7.896077	8.858546	-0.4261679	-11.33894	3.1555579	-0.45968673	-9.945514	2.791639	0.22026655	-10.16578	2.705448	-0.076614454	-9.672575	1.8291701	-1.6472107	-9.734824	1.3790601	0.7517793	-11.080365	0.45010993
1650975874.0081172	1	-7.991845	-5.932832	2.4851813	-8.389283	-5.6359506	0.89543146	-9.045294	-5.0613422	2.4372973	-8.327033	-4.4196963	2.9113493	-8.451532	-5.305551	2.6910827	-8.480263	-5.683835	2.0254946	-8.710106	-4.7788267	1.4796166	-8.408437	-4.855441	2.078167	-8.532935	-4.9655743	1.5562311	-8.48984	-4.9943047	1.4221559	-8.42759	-4.951209	1.6280571	-8.346188	-4.807557	2.3127987	-8.197746	-4.4484267	2.6671407	-8.872911	-5.185841	1.4652514	-8.1402855	-5.6790466	2.5139117	-3.4141316	-8.686164	3.0358477
1650975885.4797182	1	-1.6136919	-10.409989	1.9967642	-2.3942018	-10.295067	0.25378537	-2.719813	-9.849746	1.292869	-2.4851813	-9.768343	1.2641385	-2.3463178	-9.907207	1.1875241	-2.4277205	-10.113108	0.9624691	-2.3463178	-10.113108	0.8283938	-2.1308396	-11.27669	0.79487497	-1.3790601	-11.018116	1.4891934	-1.0007763	-12.727576	3.892972	2.087744	-5.3438582	6.531382	2.681506	-5.33907	9.188946	1.5466543	-1.8770541	10.697293	2.8443117	1.2258313	9.02614	2.504335	3.0071173	8.690952	2.896984	4.333505	8.010999
1650975896.4445534	1	1.910573	-3.3375173	9.3182335	2.5761611	3.7253778	8.221688	1.4987702	-3.4763808	9.557653	1.7286136	-5.0613422	8.676587	1.8579005	-6.05733	8.058883	2.2744915	-2.767697	8.743625	2.8874073	4.9176903	7.747637	3.7445314	7.4842744	3.3997664	2.5570073	-0.30166942	8.90643	2.6671407	-8.312668	4.5920787	-6.7372837	-8.451532	2.3175871	-8.437167	-5.9567738	0.5554548	-7.6135616	-6.205771	-1.1300632	-8.307879	-5.722142	-0.8283938	-8.121132	-5.8801594	-0.8523358	-8.231265	-5.779603	-0.39264908
1650975907.91751	1	-8.250419	-5.722142	-0.15322891	-8.169016	-6.531382	0.7230489	-7.776367	-4.8745947	0.10534488	-7.489063	-4.9895163	3.3327289	-6.2967505	-5.865794	2.9640217	-7.1251445	-6.172252	3.8067808	-7.61835	-4.9176903	2.4851813	-7.6470804	-4.6686935	2.2505496	-7.565677	-5.5880666	3.2321723	-7.489063	-4.1946416	2.777274	-6.603208	-6.766014	2.6048915	-7.2113357	-4.309563	1.9297266	-7.632715	-6.315904	1.6184803	-8.212111	-4.8458643	2.6240451	-7.680599	-5.080496	1.6041151	-8.671799	-5.2289367	1.2449849
1650975918.888378	1	-8.42759	-5.315128	1.1779473	-9.385271	-5.2480903	0.90979666	-7.752425	-4.4436383	2.15957	-9.011775	-4.7740383	1.2689269	-7.728483	-4.4005427	2.5139117	-7.85777	-4.8267107	1.8770541	-7.723695	-4.9943047	2.1643584	-7.9583263	-4.0557775	0.91937345	-7.513005	-5.2528787	2.791639	-8.494628	-4.2760444	1.6184803	-7.9248075	-5.865794	3.5482068	-7.9343843	-4.1611223	2.15957	-7.40766	-5.233725	2.633622	-6.7085533	-7.943961	3.7780502	0.4309563	-5.0900726	9.160215	2.054225	1.5562311	10.189722
1650975930.378479	1	4.7644615	7.0485296	4.644751	4.2185836	0.40701428	10.802638	0.05746084	-12.722788	4.711789	-0.92895025	-10.860099	3.8642416	-9.514558	-5.6982	1.5131354	-10.266336	-4.5298295	1.8100165	-8.422802	-4.084508	3.2130187	-9.533711	-3.040636	1.6567876	-7.5800424	-3.6391866	1.6136919	-9.093178	-3.4332852	2.1021092	-8.240842	-5.195418	2.2218192	-8.944737	-4.050989	0.866701	-8.566454	-5.6551046	2.5187001	-8.7292595	-4.343082	0.8331822	-8.652645	-4.9799395	2.681506	-8.1402855	-5.81791	1.9393034
1650975941.3370304	1	-9.830592	-4.620809	3.1507695	-6.751649	-6.0956373	2.0829554	-6.066907	-7.4507556	3.8977604	-5.5162406	-8.226477	2.96881	0.20111294	-10.682928	5.1666875	-4.855441	-6.895301	5.961562	-2.2697031	-2.7006595	10.333375	-3.5338416	-1.2306197	10.745177	-2.0398598	-1.9201498	10.979809	-3.371036	-1.9249382	10.19451	-1.9009962	-2.2649148	10.759542	-2.27928	-1.7717092	10.04607	-0.61770403	-0.6847417	9.021352	0.038307227	-2.2984335	8.571242	1.1683705	-3.0310593	8.710106	0.6847417	-2.4420857	8.2169
1650975952.838286	1	-1.4413095	-5.2145715	9.126697	0.6943185	-7.038953	8.058883	1.3024458	-6.622362	7.422025	-0.21547815	-5.884948	6.9383965	-0.79487497	-5.6886234	6.9000893	-1.9201498	-6.8665705	6.7324953	-3.4045548	-7.680599	5.631162	-3.9504328	-7.536947	4.7500963	-7.489063	-8.192958	3.4859576	-7.4363904	-8.09719	2.5953147	-6.622362	-5.2241483	4.735731	-7.240066	-2.1308396	3.1507695	-8.441956	-4.1180267	3.8067808	-8.748413	-4.0078936	2.5809495	-10.673351	-5.45878	2.1404164	-5.4922986	-5.2145715	5.93762
1650975963.8053896	1	-2.7629087	-7.9152308	8.815451	-7.8625584	-3.6870706	4.582502	-8.303091	-4.247314	3.9839516	-9.313444	-2.1021092	2.27928	-9.14585	-2.3750482	2.5139117	-8.7292595	-2.2649148	1.9393034	-8.42759	-3.916914	2.5378537	-8.911219	-3.5913026	3.0071173	-7.714118	-3.6631286	3.3806129	-7.0102224	-7.422025	4.999093	-5.8322754	-6.6750345	5.9807158	-5.353435	-5.2480903	7.441179	-2.5139117	-1.9201498	8.815451	-0.78529817	3.6343982	8.034941	-4.735731	-0.60333884	5.8945246	-6.3063273	-7.4842744	0.46926352
1650975975.2789874	1	-7.5082164	-5.779603	-3.0502129	-8.183381	-6.0716953	-0.45968673	-8.441956	-5.3486466	-1.532289	-8.652645	-4.534618	-0.40222588	-10.577583	-2.6479871	-0.8858546	-5.473145	-9.232041	-3.4045548	2.360683	-9.892841	-2.777274	5.7365074	-5.851429	5.8322754	2.9400797	-6.555324	6.349423	1.7046716	-4.43885	6.26802	3.5434184	-6.612785	6.6271505	3.3854012	-6.95755	7.0485296	2.7964275	-7.565677	6.133945	3.1411927	-5.171476	7.824251	2.0015526	-4.606444	8.805874	-4.232949	1.8339585	8.734048
