1	4.036624	1.2210429	1.2354081	1.9057846	-10.414778	6.7229185	3.0262709	-3.8355112	8.149862	3.4380736	-0.40701428	6.1195793	-3.2704794	-4.6351743	11.405977	-3.9025488	-3.8498764	8.523358	2.6862943	-5.5737014	3.3135753	-1.70946	-5.2241483	8.379706	-2.3798366	-4.8602295	8.671799	5.410896	-8.054094	3.5769374	4.237737	-9.179369	0.6368576	5.171476	-8.920795	-1.8387469	5.0134583	-8.51857	1.1540052	2.6384103	-8.394072	4.879383	4.783615	-7.9104424	4.060566	4.4723687	-5.353435	6.646304	0.07182605	5.731719	7.800309	-4.7644615	-10.907983	13.948619	1.7908629	-12.157756	9.902418	3.6966474	-2.1691468	-1.0151415
1	-4.2425256	-5.913678	10.156203	-0.61291564	-6.7085533	6.7803793	0.17238252	-8.772355	5.521029	0.50757074	-8.762778	5.865794	0.56982	-8.772355	5.6790466	0.07182605	-9.064447	4.6399627	0.5650316	-9.485827	4.5920787	0.34476504	-9.461885	4.367024	0.4357447	-9.423578	4.31914	0.63206923	-9.504981	4.1706996	0.58897364	-9.5385	4.367024	0.47405192	-9.519346	4.3526587	0.4309563	-9.600749	4.381389	0.6512229	-9.552865	4.1946416	0.4213795	-9.500193	4.3382936	0.770933	-9.56723	4.4580035	0.770933	-9.615114	4.232949	0.63206923	-9.528923	4.343082	0.44532153	-9.519346	4.209007	-1.043872	-4.7500963	8.887277
1	-2.633622	-4.084508	8.90643	-2.5234885	-4.261679	8.552089	-2.8491	-4.074931	8.719683	1.9632454	-23.166296	6.6415157	3.3183637	-8.987833	3.6008794	-2.9879637	-2.6431987	9.208099	-2.944868	-2.8778305	9.040505	-2.791639	-2.8107927	9.045294	-2.8060043	-3.0310593	9.203311	-2.8299465	-2.2840683	8.887277	-2.6384103	-3.1603463	9.035717	-2.6479871	-3.1842883	9.131485	-2.7485435	-3.3279405	9.102755	-2.6862943	-3.3183637	9.107543	-2.791639	-3.0023289	9.045294	-2.6910827	-3.490746	9.217676	-2.7724855	-3.3279405	8.853758	-2.566584	-3.1507695	9.136273	-2.60968	-3.0933087	8.815451	7.374141	1.6089035	6.5936313
1	-2.6240451	-0.090979666	9.461885	-2.6048915	-0.32561144	9.452309	-2.6527755	-0.24899697	9.572019	-2.6910827	-0.24899697	9.504981	-2.5330653	-0.39264908	9.485827	-2.2936451	-1.8531121	9.414001	-2.5570073	-1.7717092	8.916007	-2.2457612	-2.9352913	9.485827	-1.5562311	-2.0590134	9.41879	-1.8866309	-3.2561142	9.346964	-1.9201498	-3.3375173	9.275137	-1.7477672	-3.6008794	9.222465	-1.8339585	-3.371036	9.346964	-1.9871874	-3.3518825	9.227253	-2.0159178	-3.6631286	9.107543	-2.1739352	-3.4620156	9.246407	-2.3558946	-3.8738184	8.566454	-1.5227122	-3.845088	8.571242	-0.32561144	-4.534618	9.591172	-2.0111294	-2.681506	9.466674
1	-2.006341	-3.3423057	9.32781	-1.9536686	-3.6487634	9.14585	-1.6903064	-3.6104562	9.208099	-1.9009962	-3.7253778	9.160215	-2.4420857	0.19153613	9.701305	-2.3080103	0.7326257	9.3182335	-2.1643584	-0.18195933	9.552865	-2.0590134	-0.9720459	9.595961	-2.0733786	-0.8619126	9.524135	-1.9776106	-1.0007763	9.634268	-1.9153614	-1.091756	9.500193	-1.934515	-1.1683705	9.581595	-2.0015526	-1.115698	9.504981	-2.006341	-1.1875241	9.586384	-1.9776106	-1.1731589	9.524135	-1.8052281	-1.3694834	9.840169	-1.9009962	-1.5227122	9.595961	-1.508347	-1.3215994	9.509769	-1.7429788	-1.3934253	9.739613	-1.8100165	-1.2785037	9.667787
1	1.0582372	-4.027047	9.299079	0.93852705	-4.223372	9.251195	0.6943185	-4.7548847	8.987833	0.6799533	-4.7788267	9.064447	-1.2641385	-2.360683	8.772355	0.5602432	-4.999093	8.772355	0.5746084	-5.1762643	9.069236	0.31603462	-5.257667	9.093178	0.7517793	-5.568913	8.796297	0.62728083	-5.386954	8.619126	0.41180268	-5.410896	8.676587	0.49320555	-5.3965306	8.647857	0.33518824	-5.4204726	8.772355	0.48841715	-5.33907	8.700529	0.41180268	-5.391742	8.643068	0.4261679	-5.233725	8.719683	0.37349546	-5.2624555	8.872911	0.48841715	-5.2768207	8.710106	0.35434186	-5.2768207	8.863335	0.5554548	-5.094861	8.279149
1	-1.7717092	0.33997664	15.20797	0.82360536	-6.8569937	7.398083	2.0207062	-5.7987566	6.4404025	-0.2681506	-6.603208	7.848193	0.35913026	-5.7029886	8.465898	-0.110133275	-5.118803	8.671799	8.034941	4.7884035	3.1890767	-0.24420857	-5.5018754	8.508993	1.0199299	-2.801216	9.753978	1.0486604	-3.4332852	9.289502	-0.18195933	-5.080496	8.015787	0.9576807	-3.1651347	9.667787	1.0199299	-2.9113493	9.667787	1.0534488	-3.0310593	9.572019	1.0534488	-3.0023289	9.715671	0.94331545	-3.0310593	9.720459	0.93373865	-3.016694	9.586384	1.1109096	-2.9592333	9.461885	1.1779473	-3.0933087	9.514558	0.9528923	-3.2225955	9.739613
1	7.9870567	0.04309563	5.985504	8.09719	-0.6847417	6.1195793	7.9391727	-0.8475474	6.3063273	-0.58418524	-9.844957	1.7238252	0.18195933	-6.703765	7.8625584	0.47884035	-6.83784	7.5704656	-1.8148049	-5.8083334	8.839393	0.30166942	-8.6334915	5.841852	0.2825158	-8.676587	5.932832	0.41180268	-8.63828	5.7365074	0.38307226	-8.619126	5.995081	0.6560113	-8.825027	5.683835	0.33039984	-8.7771435	5.7508726	0.31124622	-8.66701	5.707777	0.5410896	-8.700529	5.3247046	0.12449849	-8.346188	5.9807158	0.51714754	-8.743625	5.7125654	2.3223755	-9.241618	0.7038953	4.146757	-9.126697	7.0006456	0.80445176	9.639056	-1.1109096
1	1.3694834	9.840169	0.272939	1.70946	9.088389	1.3359646	1.0055647	8.0924015	1.0773908	0.36391866	9.102755	0.1340753	5.0900726	-1.6807296	8.939949	6.5744777	5.2768207	4.572925	7.3645644	5.741296	2.9640217	6.7468605	6.1004257	-1.5562311	4.0222588	5.81791	-4.3861775	3.7972038	6.4882865	-5.626374	4.003105	6.253655	-5.78918	3.9791632	6.2584434	-5.8466406	3.8738184	6.1530986	-5.884948	3.8402996	5.8705826	-6.531382	3.8786068	5.650316	-6.7085533	3.4237084	7.359776	-4.280833	3.2369606	7.479486	-4.3718123	5.0038815	9.840169	-2.7868507	5.5258174	7.4746976	-1.1013328	6.5265937	-7.7189064	-0.90021986
1	-2.1883004	-0.40222588	9.524135	-2.006341	-0.7469909	9.581595	1.1252748	-3.7588966	7.575254	2.8107927	-6.9383965	7.2831616	2.4660277	-7.1826053	7.1586633	-0.50278234	-8.111555	6.5361705	-0.34955344	-8.259995	6.3063273	0.05267244	-8.360553	6.191406	0.4357447	-8.24563	5.865794	0.2777274	-8.676587	5.770026	0.17238252	-8.767567	5.765238	-0.272939	-8.815451	5.861006	9.495404	-3.5817258	3.098097	8.293514	-2.552219	4.3526587	7.9152308	2.719813	5.7365074	6.1100025	4.7405195	6.220136	9.169792	-3.490746	-3.8259344	9.495404	-2.2936451	-2.0111294	8.920795	-1.958457	4.6016555	9.102755	-2.4851813	4.2425256
1	1.532289	-3.3566709	9.471462	1.7477672	-6.26802	8.135497	1.70946	-6.6989765	7.479486	2.2936451	-10.745177	-1.2018893	3.6391866	-7.785944	-5.7748146	3.064578	-8.944737	-4.5920787	2.954445	-9.773131	-3.6966474	2.2170308	-9.648633	-3.9312792	2.5474305	-9.595961	-4.0892963	2.681506	-9.155427	-4.5154643	2.8203697	-9.414001	-4.343082	2.7102363	-9.279925	-4.1132383	2.791639	-9.423578	-4.3047748	2.6527755	-9.165004	-4.074931	2.9831753	-8.863335	-4.0174704	2.7724855	-9.198523	-4.343082	2.7485435	-9.150639	-4.084508	2.815581	-9.3421755	-4.1706996	2.8107927	-9.356541	-4.003105	2.6048915	-9.351752	-4.0940847
1	2.7485435	-9.370906	-4.3143516	2.6479871	-9.294291	-4.5298295	2.6862943	-9.097966	-4.4005427	2.834735	-9.323022	-4.146757	2.6910827	-9.188946	-4.405331	2.705448	-9.44752	-3.8163576	2.6431987	-9.270349	-4.0462008	2.7246015	-9.174581	-4.223372	2.791639	-9.323022	-4.1659107	2.72939	-9.23683	-4.1611223	2.5617957	-9.102755	-4.2999864	2.657564	-9.241618	-4.333505	2.633622	-9.093178	-4.0414124	2.753332	-9.356541	-4.156334	2.7485435	-9.332599	-4.050989	3.0119057	-9.279925	-4.3622355	2.834735	-9.188946	-4.156334	2.7629087	-9.150639	-4.2425256	2.777274	-9.32781	-4.19943	2.8299465	-9.303867	-4.10845
1	4.7309427	-9.155427	-2.834735	3.3518825	-9.270349	-3.9217024	3.7349546	-9.074024	-3.8067808	3.8642416	-8.911219	-3.787627	3.4476504	-9.107543	-3.9360676	3.5769374	-9.203311	-3.2944214	3.5913026	-9.9790325	-2.944868	2.504335	-9.02614	-3.3518825	2.6192567	-8.815451	-4.7022123	2.4181437	-9.198523	-5.2480903	2.3942018	-8.930372	-5.5497594	2.3511062	-9.375694	-4.295198	2.0685902	-9.662998	-3.107674	2.5713725	-8.968679	-4.697424	2.432509	-9.246407	-4.4484267	2.4660277	-9.490616	-4.5202527	2.303222	-9.299079	-4.237737	2.4372973	-9.619903	-3.964798	2.3127987	-9.390059	-4.0414124	2.456451	-9.303867	-4.3478703
1	2.566584	-9.064447	-4.7261543	2.72939	-8.695741	-5.1523223	2.5713725	-8.868123	-4.9416323	2.4468741	-8.987833	-4.9176903	2.777274	-8.695741	-5.0900726	2.5378537	-8.920795	-4.630386	2.5617957	-9.011775	-4.793192	2.255338	-9.232041	-4.5394063	2.6192567	-8.781932	-4.960786	2.5617957	-9.107543	-4.55856	2.4133554	-9.050082	-4.6160207	1.6807296	-9.782708	-2.327164	2.5617957	-9.184157	-4.4436383	2.5139117	-9.11712	-4.4915223	2.3127987	-9.385271	-4.261679	1.6807296	-9.26556	-4.3766007	2.5330653	-9.294291	-4.663905	2.791639	-9.064447	-4.721366	1.5897499	-9.667787	-5.032612	2.3319526	-8.734048	-4.7979803
1	2.2218192	-9.557653	-4.4915223	2.4995465	-8.834604	-4.793192	2.1212628	-9.097966	-4.8698063	2.3702598	-9.409213	-4.209007	1.2593501	-9.370906	-4.453215	2.0590134	-8.968679	-4.6926355	2.183512	-9.078813	-4.807557	1.3551182	-9.011775	-5.2289367	1.6519991	-8.973468	-5.535394	1.9871874	-8.480263	-5.8083334	1.9249382	-8.90643	-5.3007627	1.8148049	-9.011775	-4.8602295	2.0685902	-8.6574335	-5.1810527	1.8531121	-9.107543	-4.8506527	1.8004397	-9.677363	-3.9217024	1.7812861	-9.208099	-4.697424	1.7286136	-9.294291	-4.620809	1.4556746	-9.246407	-3.6774938	1.6424223	-9.141062	-4.6591167	1.7764976	-9.471462	-4.486734
1	2.078167	-9.476251	-3.9504328	1.8483237	-9.56723	-3.739743	1.9967642	-9.404425	-4.2185836	2.0638018	-9.792285	-3.323152	2.030283	-9.509769	-4.0557775	2.0207062	-9.56723	-4.074931	1.9967642	-9.385271	-4.098873	2.2888567	-9.610326	-3.5529952	2.0254946	-9.825804	-3.5625722	2.0685902	-9.591172	-3.4763808	2.303222	-9.816227	-3.4524388	2.1883004	-9.706094	-3.4524388	2.0973208	-9.782708	-3.5242648	1.9728222	-9.68694	-3.4093432	2.1452048	-9.696517	-3.347094	2.2170308	-9.768343	-3.3327289	2.1978772	-9.667787	-3.514688	2.0350714	-9.758766	-3.4524388	2.0733786	-9.758766	-3.3566709	2.2026656	-9.753978	-3.394978
1	2.303222	-9.572019	-3.7493198	2.1930888	-9.691729	-3.5434184	1.8148049	-9.883265	-2.767697	2.4037786	-9.797073	-3.394978	2.2170308	-10.084377	-2.3080103	1.0534488	-9.3182335	3.6343982	-0.19632454	-9.5385	5.0278234	-0.770933	-10.601525	3.7493198	0.7086837	-7.728483	7.374141	1.3215994	-9.3661175	4.5537715	-2.6767175	-6.0716953	8.738836	-2.4708161	-5.9759274	8.001422	-1.7429788	-6.1100025	7.9822683	2.8778305	-8.781932	3.6870706	0.80445176	-9.457097	0.20590134	-0.8571242	-9.279925	4.414908	-0.31124622	-8.973468	5.243302	-0.05746084	-9.059659	4.9176903	-0.10534488	-9.184157	5.3247046	-1.1923125	-8.159439	6.301539
1	-1.2880806	-7.967903	6.5984197	1.4987702	-9.32781	2.992752	-0.095768064	-9.619903	2.8060043	-1.5131354	-10.180145	1.0965444	-1.8579005	-7.311892	7.603985	-0.6607997	-5.3438582	8.355764	7.029376	-7.1347213	-0.05746084	1.8962077	-11.903971	3.892972	1.0534488	-10.606314	2.5187001	2.801216	-10.577583	2.7724855	5.8705826	-7.97748	3.514688	5.884948	-7.714118	4.6112323	5.616797	-8.700529	2.7485435	5.046977	-8.5473	3.916914	5.511452	-8.408437	3.4476504	5.6120086	-8.298303	3.323152	5.0996494	-7.752425	4.4340615	4.841076	-8.39886	3.892972	5.315128	-8.207323	3.8546648	5.056554	-6.6750345	6.2632318
1	5.109226	-7.101202	5.0134583	4.7070007	-7.905654	5.118803	4.5441947	-8.552089	4.711789	5.439626	-7.632715	4.3957543	4.525041	-8.446744	4.4101195	4.261679	-8.101978	5.046977	3.9025488	-8.073248	5.6551046	3.9600096	-8.863335	3.5913026	4.146757	-8.949526	3.8786068	4.189853	-9.260772	3.5194764	4.5394063	-8.834604	3.7828386	4.596867	-8.695741	3.8307228	4.6782703	-8.78672	3.8307228	4.2999864	-8.772355	3.596091	4.10845	-8.465898	4.4340615	4.1946416	-8.63828	4.630386	4.4436383	-8.087613	5.5162406	4.1371803	-9.409213	3.1364043	3.8642416	-7.9248075	5.8466406	4.146757	-7.73806	5.3342814
1	4.050989	-7.771579	5.947197	4.3766007	-7.422025	5.971139	4.6686935	-7.0245876	5.4444146	4.4005427	-9.141062	5.4300494	4.122815	-9.524135	5.1571107	4.4244847	-6.6415157	6.181829	4.0653543	-7.7667904	6.1243677	3.9983168	-7.1107793	6.2392898	4.429273	-7.1059904	5.4444146	4.3766007	-8.00621	5.923255	4.1132383	-8.532935	4.8985367	4.1706996	-8.90643	4.912902	4.2185836	-8.987833	3.8115692	3.8402996	-8.0445175	4.9416323	3.7732618	-8.485051	4.6926355	3.9791632	-8.504205	4.3287168	-31.948227	-16.673222	10.290278	5.391742	-8.307879	3.41892	-2.906561	-8.350976	-2.585738	0.7374141	-10.333375	-0.7086837
1	1.4939818	-3.6870706	7.469909	4.8458643	-8.073248	0.2825158	-1.6711528	-10.529699	1.0821792	-1.9871874	-5.281609	8.7771435	-2.0111294	-4.7165775	8.599973	-3.6152446	-4.7500963	7.967903	1.2593501	-10.280702	1.6424223	1.3742718	-10.103531	2.6671407	1.340753	-10.079589	2.825158	1.3072342	-10.055647	2.7868507	1.3072342	-10.0269165	2.8443117	5.085284	-7.9008656	3.9695864	5.434838	-8.580819	2.9879637	5.0038815	-8.78672	2.8299465	5.1140146	-8.78672	2.873042	5.353435	-8.7292595	2.7581203	4.9655743	-8.599973	2.9113493	4.027047	-3.0023289	8.968679	6.8091097	-6.4308257	4.7500963	5.827487	-7.120356	5.0517654
1	5.583278	-7.216124	5.104438	7.086837	-1.2449849	6.8282633	4.280833	-0.9959879	7.479486	9.744401	-1.9440918	6.8091097	5.746084	-5.6120086	6.789956	6.105214	-7.1873937	3.4715924	5.1523223	-7.819463	4.8219223	4.8937483	-8.652645	-1.3024458	5.765238	-7.824251	4.333505	5.3438582	-7.359776	5.875371	5.497087	-6.411672	6.2249246	5.415684	-6.5505357	6.0764837	5.45878	-7.5704656	5.410896	5.3438582	-7.2831616	4.582502	5.755661	-6.411672	4.4244847	5.353435	-8.571242	3.7062242	4.9416323	-9.294291	3.0597897	5.2002063	-8.192958	3.1268275	5.559336	-7.264008	5.243302	4.9320555	-7.9248075	4.697424
1	6.469133	-3.8833952	7.881712	6.4499793	-6.2392898	5.046977	6.6367273	-7.374141	3.7205894	-5.841852	-9.380483	1.7908629	-7.642292	-5.755661	1.8052281	-7.656657	-6.009446	1.6136919	-8.24563	-5.386954	1.4796166	-1.934515	-11.549629	-4.4244847	3.596091	-9.811439	1.2066777	3.5003228	-9.911995	1.2497733	3.5194764	-9.768343	1.3263878	3.4237084	-9.92636	1.3072342	3.3375173	-9.9790325	1.2976574	3.4380736	-9.921572	1.364695	3.5051112	-9.830592	1.8100165	3.3614593	-9.854534	1.6041151	3.41892	-9.983821	1.5131354	3.4332852	-9.873688	1.532289	3.2321723	-9.888053	1.8722657	3.2225955	-9.892841	1.541866
1	3.1986535	-9.902418	1.6424223	3.217807	-9.825804	1.7286136	3.083732	-9.935937	1.8483237	3.3423057	-9.816227	2.054225	3.347094	-9.68694	2.111686	3.4955344	-9.68694	2.0111294	3.691859	-9.758766	1.9967642	4.1802764	-9.68694	1.4652514	3.9360676	-9.950302	1.4269443	4.012682	-9.892841	1.6759412	3.7828386	-9.696517	1.7238252	4.0222588	-9.706094	1.8674773	3.8402996	-9.691729	1.958457	3.8067808	-9.662998	1.7764976	3.8067808	-9.610326	1.8579005	3.8977604	-9.715671	1.8626889	3.5865142	-9.68694	2.0925324	3.0597897	-9.715671	2.5378537	3.5051112	-9.610326	2.5187001	3.4332852	-9.586384	2.6862943
1	3.3997664	-9.672575	2.6384103	3.5290532	-9.68694	2.7246015	3.5625722	-9.562442	2.7724855	3.4620156	-9.504981	2.8682537	3.442862	-9.56723	2.8203697	3.490746	-9.41879	2.791639	3.3135753	-9.68694	2.7629087	3.5290532	-9.524135	2.7724855	3.5194764	-9.461885	2.6671407	3.6104562	-9.639056	2.8060043	3.5625722	-9.495404	2.8299465	3.3806129	-9.557653	2.8060043	3.0933087	-9.80665	2.96881	3.1747115	-9.481039	2.8874073	3.3279405	-9.576807	3.0214825	3.2752678	-9.581595	3.2465374	3.1507695	-9.552865	3.0119057	3.3806129	-9.548077	2.9592333	3.2034419	-9.495404	2.9400797	3.3375173	-9.557653	3.0358477
1	3.3423057	-9.500193	3.1747115	3.3039982	-9.514558	3.122039	3.3423057	-9.543288	3.040636	3.2513258	-9.634268	3.1411927	3.2465374	-9.543288	3.2034419	3.2848446	-9.500193	3.0262709	3.2273839	-9.514558	2.9783869	3.3183637	-9.557653	2.9783869	3.3375173	-9.528923	3.0597897	3.2609026	-9.600749	3.169923	3.3614593	-9.557653	2.9161377	3.2944214	-9.543288	3.1268275	3.241749	-9.466674	3.1268275	3.1747115	-8.719683	5.2863975	3.2321723	-8.647857	4.951209	3.3135753	-8.643068	4.984728	3.1890767	-8.643068	5.185841	3.098097	-8.690952	5.1140146	1.5658079	3.572149	7.6614456	2.3223755	5.2385135	7.40766
2	6.2009826	-3.0071173	8.556877	7.029376	5.449203	2.3894134	4.8937483	-3.845088	7.4268136	4.7740383	-3.739743	8.226477	4.9176903	-3.8786068	8.049306	6.397307	-6.411672	6.042965	4.8027687	-5.00867	3.4093432	9.370906	2.9352913	2.4133554	8.853758	1.8483237	4.2760444	8.662222	1.661576	4.1611223	7.9248075	0.01436521	7.1826053	7.5561004	1.7764976	6.1866174	7.0102224	1.2210429	6.5026517	3.8642416	-1.2162545	8.192958	5.7604494	0.78050977	7.7811556	5.9280434	0.29209262	7.929596	5.8322754	0.06703765	8.197746	5.899313	0.32561144	8.020576	5.9759274	0.38307226	7.8290396	5.2720323	-0.7422025	8.312668
1	-0.41180268	-2.4468741	9.878476	-0.39743748	-2.6240451	9.648633	-0.46447513	-2.6671407	9.816227	-0.4309563	-2.4756045	9.773131	-0.33997664	-2.6288335	9.811439	-0.2873042	-2.695871	9.816227	-0.23463176	-2.6910827	9.758766	-0.4261679	-2.8203697	9.816227	-0.4165911	-2.8874073	9.615114	-0.51714754	-2.7581203	9.734824	-0.39743748	-2.7102363	9.787497	-0.60812724	-2.657564	9.648633	-0.46926352	-2.5761611	9.734824	-0.49320555	-2.6192567	9.763555	-2.5330653	-1.8387469	6.8569937	-0.11971009	-1.0726024	9.868899	-0.062249243	-1.8052281	9.830592	-0.095768064	-1.9967642	10.04607	-0.22505496	-1.8579005	9.849746	-0.0047884034	-1.7286136	9.773131
1	-4.5633483	-4.7070007	7.9487495	-3.217807	-3.4476504	9.14585	-2.6192567	-2.3127987	9.610326	-1.6519991	-1.8291701	9.337387	-1.7717092	-3.2752678	9.500193	-1.6998832	-3.8115692	9.193734	-1.8148049	-3.7732618	9.016563	-1.9201498	-4.027047	9.006987	0.11492168	-4.2281604	3.3375173	-8.279149	-3.8163576	-3.9360676	-8.173804	-3.2321723	-4.1419687	-8.422802	-3.5003228	-3.7301662	-8.456321	-3.3518825	-3.9504328	-8.298303	-3.5194764	-3.9791632	-8.264784	-3.6535518	-3.8594532	-6.1100025	-0.61291564	-3.8738184	3.1603463	-5.602432	7.5944076	-2.456451	-2.4708161	9.32781	-2.60968	-2.7150247	9.481039	-2.5809495	-2.705448	9.212888
1	-3.3183637	-2.8443117	9.074024	-3.8642416	-2.6001031	8.734048	-4.256891	-2.542642	8.451532	-4.8123455	-2.1404164	8.212111	-5.4683566	-1.7764976	8.106767	3.715801	-13.091495	0.50278234	-2.657564	-7.16824	-0.038307227	-5.0182467	-14.15452	-2.1547816	-5.841852	-10.036493	0.18674773	-9.284714	-2.4516625	1.7956513	-18.071434	-8.643068	-0.08140286	-11.257536	0.25857377	-3.6822822	2.4756045	-8.686164	9.452309	5.9280434	-0.90500826	8.614338	-3.2034419	-6.813898	4.630386	-3.6343982	-6.3542113	6.0525417	-6.727707	-5.4444146	4.9703627	2.27928	1.2689269	9.931149	5.023035	-9.89763	1.7142484	3.3901896	4.146757	8.101978
1	2.7485435	4.3622355	8.6813755	6.042965	1.8914193	7.929596	5.5737014	2.078167	8.010999	4.721366	1.0534488	9.44752	9.054871	-3.4955344	1.4508862	9.811439	-3.9552212	0.90979666	6.2249246	-3.3854012	3.572149	8.082825	-2.231396	5.6120086	8.178593	-2.303222	5.425261	8.101978	-1.6950948	5.961562	6.4020953	-2.719813	5.0661306	4.7261543	-5.6407394	7.4746976	4.6591167	-5.2145715	7.5800424	4.7979803	-4.817134	7.7332716	4.4723687	-0.08619126	9.002198	2.4612393	0.9720459	9.801862	3.0693667	-1.6807296	9.624691	2.743755	-3.122039	9.246407	2.3175871	-3.5529952	8.724471	2.4899697	-5.2145715	8.145074
1	2.8778305	-4.7788267	8.121132	3.6343982	-4.4005427	8.149862	3.739743	-4.687847	8.221688	1.733402	-2.791639	9.533711	2.7724855	-5.683835	9.653421	2.944868	-5.6359506	8.169016	-3.845088	-7.043741	5.401319	-5.410896	-7.8769236	2.7341783	-5.00867	-8.365341	1.9393034	-4.213795	-7.819463	2.0207062	0.9959879	-7.216124	8.767567	-3.8833952	-5.9759274	9.844957	-2.896984	-4.132392	8.537724	-2.5761611	-4.4436383	8.6574335	-2.1978772	-4.807557	8.51857	-2.0446482	-5.463568	8.130709	-2.777274	-6.469133	7.1155677	-3.0262709	-5.9424086	7.5704656	-1.5466543	-6.7947445	7.627927	-2.0159178	-5.8466406	7.0820484
1	2.0159178	-10.448297	2.4660277	2.0829554	-11.190498	0.5602432	3.394978	-9.504981	1.7046716	1.412579	-8.207323	5.0996494	5.6359506	-9.9550905	5.267244	5.770026	-7.479486	4.9895163	3.9839516	-10.228029	-1.8531121	3.9073372	-9.208099	-2.1499932	3.6966474	-9.083601	-2.2649148	3.4859576	-8.916007	-2.944868	3.596091	-8.901642	-2.9496565	3.596091	-8.954314	-2.9017725	3.5577838	-8.925584	-3.064578	3.6104562	-8.892065	-3.0071173	4.453215	-7.8769236	-0.51714754	3.6966474	-9.423578	1.0486604	3.6343982	-9.461885	1.6376339	3.7445314	-9.399636	0.6512229	4.0318356	-9.131485	-1.0295067	3.8402996	-9.11712	-1.6950948
1	1.2066777	-6.9767036	5.4300494	2.0925324	-7.0006456	6.579266	1.8100165	-6.4260373	7.953538	1.2593501	-5.93762	7.929596	-1.7286136	-6.775591	6.5840545	0.8714894	-4.960786	7.2783732	-1.532289	-4.3478703	9.868899	-2.480393	-6.2728086	7.493851	-2.5330653	-6.363788	7.2687964	-2.585738	-6.4260373	7.4028716	-2.528277	-6.1100025	8.389283	-2.3654714	-5.023035	7.627927	0.4261679	-6.397307	7.383718	1.1204864	-7.1730285	7.5944076	-2.1739352	-5.363012	7.7189064	-2.1739352	-6.3781533	7.589619	-2.1164744	-6.3446345	7.5561004	-2.0015526	-6.3685765	7.5704656	-1.982399	-6.3685765	7.469909	-2.0111294	-6.4739213	7.441179
1	2.743755	-8.039729	3.3997664	-1.3742718	-10.204087	2.7629087	-0.009576807	-9.753978	2.408567	0.11971009	-9.782708	2.4756045	0.6464345	-9.634268	2.3942018	0.50757074	-9.370906	3.7732618	0.56982	-9.452309	3.821146	0.61291564	-9.414001	3.53863	0.61770403	-9.414001	3.4380736	0.58897364	-9.3661175	3.643975	0.545878	-9.404425	3.572149	0.90979666	-9.490616	3.241749	-4.185065	-4.7788267	11.57836	-2.2457612	-8.456321	5.12838	0.2777274	-7.9008656	5.8562174	0.047884032	-8.619126	4.4196963	0.6895301	-9.054871	4.381389	0.89064306	-9.150639	4.1706996	7.6375036	-7.536947	1.3982137	-3.6535518	-7.431602	4.0222588
1	2.920926	-9.600749	2.408567	-0.5410896	-7.4124484	6.631939	-10.132261	-9.610326	1.3311762	-5.3342814	-8.231265	1.5753847	-5.3438582	-8.121132	1.5610195	-5.2863975	-8.269572	1.6472107	-5.2959743	-8.12592	1.6376339	-5.3486466	-8.1881695	1.6184803	-5.425261	-8.269572	1.5514427	-5.363012	-8.1642275	1.5514427	-5.583278	-8.485051	2.207454	-5.171476	-7.311892	0.94331545	2.1547816	-10.01734	6.7372837	1.1061212	-7.513005	6.8186865	-1.508347	-1.5897499	4.1611223	0.24899697	-8.106767	5.9280434	0.29688102	-8.279149	6.081272	0.34955344	-8.303091	5.899313	0.6368576	-8.355764	5.932832	2.3463178	-8.331821	2.96881
1	0.59376204	-9.653421	5.3199162	-0.10055647	-8.082825	5.8945246	0.090979666	-8.240842	5.913678	0.009576807	-8.690952	4.8123455	0.0047884034	-8.6095495	5.2959743	-0.038307227	-8.643068	5.439626	0.1388637	-8.801085	5.0661306	-0.01436521	-9.006987	3.7828386	-0.06703765	-9.112331	4.189853	0.6751649	-7.2592196	5.899313	-8.2169	-5.9519854	0.6847417	-6.6606693	-7.0245876	-0.641646	-6.244078	-8.09719	2.327164	-7.929596	-6.5744777	0.05267244	-7.809886	-4.2904096	-1.0199299	-3.739743	10.793061	13.642161	-2.1787236	5.0613422	10.065224	-4.5298295	-5.118803	-0.08140286	-5.257667	-8.403648	1.4891934	-5.094861	-8.365341	1.3551182
1	-5.5976434	-8.121132	0.9768343	-5.3103395	-8.868123	1.3503298	-5.315128	-8.394072	1.3503298	-5.482722	-9.749189	10.266336	-0.78050977	-0.6703765	9.993398	-0.94331545	-0.5267244	9.902418	1.1827357	-6.181829	7.967903	4.3718123	-0.095768064	6.339846	1.6950948	-1.2449849	10.184934	1.2785037	0.5650316	10.0508585	0.35434186	1.9728222	8.183381	3.1172507	6.4787097	6.469133	2.183512	3.514688	10.553641	-1.1252748	-8.015787	5.8705826	-0.25857377	-0.23463176	10.031705	-3.892972	-8.513782	0.40222588	4.1515455	-6.5984197	-8.087613	1.9871874	-24.655489	1.5945383	3.9600096	-3.6008794	8.283937	5.6886234	-1.2354081	8.298303
2	0.34476504	7.9631147	7.8865004	4.879383	-20.18312	-3.4380736	-3.2609026	-3.9743748	2.480393	1.292869	6.0285997	6.861782	-16.429012	-7.627927	6.2345014	-5.2002063	3.1507695	10.644621	-6.105214	1.6280571	7.445967	-7.1826053	6.05733	1.3790601	-6.167464	6.531382	3.098097	-6.2009826	6.1530986	3.9983168	-6.033388	6.244078	4.0222588	-5.104438	6.7085533	3.490746	-7.398083	5.401319	2.566584	-1.6903064	3.8786068	6.8282633	-8.585608	0.50757074	4.5394063	-7.9583263	2.6479871	0.6991069	-7.6853876	-1.532289	6.066907	-10.477027	2.1883004	2.4420857	-4.8123455	1.4413095	8.48984	-4.984728	1.6950948	8.226477
2	-2.0015526	-2.5761611	9.548077	-1.7908629	-2.8491	9.361329	-1.8052281	-3.0454245	9.3661175	4.6160207	-6.517017	16.989256	1.2066777	-7.153875	6.933608	3.6535518	-2.3558946	6.4068837	-7.311892	-7.848193	0.095768064	0.272939	-0.21547815	10.462662	-16.879122	-6.05733	6.813898	-9.921572	0.8283938	20.561403	-5.741296	2.882619	7.4603324	-5.7508726	2.9017725	7.28795	-5.9424086	2.0111294	7.2209125	-6.042965	1.9632454	7.1347213	-5.813122	1.7046716	7.6375036	-6.253655	1.70946	7.9248075	-3.4524388	-1.3311762	9.370906	-3.6391866	-1.3742718	9.169792	-4.060566	1.9201498	8.619126	-5.746084	1.1731589	8.221688
2	0.6560113	2.3750482	9.260772	-5.1762643	-3.6104562	7.833828	-6.8186865	-2.8921957	6.05733	-7.9391727	-2.6384103	4.8219223	-8.537724	-4.3622355	2.2505496	-2.9831753	-9.035717	5.1379566	4.0892963	3.265691	-8.628703	4.1419687	2.6719291	-8.676587	5.626374	2.633622	-7.1395097	4.390966	1.0726024	-8.896853	4.1802764	1.340753	-8.5473	3.8738184	1.5275006	-9.188946	3.8977604	1.4700398	-9.035717	3.821146	1.508347	-9.02614	3.4955344	1.6376339	-9.021352	3.572149	1.5801731	-9.088389	3.5194764	1.5849615	-9.016563	3.596091	1.4987702	-9.232041	3.596091	1.5753847	-9.141062	3.3806129	1.3934253	-9.193734
1	-5.243302	2.801216	9.414001	1.9009962	-1.5849615	8.51857	1.6376339	-8.762778	5.9807158	2.2505496	-3.7062242	9.629479	3.217807	-9.260772	4.4675803	1.13964	-10.477027	-0.91458505	3.217807	-7.7907324	7.4603324	0.16759412	-12.349293	4.271256	-0.5315128	-4.2664676	9.083601	-0.521936	-4.405331	9.093178	-0.5267244	-4.3526587	9.165004	2.480393	-7.4507556	4.5681367	2.2170308	-5.7125654	8.743625	0.076614454	2.944868	9.56723	-0.6847417	0.8619126	10.34774	2.9592333	-7.1059904	6.4404025	2.585738	-2.327164	10.127473	3.5769374	-5.9663506	7.493851	6.612785	-7.3406224	5.056554	5.085284	-6.9048777	5.6215854
1	9.557653	1.460463	2.7964275	9.528923	1.436521	2.896984	9.576807	1.4317327	3.040636	9.514558	1.4508862	2.8538885	9.56723	1.3934253	2.791639	9.5385	1.4748282	2.7820623	9.605537	1.4413095	2.873042	9.533711	1.5131354	2.8060043	9.581595	1.340753	2.873042	9.552865	1.4173675	3.0550013	9.524135	1.4700398	2.777274	9.514558	1.3838485	2.9017725	9.576807	1.436521	2.9496565	9.557653	1.5035586	2.7629087	9.476251	1.3982137	2.7581203	9.500193	1.4700398	2.8538885	9.519346	1.4508862	2.825158	9.600749	1.4460979	2.7246015	9.519346	1.460463	2.9161377	9.528923	1.4556746	2.7724855
1	9.495404	1.4317327	2.8395233	9.610326	1.436521	2.873042	9.514558	1.4269443	2.7868507	9.442732	1.484405	2.8395233	9.557653	1.4796166	2.920926	9.533711	1.484405	2.9257145	9.639056	1.4796166	2.8682537	9.481039	1.3024458	2.8874073	9.514558	1.4413095	2.8682537	9.533711	1.4413095	2.8203697	9.552865	1.5370775	2.8491	9.595961	1.4077905	2.834735	9.581595	1.4748282	2.7964275	9.576807	1.4939818	2.882619	9.629479	1.4748282	2.9400797	9.514558	1.4221559	2.8060043	9.504981	1.340753	2.9640217	9.595961	1.4508862	2.8299465	9.495404	1.4317327	2.906561	9.557653	1.3982137	2.825158
1	-9.241618	0.36391866	1.5227122	-9.208099	0.4405331	1.5705963	-9.188946	0.4357447	1.4796166	-9.203311	0.50757074	1.541866	-9.255983	0.41180268	1.412579	-9.188946	0.41180268	1.4460979	-9.294291	0.44532153	1.3263878	-9.294291	0.4309563	1.4317327	-9.241618	0.4357447	1.5658079	-9.222465	0.45010993	1.5179238	-9.11712	0.39264908	1.5370775	-9.251195	0.4165911	1.3790601	-9.323022	0.39743748	1.436521	-9.275137	0.51235914	1.4508862	-9.284714	0.45010993	1.4939818	-9.107543	0.41180268	1.4796166	-9.251195	0.45489833	1.5370775	-9.32781	0.40222588	1.4939818	-9.23683	0.4309563	1.460463	-9.313444	0.4165911	1.5658079
1	-9.275137	0.37828386	1.460463	-9.251195	0.4405331	1.412579	-9.251195	0.45489833	1.4460979	-9.141062	0.45489833	1.508347	-9.251195	0.4261679	1.3838485	-9.222465	0.4213795	1.436521	-9.112331	0.45010993	1.4939818	-9.155427	0.37349546	1.5658079	-9.3182335	0.4213795	1.661576	-9.160215	0.48362875	1.6424223	-9.212888	0.4165911	1.4221559	-9.313444	0.44532153	1.5227122	-9.188946	0.4261679	1.4748282	-9.078813	0.46926352	1.4987702	-9.217676	0.3878607	1.5227122	-9.232041	0.51235914	1.6424223	5.3007627	6.799533	3.4620156	9.816227	-3.3327289	1.0342951	9.662998	-2.8921957	1.5227122	11.736377	-2.2601264	1.8818425
1	8.350976	-1.9009962	4.0892963	9.337387	-0.62728083	3.3901896	3.821146	-3.3135753	12.167333	-5.415684	-5.535394	8.513782	-0.22026655	-12.191275	6.555324	-5.9807158	-7.728483	5.1523223	-5.602432	-5.3342814	9.284714	-7.005434	-17.166426	10.960655	-14.528016	-17.51119	13.670892	3.1651347	-6.6415157	8.7771435	-1.7190368	2.825158	-43.871353	8.8777	0.7374141	2.9783869	8.039729	3.2561142	-1.2497733	9.983821	0.7134721	-1.2880806	10.180145	1.0486604	-1.4891934	9.849746	1.0534488	-1.6903064	9.902418	0.91458505	-1.661576	9.945514	-1.6089035	1.4173675	5.171476	4.8458643	-0.60333884	0.45968673	5.779603	7.2352777
1	-1.0630256	5.851429	7.350199	-22.275652	-4.4196963	-14.681245	-27.475859	-12.813767	-20.187908	25.292347	15.021221	-8.5473	40.303993	9.232041	-8.954314	-0.5315128	-6.7803793	12.684481	36.090195	-3.347094	-23.831884	1.1731589	2.72939	-46.00698	-1.1492168	-13.517663	-72.65444	0.4405331	-5.0996494	-9.816227	1.3359646	-1.1875241	-15.241488	5.568913	-3.9264908	-46.75876	14.12579	-4.3047748	-57.259727	2.432509	3.2034419	-69.46537	15.433024	-4.7884035	-54.994812	-11.473015	-13.637373	-56.756947	6.220136	-5.7125654	-45.79629	13.168109	-5.889736	-41.003098	-6.8809357	-2.27928	-13.426683	-0.30166942	0.39743748	-13.939042
1	10.093954	-1.5610195	2.4037786	9.868899	-1.541866	2.3702598	9.859323	-1.508347	2.303222	9.983821	-1.3982137	2.3080103	9.916783	-1.3838485	2.2361844	9.902418	-1.5801731	2.3654714	9.969456	-1.5370775	2.2457612	9.825804	-1.484405	2.2888567	9.9550905	-1.4508862	2.2218192	10.036493	-1.4700398	2.2649148	9.911995	-1.5035586	2.3558946	10.0029745	-1.4700398	2.2936451	9.792285	-1.5610195	2.2744915	9.988609	-1.5514427	2.3223755	9.821015	-1.5131354	2.408567	9.940725	-1.5610195	2.408567	9.969456	-1.4939818	2.3175871	9.969456	-1.5610195	2.3127987	9.835381	-1.5658079	2.2984335	9.92636	-1.436521	2.3080103
1	9.935937	-1.5275006	2.1787236	9.854534	-1.8100165	2.5378537	9.892841	-1.5275006	2.4181437	10.055647	-1.5179238	2.2984335	9.964667	-1.4796166	2.3654714	9.983821	-1.4556746	2.3415294	9.835381	-1.6041151	2.3511062	9.902418	-1.484405	2.3702598	9.921572	-1.4652514	2.3511062	9.931149	-1.4413095	2.2026656	9.868899	-1.5370775	2.3894134	9.854534	-1.5131354	2.3750482	9.935937	-1.5227122	2.3989902	9.80665	-1.5131354	2.2649148	9.883265	-1.5849615	2.2457612	9.840169	-1.4939818	2.1499932	9.888053	-1.5610195	2.3894134	9.959879	-1.6041151	2.3654714	9.993398	-1.412579	2.1021092	9.816227	-1.4317327	2.327164
1	9.931149	-1.5753847	2.3080103	9.864111	-1.532289	2.183512	9.92636	-1.6328455	2.1452048	9.988609	-0.79008657	3.098097	9.9550905	-1.4269443	2.255338	10.01734	-2.9879637	2.111686	9.964667	-1.7429788	2.1212628	9.859323	-1.9967642	1.2545617	9.883265	-1.6998832	1.934515	10.19451	-1.3024458	1.9919758	9.993398	-1.7190368	1.8100165	9.9550905	-1.7190368	1.958457	9.931149	-1.8243817	1.9393034	10.031705	-1.7190368	1.9776106	9.878476	-1.7286136	1.6711528	10.079589	-1.8052281	2.0446482	10.01734	-1.757344	1.8770541	9.993398	-1.7717092	1.8866309	9.9550905	-1.7525556	1.8483237	10.031705	-1.8148049	1.8531121
1	10.041282	-1.6711528	1.8626889	9.969456	-1.7238252	2.0829554	9.993398	-1.8914193	1.910573	10.117896	-1.5993267	1.9153614	10.060435	-1.7669208	1.9776106	9.921572	-1.7956513	1.8722657	10.01734	-1.7812861	1.8052281	9.916783	-1.460463	1.5562311	10.0029745	-1.8626889	1.8004397	10.0748005	-1.757344	2.0159178	9.864111	-1.7669208	1.9201498	10.089166	-1.7908629	1.8866309	9.907207	-1.7525556	1.8100165	9.959879	-1.7429788	1.910573	9.998186	-1.6519991	1.70946	9.9550905	-1.7669208	2.006341	9.935937	-1.7812861	1.9393034	9.9790325	-1.661576	1.8770541	9.725247	-1.8100165	2.2361844	9.969456	-1.7621324	1.8435353
1	9.974244	-1.8579005	1.9919758	9.974244	-1.7717092	1.9488802	10.022128	-1.7142484	1.8722657	9.998186	-1.7812861	1.8243817	9.974244	-1.9776106	1.8579005	9.993398	-1.7381904	2.0015526	9.998186	-1.7477672	2.030283	10.0029745	-1.6328455	1.9488802	10.041282	-1.7669208	1.8914193	10.055647	-1.7764976	1.9440918	10.04607	-1.7621324	1.8674773	10.089166	-1.7956513	1.9153614	10.01734	-1.7238252	1.8962077	9.902418	-1.8052281	1.7046716	9.9790325	-1.6807296	1.4413095	9.964667	-1.8339585	1.8483237	10.022128	-1.733402	1.8387469	9.983821	-1.8914193	1.9728222	10.0269165	-1.6759412	1.7812861	9.9790325	-1.757344	1.982399
1	9.959879	-1.7525556	1.9536686	10.041282	-1.7621324	1.9393034	9.974244	-1.7764976	2.1452048	9.940725	-1.8339585	1.7860745	10.060435	-1.6998832	2.0111294	9.993398	-1.7525556	2.0829554	9.9790325	-1.70946	1.9393034	9.988609	-1.7429788	1.9009962	9.964667	-1.532289	1.6903064	10.012551	-1.7190368	1.8195933	10.0029745	-1.7812861	1.9967642	10.012551	-2.111686	2.3654714	10.041282	-1.9009962	1.5514427	9.89763	-1.8626889	2.0590134	10.031705	-1.8100165	1.958457	9.993398	-1.8962077	1.958457	9.974244	-1.6376339	1.9201498	10.007763	-1.8148049	2.0590134	9.89763	-1.8052281	1.8195933	9.9550905	-1.8291701	1.8914193
1	9.763555	-1.7046716	1.8818425	9.9790325	-1.7142484	2.0254946	9.9790325	-1.661576	1.7956513	9.950302	-1.7525556	1.9297266	10.031705	-1.6328455	1.7812861	10.01734	-1.6376339	1.8291701	9.974244	-1.6807296	1.8387469	10.031705	-1.8148049	2.183512	9.892841	-1.7908629	1.7525556	9.916783	-1.685518	2.006341	10.180145	-1.7525556	1.9249382	9.998186	-1.8243817	1.8291701	9.993398	-1.6759412	1.9009962	9.9790325	-1.8004397	1.8722657	10.041282	-1.6903064	1.8148049	9.9550905	-1.661576	1.7717092	9.931149	-1.6472107	1.9297266	10.04607	-1.6472107	1.6663644	10.070012	-1.757344	1.9057846	10.022128	-1.6519991	1.9967642
1	9.935937	-1.6519991	1.7764976	10.065224	-1.7381904	2.0207062	10.084377	-1.7238252	1.9153614	10.055647	-1.70946	1.910573	9.959879	-1.7190368	1.8866309	10.041282	-1.7190368	1.8531121	9.993398	-1.757344	1.8914193	10.065224	-1.6328455	1.9967642	9.9550905	-1.7286136	1.8866309	10.031705	-1.6472107	1.8052281	10.060435	-1.6998832	1.7717092	9.964667	-1.7717092	2.0159178	9.92636	-1.9009962	2.0207062	9.92636	-1.7621324	1.9153614	9.864111	-1.6089035	1.685518	9.9790325	-1.7190368	1.8866309	10.117896	-1.6711528	1.7525556	10.0029745	-1.6950948	1.8674773	10.022128	-1.8195933	2.0111294	9.945514	-1.7429788	1.9297266
1	9.940725	-1.5849615	1.7860745	9.993398	-1.685518	1.9393034	10.0269165	-1.6424223	1.8387469	10.0748005	-1.6711528	1.7046716	9.974244	-1.6041151	1.8770541	10.0029745	-1.6328455	1.8962077	10.060435	-1.7046716	1.7860745	10.007763	-1.7477672	1.8866309	9.931149	-1.685518	1.7717092	10.022128	-1.7621324	1.7381904	10.036493	-1.6232687	1.9440918	9.916783	-1.6711528	1.9393034	9.993398	-1.6136919	1.8722657	9.92636	-1.6807296	1.8722657	9.998186	-1.661576	1.7956513	9.998186	-1.685518	1.8052281	10.012551	-1.6184803	1.8291701	9.916783	-1.6567876	1.9536686	10.089166	-1.6903064	1.8531121	9.998186	-1.661576	1.9728222
1	10.160992	-1.6232687	1.8914193	10.012551	-1.685518	1.8962077	9.935937	-1.6136919	2.0350714	9.940725	-1.6998832	1.9728222	10.079589	-1.6663644	1.934515	10.113108	-1.6759412	1.934515	10.060435	-1.7142484	1.9776106	10.0508585	-1.6472107	1.9488802	9.998186	-1.6089035	1.8387469	10.04607	-1.6903064	1.8962077	10.041282	-1.6519991	1.9153614	10.113108	-1.6184803	1.8531121	9.998186	-1.661576	1.9440918	10.0269165	-1.6232687	1.9153614	9.931149	-1.6998832	1.9201498	9.993398	-1.6807296	1.8914193	10.0029745	-1.6472107	1.8866309	9.988609	-1.6376339	1.8339585	10.0269165	-1.685518	1.8579005	9.902418	-1.6567876	1.8722657
1	9.974244	-1.6472107	1.9297266	10.079589	-1.6663644	2.078167	9.935937	-1.7717092	1.8291701	9.983821	-1.6998832	1.7525556	10.022128	-1.6998832	1.8100165	10.108319	-1.6998832	1.8674773	10.031705	-1.5897499	1.9297266	10.022128	-1.661576	1.7525556	9.969456	-1.5897499	1.934515	10.041282	-1.6950948	1.8722657	9.983821	-1.6759412	2.0207062	10.036493	-1.6903064	1.8962077	10.012551	-1.6472107	1.7860745	10.007763	-1.6328455	1.958457	10.060435	-1.6998832	1.9153614	9.993398	-1.6280571	1.958457	10.079589	-1.7046716	1.8004397	9.998186	-1.70946	1.910573	10.055647	-1.6759412	1.8866309	10.0748005	-1.6519991	1.7669208
1	9.959879	-1.6759412	1.9488802	10.0269165	-1.7669208	1.7812861	9.902418	-1.7860745	1.6807296	9.854534	-1.6041151	1.541866	10.089166	-1.6807296	1.8962077	10.065224	-1.685518	1.8387469	10.036493	-1.7142484	1.8962077	9.92636	-1.733402	1.9153614	9.873688	-1.8195933	2.0350714	9.9790325	-1.7717092	1.9776106	10.060435	-1.8579005	1.9249382	9.950302	-1.7717092	1.8531121	10.01734	-1.7956513	1.9249382	10.065224	-1.7286136	1.8722657	10.01734	-1.7717092	1.934515	9.988609	-1.8148049	1.8962077	9.916783	-1.70946	1.70946	10.108319	-1.7381904	1.8866309	10.314221	-1.7142484	1.7381904	9.988609	-1.7908629	1.8387469
1	10.055647	-1.8483237	1.910573	9.969456	-1.7812861	1.8866309	10.041282	-1.6807296	1.8579005	9.993398	-1.6950948	1.8962077	10.022128	-1.7956513	1.9393034	10.01734	-1.7381904	1.8291701	10.022128	-1.7046716	1.8387469	10.0508585	-1.7908629	1.8243817	9.988609	-1.7286136	1.9153614	10.079589	-1.7046716	1.8531121	10.0029745	-1.7381904	1.70946	10.0748005	-1.7381904	1.9440918	9.916783	-1.8100165	1.8914193	9.998186	-1.6998832	1.934515	9.993398	-1.6950948	1.8483237	9.940725	-1.7381904	1.8674773	9.9550905	-1.7286136	1.8531121	10.1226845	-1.70946	1.8339585	10.055647	-1.7812861	1.7956513	9.998186	-1.6567876	1.9871874
1	10.0748005	-1.6089035	1.9009962	9.892841	-1.8435353	1.9057846	10.0748005	-1.7238252	2.0207062	10.065224	-1.5370775	1.6376339	9.864111	-1.7525556	1.8866309	10.007763	-1.661576	1.934515	10.036493	-1.6950948	1.9680338	9.9790325	-1.6328455	1.8195933	9.935937	-1.6903064	1.9776106	10.041282	-1.6759412	1.8291701	10.055647	-1.6998832	1.7525556	10.060435	-1.7286136	1.9009962	10.022128	-1.7286136	1.9440918	9.993398	-1.70946	1.8291701	9.998186	-1.6759412	1.8962077	9.9550905	-1.6232687	1.8387469	10.041282	-1.6998832	2.0111294	10.022128	-1.7812861	1.7669208	10.041282	-1.6184803	1.9440918	10.01734	-1.6903064	1.8914193
1	10.01734	-1.7142484	1.8818425	10.022128	-1.5227122	1.9009962	10.060435	-1.6376339	1.6950948	10.055647	-1.7764976	1.8291701	10.0269165	-1.7142484	1.8962077	10.060435	-1.7717092	1.8722657	9.969456	-1.6472107	1.9057846	9.859323	-1.7956513	2.0494366	10.036493	-1.7142484	1.9057846	10.089166	-1.6472107	2.0207062	10.041282	-1.6472107	1.7908629	10.055647	-1.7764976	1.8339585	10.089166	-1.6759412	1.934515	10.117896	-1.6711528	1.8291701	9.974244	-1.7621324	1.9536686	9.945514	-1.7190368	1.9153614	10.060435	-1.661576	1.8387469	10.132261	-1.7908629	2.0015526	10.01734	-1.6998832	1.8387469	9.993398	-1.7286136	1.8387469
1	10.060435	-1.7429788	1.8962077	10.376471	-1.7812861	1.8674773	10.022128	-1.6472107	2.1260512	10.160992	-1.6663644	1.9680338	10.0269165	-1.7190368	1.934515	9.921572	-1.7190368	1.9393034	9.998186	-1.6807296	1.8962077	10.01734	-1.6807296	1.9919758	10.079589	-1.5945383	1.8291701	9.940725	-1.6950948	1.8052281	9.940725	-1.7286136	1.910573	9.964667	-1.6280571	1.8483237	9.969456	-1.6903064	1.9680338	10.01734	-1.7190368	1.8674773	10.0508585	-1.7046716	1.9536686	10.041282	-1.7621324	1.8148049	10.0748005	-1.6950948	2.0015526	10.031705	-1.6903064	2.054225	10.0269165	-1.757344	1.9632454	9.983821	-1.7190368	1.8483237
1	9.964667	-1.8148049	1.8962077	9.888053	-1.8291701	1.8387469	9.921572	-1.685518	2.054225	10.012551	-1.5179238	1.6759412	9.9790325	-1.6184803	1.685518	10.060435	-1.6424223	1.8818425	10.141838	-1.661576	2.0015526	9.983821	-1.757344	1.9728222	10.041282	-1.6759412	1.8483237	10.0269165	-1.8052281	1.7812861	10.103531	-1.3599066	1.6711528	10.065224	-1.7190368	2.0350714	9.9790325	-1.7812861	1.934515	9.907207	-1.7286136	1.8531121	10.0508585	-1.5562311	1.8100165	9.9790325	-1.6472107	1.9536686	10.022128	-1.7286136	1.6950948	9.9550905	-1.6759412	1.7812861	10.012551	-1.7764976	1.910573	9.988609	-1.733402	1.910573
1	10.0029745	-1.5658079	1.910573	9.983821	-1.6903064	1.8962077	9.950302	-1.5179238	1.7477672	10.065224	-1.6519991	1.8866309	10.036493	-1.6567876	1.7812861	9.9790325	-1.6041151	1.8579005	9.849746	-1.6232687	1.8722657	10.065224	-1.6567876	1.8004397	10.031705	-1.7286136	1.9057846	9.289502	-1.2976574	2.2840683	10.022128	-1.6328455	1.7956513	10.0748005	-1.6950948	1.7956513	10.031705	-1.7860745	2.0207062	9.9550905	-1.6998832	1.9201498	9.964667	-1.6184803	1.7525556	10.175357	-1.7046716	1.757344	9.868899	-1.7908629	1.934515	9.974244	-1.7381904	1.9776106	9.9790325	-1.7238252	1.8674773	10.036493	-1.6376339	1.8243817
1	10.01734	-1.5370775	1.7764976	10.012551	-1.6950948	1.9536686	10.084377	-1.7908629	2.0015526	9.993398	-1.8148049	1.8339585	10.0508585	-1.7621324	1.934515	10.079589	-1.5131354	1.5897499	9.988609	-1.5849615	1.8722657	10.036493	-1.6519991	1.8339585	10.065224	-1.70946	1.8052281	10.338163	-1.685518	1.910573	10.041282	-1.6041151	1.8866309	10.0029745	-1.6950948	1.7908629	10.093954	-1.70946	2.0111294	9.854534	-1.5849615	1.8483237	9.916783	-1.7142484	1.8770541	10.0029745	-1.6041151	1.9393034	9.921572	-1.6950948	1.8674773	10.01734	-1.8243817	1.8866309	10.060435	-1.7812861	1.910573	9.864111	-1.7860745	1.8483237
1	9.988609	-1.6903064	1.8962077	10.036493	-1.6519991	1.9057846	10.031705	-1.7525556	1.8626889	10.093954	-1.6280571	1.7908629	10.0748005	-1.685518	1.9728222	9.9550905	-1.7190368	1.8291701	10.0029745	-1.6998832	1.8722657	9.892841	-1.661576	1.9871874	10.113108	-1.6711528	1.8387469	10.108319	-1.6903064	1.9393034	10.036493	-1.6807296	1.8100165	9.9550905	-1.6807296	1.8818425	10.0748005	-1.757344	2.0207062	10.031705	-1.6807296	1.9680338	10.0508585	-1.6759412	1.8100165	10.0029745	-1.6328455	1.9297266	10.060435	-1.6950948	1.8674773	9.9790325	-1.6232687	1.8866309	10.065224	-1.7190368	1.8531121	9.921572	-1.6998832	1.757344
1	9.9550905	-1.7286136	1.8674773	9.964667	-1.6759412	2.1212628	10.01734	-1.9057846	1.8052281	10.132261	-1.6519991	1.8483237	10.0748005	-1.7381904	1.8866309	9.998186	-1.6328455	1.8818425	10.055647	-1.5370775	1.8914193	9.92636	-1.5849615	1.9967642	9.916783	-1.5945383	1.8435353	9.940725	-1.5705963	1.8148049	9.902418	-1.6519991	1.8914193	9.998186	-1.7142484	1.9632454	10.012551	-1.733402	1.7908629	10.0029745	-1.70946	1.733402	10.012551	-1.7669208	1.8866309	10.060435	-1.7046716	1.8483237	10.036493	-1.7669208	1.8674773	9.974244	-1.7429788	1.8674773	9.974244	-1.6759412	1.8483237	10.012551	-1.6807296	1.8483237
1	9.892841	-1.7142484	1.8195933	9.998186	-1.685518	1.8148049	10.089166	-1.7046716	1.8531121	10.079589	-1.757344	1.8914193	9.998186	-1.7142484	1.8579005	9.873688	-1.6711528	1.7812861	10.132261	-1.7190368	1.7477672	9.9550905	-1.6089035	1.8674773	10.060435	-1.6711528	1.7477672	10.022128	-1.5945383	1.7764976	10.041282	-1.6759412	1.70946	10.13705	-1.8052281	1.7908629	10.070012	-1.7190368	1.7812861	10.079589	-1.7286136	1.8291701	10.060435	-1.7669208	1.8483237	9.9790325	-1.5993267	1.8148049	9.988609	-1.661576	1.8531121	10.022128	-1.7381904	1.8531121	10.031705	-1.7381904	1.8914193	9.998186	-1.8339585	1.8243817
1	9.907207	-1.6998832	1.8052281	10.065224	-1.8339585	1.7477672	10.089166	-1.7764976	1.6232687	10.022128	-1.661576	1.6950948	10.022128	-1.6424223	1.6903064	10.041282	-1.6950948	1.9297266	10.079589	-1.5945383	1.9009962	9.931149	-1.7286136	1.7381904	9.9790325	-1.6711528	1.8052281	10.1226845	-1.6950948	1.7525556	10.036493	-1.8052281	1.733402	9.998186	-1.8339585	1.7860745	10.070012	-1.7381904	1.7286136	9.969456	-1.7525556	1.8722657	10.041282	-1.7669208	1.8626889	9.983821	-1.7477672	1.8579005	10.070012	-1.685518	1.8291701	10.084377	-1.7190368	1.8483237	10.060435	-1.7190368	1.6998832	10.084377	-1.7812861	1.8435353
1	10.04607	-1.7525556	1.6998832	10.055647	-1.7142484	1.661576	10.055647	-1.7286136	1.8818425	10.079589	-1.7429788	1.661576	10.065224	-1.8483237	1.7477672	10.031705	-1.7860745	1.7429788	10.055647	-1.8148049	1.685518	10.156203	-1.8531121	1.7764976	9.998186	-1.6903064	1.7429788	9.974244	-1.8100165	1.6472107	9.993398	-1.8291701	1.685518	10.108319	-1.7621324	1.8052281	9.998186	-1.8100165	1.733402	10.0269165	-1.8626889	1.910573	10.0987425	-1.8387469	1.661576	10.065224	-1.733402	1.685518	10.012551	-1.7525556	1.8291701	10.0748005	-1.7621324	1.7860745	9.9790325	-1.6950948	1.7669208	9.974244	-1.8052281	1.6232687
1	9.878476	-1.8291701	1.8291701	9.988609	-1.6089035	1.541866	10.093954	-1.7764976	1.8387469	10.13705	-1.7717092	1.7717092	10.113108	-1.8243817	1.6519991	10.041282	-1.7956513	1.7621324	10.022128	-1.8674773	1.6998832	10.012551	-1.9009962	1.8770541	10.031705	-1.6711528	1.5753847	10.117896	-1.7621324	1.8100165	10.065224	-1.661576	1.8100165	10.022128	-1.7860745	1.70946	10.093954	-1.8387469	1.757344	9.959879	-1.7717092	1.8243817	10.117896	-1.8052281	1.8483237	10.13705	-1.7429788	1.757344	10.0748005	-1.8243817	1.733402	10.055647	-1.7190368	1.661576	10.113108	-1.7908629	1.757344	9.983821	-1.7142484	1.7860745
1	10.079589	-1.8052281	1.8387469	10.156203	-1.6567876	1.7669208	10.012551	-1.9919758	1.7956513	10.070012	-1.7381904	1.6424223	10.012551	-1.7908629	1.6519991	10.0748005	-1.8100165	1.6472107	10.084377	-1.7860745	1.8339585	10.0987425	-1.7238252	1.7860745	10.1226845	-1.8674773	1.7812861	10.141838	-1.7190368	1.6328455	10.036493	-1.8195933	1.6041151	10.065224	-1.6376339	1.7429788	10.141838	-1.7717092	1.6998832	9.9550905	-1.8818425	1.70946	9.916783	-1.8004397	1.7429788	9.993398	-1.7525556	1.7956513	10.041282	-1.7717092	1.8387469	10.041282	-1.70946	1.8674773	10.089166	-1.757344	1.6711528	10.01734	-1.8387469	1.6424223
1	9.940725	-1.7764976	1.7477672	10.113108	-1.8339585	1.5753847	10.041282	-1.8435353	1.7381904	10.0508585	-1.8243817	1.6998832	10.228029	-1.7908629	1.7381904	9.959879	-1.7717092	1.661576	10.012551	-1.8483237	1.6232687	10.0269165	-1.8435353	1.7669208	10.132261	-1.8579005	1.6807296	10.1226845	-1.8435353	1.6663644	10.041282	-1.7477672	1.6089035	10.007763	-1.8243817	1.7525556	10.0029745	-1.9632454	1.5849615	9.998186	-1.8579005	1.5562311	9.964667	-1.7956513	1.7477672	9.959879	-1.8387469	1.733402	9.9790325	-1.7238252	1.5849615	10.108319	-1.9201498	1.7477672	9.888053	-1.8004397	1.541866	10.060435	-1.8818425	1.6089035
1	10.0748005	-1.8100165	1.6136919	10.04607	-1.7812861	1.70946	10.0029745	-1.7525556	1.6280571	9.935937	-1.7717092	1.7956513	9.998186	-1.8100165	1.7717092	10.060435	-1.9632454	1.8914193	9.715671	-1.910573	1.7238252	10.0987425	-1.9536686	1.5705963	9.988609	-1.8100165	1.6759412	10.079589	-1.9967642	1.7860745	10.060435	-1.8339585	1.6998832	9.916783	-1.7717092	1.8339585	9.988609	-1.7621324	1.6089035	10.0748005	-1.8100165	1.8052281	10.156203	-1.8962077	1.5562311	10.151415	-1.4891934	2.1212628	9.9790325	-1.9057846	1.7525556	10.036493	-1.8531121	1.661576	9.993398	-1.8291701	1.7812861	10.132261	-1.7764976	1.7477672
1	10.151415	-1.8100165	1.7286136	10.055647	-1.8914193	1.8148049	10.117896	-1.8626889	1.661576	10.184934	-1.958457	1.8052281	10.012551	-1.8100165	1.6280571	10.04607	-1.8387469	1.6663644	10.055647	-1.9009962	1.6136919	9.998186	-1.8866309	1.7477672	9.983821	-1.8626889	1.6807296	10.036493	-1.7812861	1.6759412	10.0029745	-1.7621324	1.6759412	10.0508585	-1.7908629	1.8148049	10.089166	-1.8148049	1.7238252	10.084377	-1.8866309	1.4748282	9.983821	-1.7860745	1.7381904	10.0269165	-1.8148049	1.7812861	10.1226845	-1.8291701	1.8100165	10.022128	-1.8531121	1.8770541	10.060435	-1.757344	1.6424223	10.079589	-1.8100165	1.733402
1	10.103531	-1.8148049	1.6759412	10.0029745	-1.8818425	1.7812861	10.108319	-1.8914193	1.7190368	10.01734	-1.8100165	1.6089035	10.0029745	-1.7764976	1.6950948	10.117896	-1.8866309	1.7764976	10.084377	-1.8387469	1.6232687	10.055647	-1.8531121	1.7669208	10.031705	-1.7860745	1.6903064	10.060435	-1.7860745	1.6903064	10.007763	-1.7764976	1.6711528	10.065224	-1.8435353	1.5849615	10.04607	-1.8243817	1.7477672	10.156203	-1.7717092	1.7190368	9.9550905	-1.7812861	1.733402	10.156203	-1.757344	1.6376339	10.065224	-1.8626889	1.685518	10.079589	-1.8722657	1.6519991	10.012551	-1.7142484	1.6184803	10.041282	-1.8243817	1.5849615
1	10.0508585	-1.8100165	1.6280571	9.988609	-1.8243817	1.6424223	10.01734	-1.7956513	1.7142484	10.0748005	-1.8866309	1.8483237	9.974244	-1.9153614	1.8148049	10.022128	-1.8100165	1.7908629	10.0029745	-1.8962077	1.6663644	9.89763	-1.7525556	1.8195933	10.01734	-1.7860745	1.7429788	9.9790325	-1.8052281	1.6950948	10.089166	-1.8291701	1.6232687	10.055647	-1.7190368	1.6424223	9.993398	-1.9728222	1.8579005	10.146626	-1.7142484	1.685518	9.993398	-1.8626889	1.6472107	10.0508585	-1.7381904	1.7190368	10.007763	-1.7669208	1.8004397	10.007763	-1.7429788	1.8531121	9.9550905	-1.7477672	1.8243817	10.012551	-1.7381904	1.7477672
1	10.16578	-1.7908629	1.7621324	10.175357	-1.7812861	1.5849615	10.146626	-1.8531121	1.6903064	10.070012	-1.7956513	1.6328455	10.13705	-1.7717092	1.6903064	10.041282	-1.7525556	1.5466543	10.022128	-1.7956513	1.7238252	10.13705	-1.757344	1.7238252	10.055647	-1.7812861	1.532289	10.01734	-1.8674773	1.5705963	9.89763	-1.8818425	1.6711528	9.916783	-1.8866309	1.8531121	10.16578	-1.7908629	1.7429788	9.9790325	-1.8100165	1.8052281	10.04607	-1.8195933	1.5275006	9.998186	-1.7812861	1.5658079	10.036493	-1.7956513	1.7429788	9.950302	-1.7381904	1.5849615	10.012551	-1.8195933	1.661576	10.079589	-1.8052281	1.7046716
1	10.13705	-1.8052281	1.6232687	10.1226845	-1.7812861	1.6759412	10.012551	-1.7717092	1.7190368	10.007763	-1.7908629	1.685518	9.993398	-1.9057846	1.7046716	10.060435	-1.8195933	1.7238252	10.007763	-1.8626889	1.7908629	10.103531	-1.6950948	1.6472107	10.0748005	-1.8148049	1.685518	10.031705	-1.5945383	1.9009962	9.993398	-1.7908629	1.6232687	10.031705	-1.7860745	1.7286136	10.022128	-1.7908629	1.6424223	10.036493	-1.8291701	1.70946	10.007763	-1.7669208	1.7621324	9.964667	-1.7764976	1.6519991	10.13705	-1.8052281	1.7525556	10.91756	-1.8818425	1.8483237	10.007763	-1.7908629	1.6376339	10.103531	-1.8195933	1.5801731
1	9.92636	-1.8195933	1.6663644	10.060435	-1.733402	1.6424223	10.070012	-1.8148049	1.6663644	10.084377	-1.8483237	1.7477672	10.007763	-1.8579005	1.6376339	10.012551	-1.8579005	1.7429788	9.959879	-1.6807296	1.5466543	10.0748005	-1.7860745	1.7525556	10.022128	-1.7525556	1.6472107	10.242394	-1.8579005	1.7477672	10.0029745	-1.8100165	1.7046716	9.969456	-1.8626889	1.733402	10.0029745	-1.8100165	1.6711528	10.0748005	-1.7142484	1.6328455	10.127473	-1.8148049	1.8339585	10.012551	-1.8100165	1.7477672	10.146626	-1.8052281	1.6424223	9.821015	-1.8100165	1.541866	9.993398	-1.7812861	1.6807296	10.022128	-1.8531121	1.70946
1	-3.3183637	-0.49799395	9.112331	-3.1842883	-0.5554548	9.184157	-3.3901896	-0.51235914	9.208099	-3.2321723	-0.7661445	9.021352	0.5554548	-3.715801	9.088389	-2.9496565	0.08619126	9.069236	-3.0214825	-0.866701	9.68694	-0.7661445	1.934515	6.26802	-0.49320555	1.0773908	9.572019	-0.33039984	0.7613561	9.610326	-0.45010993	0.770933	9.734824	-0.3878607	0.7517793	9.706094	-0.5410896	0.6512229	9.749189	-0.6560113	0.641646	9.844957	-0.48362875	0.6368576	9.77792	-0.47884035	0.50278234	9.787497	-0.4261679	0.50278234	9.868899	-0.521936	0.51714754	9.821015	-0.62249243	0.58418524	9.797073	-0.48362875	0.50757074	9.840169
1	-4.189853	-9.203311	0.7278373	-5.4204726	-7.867347	2.767697	-5.7748146	-8.250419	1.8770541	-4.7165775	-9.126697	0.2681506	-3.892972	-8.90643	0.06703765	2.4420857	-9.849746	-0.7565677	-0.6655881	-9.619903	-0.0047884034	-1.1923125	1.4748282	7.97748	-4.0318356	-7.2927384	3.9264908	-3.9456444	-8.149862	1.958457	-5.1235914	-8.7053175	2.0015526	-4.5681367	-8.810662	1.1061212	-4.4580035	-8.882488	1.0007763	-4.122815	-10.007763	-0.34955344	-4.4005427	-10.352529	-0.80924016	-4.620809	-10.400413	-0.6943185	-3.7828386	-7.9391727	-0.2633622	-3.4141316	-7.536947	0.7278373	-3.074155	-6.933608	2.1452048	-3.2130187	-8.504205	0.16280572
1	1.1923125	-6.7708025	6.5122285	-1.4987702	-4.1706996	9.797073	-3.098097	-3.5529952	8.868123	-2.9879637	-3.5817258	8.820239	-2.791639	-3.916914	8.78672	-2.8538885	-3.7828386	8.839393	-2.96881	-3.1172507	8.911219	-2.8778305	-3.0262709	9.131485	-2.873042	-3.514688	8.935161	-3.0358477	-4.0414124	8.465898	-3.0358477	-4.027047	8.465898	-3.1651347	-4.1180267	8.441956	-3.1555579	-3.98874	8.508993	-2.906561	-3.347094	8.542512	-3.064578	-4.0222588	8.571242	-2.9783869	-3.8786068	8.623915	-3.1172507	-4.156334	8.825027	-3.0597897	-3.6822822	8.954314	-3.1986535	-3.572149	8.719683	-3.0597897	-3.715801	8.355764
1	0.842759	-4.333505	9.208099	0.545878	-4.4675803	9.14585	0.14844051	-4.237737	9.227253	1.0103531	-4.429273	9.23683	1.1492168	-4.31914	9.32781	1.1971009	-4.357447	9.179369	1.0007763	-4.333505	9.078813	0.6991069	-3.9121256	9.44752	1.163582	-3.821146	9.002198	1.388637	-4.8841715	9.093178	1.2401965	-5.0517654	8.508993	1.6950948	-3.7110126	9.251195	1.6567876	-3.9983168	9.356541	1.0055647	-3.1364043	9.050082	0.038307227	-3.7445314	9.495404	0.076614454	-1.8531121	9.931149	0.61770403	-5.2289367	7.8625584	0.5746084	-5.2480903	8.413225	-0.30645782	-4.6782703	9.006987	-0.60812724	-4.2760444	8.719683
1	0.46447513	-6.133945	8.508993	5.1475334	-8.231265	4.414908	2.336741	-7.920019	5.7987566	2.791639	-7.8290396	-6.2345014	2.2122424	-8.585608	-5.813122	2.360683	-9.011775	-4.951209	2.60968	-8.781932	-5.046977	2.585738	-8.39886	-5.693412	4.0174704	-8.169016	-4.759673	3.8977604	-8.269572	-5.544971	3.064578	-8.049306	-5.6407394	3.9264908	-8.135497	-5.118803	3.3614593	-8.073248	-5.00867	2.6001031	-7.991845	-5.0278234	1.8052281	-6.7947445	-7.417237	0.7565677	-10.429143	-2.1643584	-4.122815	-0.33997664	7.632715	2.0015526	-10.802638	-1.6472107	3.1842883	-9.935937	0.34476504	3.265691	-10.065224	-0.60812724
1	-0.5315128	1.9776106	10.376471	1.2641385	1.757344	4.9081135	1.5801731	-4.6686935	8.863335	1.1923125	-5.4300494	8.671799	1.2306197	-5.33907	8.470686	0.01436521	-0.4405331	9.615114	-0.07182605	-3.6248214	9.088389	0.82360536	-5.33907	8.743625	-1.3359646	-2.873042	9.279925	1.5370775	-4.8937483	8.959103	1.2593501	-4.3861775	9.021352	1.0534488	-4.4244847	9.11712	1.3742718	-4.3766007	9.112331	-0.9624691	-1.4173675	9.816227	-0.79008657	-1.8914193	9.605537	0.07182605	-0.9720459	10.151415	0.51714754	-6.191406	8.087613	-0.6991069	-5.473145	8.288726	-0.41180268	-6.3206925	8.379706	-0.6703765	-2.8443117	8.614338
1	-8.7532015	-3.5913026	1.9297266	-8.63828	-4.1946416	2.1978772	-9.332599	-2.9975405	0.34955344	-8.724471	-3.4620156	1.934515	-9.351752	-2.60968	0.5602432	-2.4133554	-6.967127	-1.0247183	3.107674	-8.959103	0.79487497	-0.4261679	-8.221688	0.5506664	-0.78529817	-9.701305	3.2082303	-10.740389	-3.2800562	4.3766007	-2.5091233	-7.4746976	8.887277	-2.2601264	-5.3103395	8.178593	0.12928689	-3.4093432	7.967903	-1.2689269	-5.1666875	8.647857	-0.47405192	-2.7820623	10.658986	1.6136919	-3.4476504	7.465121	-0.8523358	-3.4955344	9.3421755	-0.90979666	-3.7588966	9.375694	-0.7038953	-3.5769374	9.524135	2.3223755	-3.8738184	6.0477533
1	1.5466543	-10.721235	1.316811	3.0597897	-8.724471	3.5194764	0.47884035	-10.783484	-0.5410896	2.6671407	-9.356541	6.215348	3.53863	-9.399636	-2.906561	2.9975405	-9.706094	-1.6711528	3.2465374	-9.739613	-2.3080103	3.2944214	-9.80665	-2.4612393	3.1411927	-9.514558	-2.1404164	3.0933087	-9.739613	-2.2649148	3.122039	-9.964667	-2.3942018	3.2704794	-9.902418	-2.0973208	3.0214825	-9.935937	-2.4133554	3.064578	-10.04607	-2.4229321	3.0454245	-9.816227	-2.1787236	3.0071173	-9.983821	-2.408567	3.040636	-9.902418	-2.183512	2.753332	-9.821015	-2.2026656	3.0550013	-9.916783	-2.3894134	1.8818425	-9.514558	-3.6343982
1	-2.1547816	4.2281604	8.389283	3.064578	-8.75799	4.0892963	3.3039982	-9.380483	3.7828386	3.074155	-9.184157	4.098873	3.1507695	-9.074024	4.0797195	2.8443117	-9.361329	3.98874	2.873042	-8.791509	4.951209	3.3806129	-8.839393	4.5777135	3.3806129	-8.8777	4.501099	3.2465374	-8.959103	4.6782703	3.1555579	-8.8777	5.0134583	3.0597897	-9.069236	4.4723687	2.7389667	-9.222465	4.6351743	3.5003228	-8.815451	4.510676	3.1986535	-9.040505	4.4101195	3.1603463	-8.825027	4.55856	3.040636	-8.983045	4.453215	2.96881	-8.963891	4.390966	2.8682537	-8.743625	4.912902	2.954445	-8.690952	4.88896
1	4.027047	-7.249643	6.349423	3.2369606	-7.5704656	5.3725886	3.265691	-8.293514	5.209783	3.3854012	-9.054871	3.9983168	1.9919758	-9.136273	4.414908	1.8052281	-9.289502	4.3382936	1.6519991	-9.375694	4.285621	1.7429788	-9.457097	4.132392	1.70946	-9.437943	4.4723687	1.6328455	-9.457097	4.2042184	-0.80445176	3.739743	8.6813755	-2.231396	-1.4939818	9.437943	-2.1691468	-1.5275006	9.5385	-2.1404164	-1.4891934	9.485827	-2.1739352	-1.4748282	9.615114	8.015787	-5.741296	2.60968	8.853758	-3.5338416	3.8067808	8.595184	-1.412579	5.195418	8.513782	-0.89543146	5.410896	8.825027	-0.8619126	5.0900726
1	8.63828	-0.59376204	5.267244	8.796297	-0.7230489	5.2241483	8.748413	-0.61770403	5.185841	8.781932	-0.5267244	5.195418	8.63828	-0.15322891	5.094861	0.81881696	-0.07182605	9.763555	3.193865	-1.8100165	10.084377	-0.90979666	-1.8626889	9.734824	-1.5897499	-2.825158	9.380483	-1.5705963	-2.7820623	9.399636	-1.7238252	-2.5953147	9.461885	-1.4269443	-2.705448	9.519346	-1.6280571	-2.657564	9.461885	-1.661576	-2.6384103	9.591172	-2.030283	-9.892841	2.2888567	-1.733402	-7.479486	3.490746	-3.1507695	-5.6646814	7.6135616	-3.5338416	-5.707777	7.264008	-3.2321723	-6.220136	7.2687964	-2.930503	-6.7851677	6.7851677
1	-3.0693667	-6.967127	6.5744777	-3.0214825	-7.005434	6.6750345	-2.954445	-7.264008	6.4260373	-3.074155	-7.015011	6.5026517	-3.0119057	-7.153875	6.670246	-3.0023289	-7.0964136	6.7229185	-3.1028855	-7.129933	6.5984197	-2.8778305	-7.1730285	6.5457473	-3.0310593	-7.067683	6.5936313	1.8339585	3.5482068	11.209652	-0.7469909	-1.7956513	9.662998	-0.6560113	-3.347094	8.647857	1.1779473	-9.490616	-1.9680338	3.0550013	-9.433155	5.7987566	2.992752	-8.149862	5.0517654	2.7389667	-8.145074	5.7843914	3.3518825	-7.5321584	4.0653543	3.4237084	-8.504205	5.0613422	3.3327289	-8.437167	4.999093	3.2800562	-8.365341	5.094861
1	1.7190368	-8.121132	6.5744777	1.6136919	-0.009576807	5.7508726	1.7669208	-8.834604	-4.084508	-1.1971009	-10.084377	-4.280833	1.5705963	-8.66701	-5.9663506	-5.9759274	3.0789435	6.1387334	-8.954314	-3.1124623	4.1419687	-6.742072	-3.9839516	5.5497594	-6.469133	-3.4620156	6.26802	-6.5601125	-3.2609026	6.3589997	-6.7085533	-3.1842883	6.2871737	-6.7612257	-4.237737	5.78918	-6.885724	-4.036624	5.6790466	-6.8186865	-4.0701427	5.6551046	-7.2113357	-3.3327289	5.66947	-6.9862804	-3.2130187	5.6359506	-7.101202	-3.1028855	5.8322754	-3.6056678	-8.1881695	5.2385135	-5.9567738	-5.410896	5.8322754	-4.5058875	-4.189853	7.5561004
1	0.35913026	-5.1906295	9.916783	0.79966336	0.81402856	10.228029	-0.019153614	-0.78050977	9.830592	-0.545878	-1.8435353	10.189722	0.1436521	-1.2258313	9.89763	-1.2258313	-0.81881696	9.931149	-3.9839516	-1.0199299	8.8777	-1.5658079	-0.60333884	9.595961	-1.6472107	-0.866701	9.696517	-1.8770541	-1.0295067	9.753978	-1.7286136	-3.2513258	9.246407	-1.6136919	-3.0214825	9.543288	-1.5514427	-3.083732	9.466674	-1.5466543	-3.0933087	9.375694	-1.4748282	-3.3806129	9.323022	-1.3599066	-3.964798	9.069236	-1.2545617	-4.620809	8.887277	-2.4756045	-6.081272	9.433155	-2.3463178	-5.4683566	7.943961	-2.695871	-5.363012	8.145074
1	-2.3654714	-5.741296	7.9152308	-2.135628	-5.6215854	8.020576	-2.0733786	-5.9280434	8.034941	-2.135628	-5.8562174	8.0445175	-2.0829554	-5.9519854	7.9104424	-2.054225	-5.8226986	7.9726915	-2.0159178	-5.8705826	8.0445175	-2.0829554	-2.4372973	8.542512	-2.6910827	0.110133275	9.294291	-2.4468741	-1.6089035	9.3661175	-2.7581203	-1.661576	9.193734	-2.7102363	-1.982399	9.188946	-2.657564	-1.8866309	9.279925	-2.6910827	-2.078167	9.332599	-2.7341783	-2.1164744	9.184157	-2.4756045	-2.078167	9.3421755	-2.753332	-1.8626889	9.509769	-1.2689269	-4.4963107	7.2352777	0.090979666	-8.030152	6.3063273	-0.6943185	-7.489063	7.0820484
1	-2.3175871	-7.517793	6.670246	-0.6512229	-6.469133	7.627927	-0.7422025	-6.943185	7.469909	-0.7469909	-6.847417	7.632715	-0.7326257	-6.7468605	7.7428484	-1.0295067	-6.631939	7.603985	-0.8714894	-6.5936313	7.699753	-0.7469909	-6.1004257	8.298303	-1.532289	-6.5601125	7.675811	-2.3127987	-7.565677	7.369353	7.455544	-5.899313	4.050989	8.441956	-4.213795	3.596091	9.074024	-2.6767175	4.333505	8.829816	-3.2130187	4.1659107	8.738836	-3.3327289	4.6016555	6.885724	-4.620809	6.2632318	1.4317327	-6.766014	7.9870567	0.6943185	-5.449203	8.901642	0.82360536	-3.5673606	9.634268	2.0925324	-3.2752678	9.423578
1	1.283292	-3.892972	8.710106	1.2593501	-5.023035	8.796297	1.3742718	-4.9464207	8.772355	1.3215994	-4.903325	8.748413	0.8283938	-5.1810527	8.939949	0.9959879	-5.2624555	8.963891	0.7469909	-5.3103395	9.141062	0.81402856	-5.33907	9.212888	0.9911995	-5.0517654	9.212888	1.4700398	-4.596867	8.183381	0.51714754	-6.3589997	8.66701	1.2976574	-5.3438582	8.0445175	1.0582372	-4.132392	9.169792	-0.9528923	-4.7165775	8.939949	-0.93852705	-4.855441	8.791509	-1.091756	-5.133168	8.66701	-1.067814	-5.6215854	8.446744	-1.3551182	-5.535394	8.374918	-0.6703765	-7.07726	8.212111	-0.20590134	-7.5321584	6.8761473
1	0.08619126	-10.266336	1.0390835	0.30166942	-10.433931	0.93373865	0.21068975	-10.424355	1.1204864	0.29209262	-10.352529	1.1204864	0.35434186	-9.950302	2.0494366	0.33518824	-10.515334	1.2066777	0.25378537	-10.357317	1.0582372	0.0047884034	-11.942278	-0.59376204	3.2225955	-5.243302	1.7286136	2.8682537	-9.9550905	-0.51714754	2.6144683	-10.539276	0.12449849	2.4756045	-10.007763	2.1068976	1.934515	-10.108319	1.9249382	2.054225	-10.19451	1.5275006	2.078167	-10.34774	1.4700398	2.384625	-10.290278	1.1779473	2.3175871	-10.242394	1.2785037	2.1643584	-10.218452	1.4173675	1.9776106	-10.280702	1.3982137	2.087744	-10.208876	1.4987702
1	-0.22984336	-5.7029886	8.542512	-0.24420857	-5.5976434	8.475474	-0.30166942	-5.683835	8.42759	-0.4213795	-5.5162406	8.571242	-0.3878607	-5.616797	8.465898	-0.50278234	-5.439626	8.537724	-0.545878	-5.2959743	8.63828	-0.62249243	-5.3725886	8.566454	-0.59376204	-5.3725886	8.394072	-0.58897364	-5.3678	8.63828	-0.46447513	-5.410896	8.6574335	-0.6464345	-5.080496	8.66701	-0.51235914	-5.209783	8.6334915	-0.58897364	-5.329493	8.872911	-0.6607997	-5.1810527	8.690952	-0.842759	-5.0900726	8.820239	-0.7565677	-5.1571107	8.7053175	-0.7661445	-5.161899	8.7053175	-0.7230489	-5.133168	8.844181	-0.8619126	-5.1762643	8.159439
1	-0.3878607	-7.953538	6.5601125	-0.5602432	-7.872135	6.6606693	-0.4261679	-7.690176	6.775591	-0.49799395	-7.4746976	7.086837	-0.49320555	-7.5225816	7.053318	-0.5602432	-7.129933	7.1251445	-0.61770403	-7.469909	7.067683	-0.51714754	-7.7332716	7.0245876	-0.61291564	-7.240066	7.1059904	-0.48362875	-7.489063	7.091625	-0.19632454	3.9264908	8.585608	-1.1013328	-1.5753847	9.217676	-2.1930888	-1.757344	9.433155	-2.078167	-1.9009962	9.629479	-2.4468741	-2.4468741	9.481039	-2.3080103	-2.633622	9.126697	-2.9257145	-4.745308	5.0278234	0.50757074	8.09719	4.0462008	-0.59855044	8.001422	4.309563	-0.770933	7.800309	4.3382936
1	-0.5315128	-9.907207	3.4141316	-0.15322891	-9.720459	3.6104562	-0.22984336	-9.595961	3.7253778	1.163582	-14.623784	6.421249	-0.7086837	5.3438582	7.6135616	-0.49799395	2.7868507	9.945514	0.05267244	-9.916783	3.9121256	-0.48841715	-8.920795	5.3821654	0.35913026	2.135628	8.355764	0.93373865	-13.220781	4.3957543	0.6703765	-10.290278	1.1348516	0.40701428	-10.429143	1.3982137	0.59376204	-10.443508	1.2306197	0.49799395	-10.400413	1.2880806	0.5650316	-10.424355	1.3790601	0.35434186	-10.295067	1.388637	0.6512229	-9.945514	1.4460979	0.37349546	-10.323798	1.484405	0.34955344	-10.228029	1.4317327	0.2681506	-10.271125	1.5179238
1	0.30166942	-10.338163	1.4173675	0.4165911	-10.338163	1.5658079	0.4309563	-10.314221	1.5849615	0.36391866	-10.414778	1.1348516	0.45968673	-10.338163	1.7477672	0.2681506	-10.093954	2.3463178	0.24899697	-10.218452	2.0685902	0.38307226	-10.199299	2.3415294	0.3878607	-10.204087	2.1212628	0.272939	-10.218452	2.183512	0.4165911	-10.141838	2.1164744	-0.08140286	-10.266336	2.743755	-0.07182605	-9.945514	2.8682537	-0.12449849	-10.0748005	3.0262709	-0.24420857	-9.907207	3.1411927	-0.9864111	-11.621455	1.1252748	-0.21068975	-4.548983	7.881712	-3.9456444	-2.5761611	8.556877	-3.7253778	-3.845088	8.595184	-3.1268275	-2.3654714	8.734048
1	-6.655881	-1.5035586	6.8569937	-4.8937483	-3.7780502	7.632715	-3.0885203	-4.295198	8.552089	-5.813122	-2.9735985	7.2544312	-5.583278	-2.8682537	7.517793	-4.295198	-4.2521024	7.627927	-4.927267	-4.55856	6.742072	-4.8219223	-3.7828386	7.7428484	-5.7843914	-2.504335	8.686164	-2.4756045	-9.572019	3.6391866	-2.834735	-6.8809357	6.885724	-3.0933087	-6.5744777	6.861782	-4.146757	-5.731719	7.029376	-4.2425256	-5.78918	7.16824	-3.1890767	-6.3685765	7.144298	-2.1739352	-6.919243	7.053318	-0.019153614	-13.393165	5.6886234	-0.36870706	6.9958572	6.3685765	-0.545878	8.470686	5.425261	-1.982399	-9.136273	4.309563
1	8.561666	-1.3215994	5.3678	8.748413	-1.4939818	5.3821654	8.552089	-1.3742718	5.463568	8.590396	-1.4939818	5.4061074	8.647857	-1.5514427	5.5258174	8.42759	-1.3024458	5.3821654	8.552089	-1.2354081	5.631162	8.513782	-1.3503298	5.6982	8.7532015	-1.1540052	5.4204726	8.652645	-1.2018893	5.377377	8.714894	-1.283292	5.45878	8.614338	-1.2641385	5.2002063	8.743625	-1.2210429	5.315128	8.6334915	-1.115698	5.4204726	8.820239	-0.8283938	5.0900726	8.748413	-0.94331545	5.377377	8.7771435	-1.0773908	5.133168	8.7532015	-1.1444284	5.2049947	8.734048	-1.1587936	5.3199162	8.853758	-1.1540052	5.0757074
2	6.4978633	-2.8921957	3.1364043	0.6751649	-6.0525417	7.4986396	1.5658079	-8.145074	5.2528787	1.2737153	-14.4609785	-7.240066	-1.4556746	2.4756045	9.184157	3.4572272	1.5610195	-1.4269443	-2.6144683	-16.49605	0.93373865	0.21547815	-5.9759274	3.4045548	-2.1308396	2.9161377	9.581595	-12.258312	-1.0773908	17.688362	-13.819332	-0.095768064	7.5561004	7.575254	38.44609	2.8060043	-5.0134583	2.6910827	8.058883	-4.7309427	2.815581	7.8529816	-4.9176903	2.480393	8.015787	-4.7022123	2.5187001	8.015787	-4.9320555	2.5234885	8.202535	-4.8267107	2.480393	7.101202	-4.9655743	1.9201498	8.135497	-4.697424	2.1739352	8.374918
1	-0.47884035	-3.8067808	9.653421	-3.8019924	0.4309563	8.949526	-3.9360676	-1.2593501	8.844181	-2.0398598	2.5091233	8.853758	0.8810662	3.6391866	8.887277	-0.110133275	3.2561142	9.074024	0.7230489	1.0630256	10.611102	-4.5154643	-3.0023289	8.298303	-4.0222588	-2.9496565	8.446744	-4.0174704	-3.0550013	8.279149	-0.23463176	3.6104562	7.9391727	-0.60333884	4.663905	8.240842	-0.24899697	4.4484267	8.346188	-0.56982	4.381389	8.111555	-0.9672575	1.316811	9.68694	-8.054094	0.23463176	7.800309	-6.5361705	-1.7381904	7.7811556	-2.743755	-4.1946416	8.714894	-1.8914193	-6.8665705	6.4978633	-1.661576	-3.1747115	8.844181
1	-1.1827357	2.3080103	9.433155	1.1971009	1.13964	9.528923	2.054225	1.412579	9.275137	1.3263878	2.2888567	8.111555	1.4700398	0.6895301	8.887277	2.633622	-0.023942016	10.338163	3.5290532	-0.46926352	9.524135	3.0023289	-0.22984336	9.528923	3.3518825	-2.5139117	9.217676	-8.647857	-0.10534488	5.2768207	-5.626374	-1.3455414	6.9288197	-4.7261543	-0.4165911	8.226477	-5.6215854	-0.01436521	6.2392898	0.8379706	5.281609	8.192958	-0.047884032	5.7269306	7.833828	2.2457612	1.7190368	9.3421755	2.27928	1.7621324	9.457097	2.3989902	1.7190368	9.375694	2.456451	1.6184803	9.284714	1.5610195	2.1691468	9.045294
1	1.6663644	3.4093432	9.040505	1.1540052	3.4572272	8.585608	1.3838485	3.5625722	8.7532015	1.2354081	3.715801	8.820239	2.15957	3.1364043	9.208099	0.7565677	3.9312792	8.695741	2.1978772	3.5769374	6.315904	0.770933	5.3582234	5.746084	3.3279405	5.3247046	6.50744	-0.7517793	4.7548847	8.552089	-0.21068975	-0.51235914	10.6158905	-2.9400797	2.8395233	10.28549	0.9720459	-1.70946	9.739613	1.5131354	-1.0007763	9.184157	0.1388637	0.12449849	9.433155	-0.39743748	0.110133275	10.180145	2.0973208	0.7326257	9.208099	-1.091756	-0.58897364	8.676587	-0.5793968	0.8523358	8.987833	-1.3551182	2.0159178	8.901642
1	2.9400797	1.8387469	9.648633	2.8921957	-0.7182605	10.160992	-4.55856	-7.6710224	4.012682	-4.1802764	-8.24563	4.534618	-3.787627	-8.403648	4.3861775	-3.0597897	-9.3182335	4.984728	-0.02873042	0.56982	7.8865004	1.0486604	-5.985504	5.3486466	-5.3247046	-8.39886	1.1683705	-3.4380736	-9.26556	-1.934515	-5.923255	-7.4507556	0.12928689	-10.534488	-5.626374	1.2162545	-0.9911995	2.8107927	8.911219	0.49799395	-3.2082303	10.184934	1.982399	-7.52737	7.5465236	2.3942018	-7.4124484	7.062895	2.815581	-6.315904	7.97748	-1.5466543	-6.181829	8.480263	2.303222	-6.325481	7.704541	1.9488802	-6.459556	7.551312
1	-0.80445176	-9.356541	4.6830587	0.2873042	-8.839393	5.602432	0.12928689	-8.66701	5.6359506	-0.07182605	-8.90643	5.592855	-0.0047884034	-8.7532015	5.544971	-0.14844051	-8.6813755	5.410896	-0.11492168	-8.892065	5.4061074	-0.18674773	-8.724471	5.4922986	-1.0869676	-9.471462	4.4005427	-1.115698	-9.864111	2.2170308	-1.8243817	-10.271125	2.825158	-1.388637	-10.0987425	2.777274	-1.5370775	-9.77792	2.9735985	-1.5705963	-10.031705	2.9879637	3.86903	-6.7324953	-6.215348	3.0454245	-8.130709	-5.755661	2.2984335	-11.018116	1.4748282	-0.5793968	-10.084377	-1.934515	-1.1300632	-1.9536686	9.859323	-4.084508	5.0517654	6.9048777
1	-3.86903	-3.9217024	8.298303	-3.7205894	-3.9025488	8.149862	-4.012682	-3.8833952	8.101978	-3.9695864	-3.8355112	8.24563	-3.8833952	-4.0222588	8.106767	-3.9360676	-3.8786068	8.207323	-3.8738184	-3.9504328	8.0924015	-3.8738184	-3.916914	8.279149	-3.8307228	-3.8498764	8.197746	-3.9025488	-4.0557775	8.24563	-3.8833952	-3.7541082	8.288726	-3.6343982	-3.7972038	8.327033	-1.8866309	-9.969456	2.207454	-2.5761611	-9.68694	2.930503	-3.0597897	-9.80665	3.5769374	-0.4261679	-2.3080103	10.117896	-1.4796166	-8.0445175	7.273585	-1.7908629	-7.61835	6.8761473	-0.2777274	0.8571242	5.9280434	-0.79487497	-7.819463	7.2831616
1	1.2976574	-10.405201	1.2258313	1.2162545	-10.175357	0.91937345	1.3982137	-10.357317	1.1683705	1.3120226	-10.342952	1.2306197	1.4030021	-10.304645	1.292869	1.3215994	-10.443508	1.3024458	1.4077905	-10.55843	1.2258313	1.484405	-10.323798	1.3359646	1.4652514	-10.184934	1.1731589	1.5514427	-10.271125	1.460463	1.5275006	-10.232818	1.4700398	1.4700398	-10.405201	1.3838485	1.4508862	-10.433931	1.2785037	1.484405	-10.213664	1.4939818	0.89064306	-10.362105	1.5370775	0.8331822	-10.357317	1.5227122	1.1444284	-10.500969	1.4460979	1.1013328	-9.849746	1.7525556	1.0390835	-10.266336	1.4891934	1.2401965	-10.199299	1.436521
1	7.0341644	-6.1387334	-5.0996494	-0.15801731	2.2697031	3.0214825	6.2345014	-7.0724716	3.7732618	6.3781533	-6.823475	4.5777135	6.019023	-6.579266	5.046977	6.105214	-5.995081	6.3446345	5.6790466	-5.7365074	6.7612257	5.281609	-6.244078	6.7612257	8.839393	-6.009446	0.05267244	8.954314	-6.4164605	1.70946	8.604761	-4.280833	3.6248214	8.781932	-3.490746	3.6487634	9.150639	-6.3111157	0.89064306	6.3685765	-5.329493	3.620033	6.7947445	-6.588843	3.8833952	7.8386164	-6.397307	2.743755	-1.4030021	8.034941	5.118803	6.7612257	-9.797073	0.82360536	6.5265937	-8.197746	0.4357447	4.582502	-8.892065	-3.0885203
1	5.602432	-0.6655881	8.801085	6.2632318	1.5275006	7.192182	6.9479733	5.233725	5.674258	5.8705826	3.0119057	6.6175733	6.531382	3.6104562	6.50744	6.7708025	3.4572272	6.114791	-0.29209262	-8.710106	11.45865	0.78050977	-4.673482	8.901642	0.6512229	-5.085284	8.959103	0.5506664	-4.831499	8.834604	6.8809357	-6.0285997	3.2848446	6.8043213	-8.781932	3.0454245	6.1770406	-6.1530986	5.8226986	6.7947445	-5.410896	3.9504328	4.5777135	-7.2783732	10.290278	4.6686935	-6.8282633	6.3446345	6.1004257	-7.2304893	4.5058875	5.4539914	-3.289633	6.6367273	4.5441947	-9.303867	-1.0390835	4.8219223	-7.101202	5.4204726
1	7.16824	3.8594532	4.247314	5.363012	-4.4580035	7.359776	3.9695864	-5.3678	6.9288197	4.8458643	-5.353435	7.675811	5.233725	-3.4476504	8.485051	5.415684	-4.855441	7.0006456	5.085284	-5.7843914	7.3645644	4.405331	-5.8562174	7.0006456	4.4101195	-5.6120086	7.369353	4.213795	-4.8267107	8.274361	4.4819455	-5.5497594	6.8043213	3.6104562	-6.373365	5.391742	3.0597897	-7.201759	6.4499793	2.3319526	-6.483498	7.2448545	1.6328455	-6.0716953	8.212111	1.508347	-7.144298	7.479486	-1.9057846	-11.319786	9.069236	1.9393034	-8.499416	6.0764837	2.6288335	-8.149862	6.1770406	2.3319526	-8.015787	6.3446345
1	2.2649148	-8.264784	6.167464	2.2457612	-8.293514	5.9759274	2.1691468	-8.39886	6.0716953	2.006341	-7.9248075	6.0764837	4.060566	-7.9966335	7.7189064	2.1547816	-2.0973208	10.208876	1.7381904	-7.785944	6.7851677	1.6903064	-7.9343843	6.493075	1.4987702	-7.656657	7.177817	1.6759412	-7.7572136	7.1730285	1.5131354	-7.503428	6.727707	1.5801731	-7.872135	6.8809357	1.6424223	-7.728483	6.7133417	1.4413095	-7.7667904	6.8426285	4.4340615	6.167464	7.752425	1.3120226	-0.8810662	9.303867	3.8833952	6.789956	7.3645644	-2.60968	-1.9632454	9.193734	-3.4524388	-4.8937483	7.7428484	-4.0892963	-4.3766007	8.374918
1	0.7182605	-8.978256	5.391742	1.0869676	-8.973468	5.2624555	0.842759	-8.7532015	5.7508726	0.51714754	-8.63828	5.57849	0.320823	-8.724471	5.559336	0.6943185	-9.232041	6.6415157	1.5131354	-10.113108	-2.1212628	0.60333884	-9.672575	-3.6822822	-4.6686935	-5.7269306	7.2592196	3.5625722	-2.4516625	8.796297	0.90021986	-3.0597897	8.801085	2.4133554	-5.118803	5.57849	-2.0733786	-6.5936313	7.445967	-1.8148049	-7.1490865	7.393295	-1.8962077	-6.9527617	7.345411	-1.9536686	-7.005434	7.192182	-2.0733786	-6.5457473	7.5082164	-1.8818425	-6.4882865	7.465121	-1.412579	-6.7229185	7.6135616	-1.3359646	-6.9623384	7.374141
1	-1.6376339	-6.9048777	7.52737	-1.7860745	-6.766014	7.4028716	-1.5945383	-7.067683	7.345411	-1.7717092	-7.2544312	6.991069	-2.2457612	-7.019799	7.1730285	-1.9536686	-6.943185	7.177817	-2.0685902	-7.0820484	7.16824	-1.9680338	-8.087613	6.7612257	-1.8579005	-7.4746976	6.7468605	-1.8435353	-7.651869	6.775591	-1.685518	-7.599196	6.6510925	-1.6807296	-7.656657	6.3589997	-1.5897499	-7.608773	6.8186865	-1.6807296	-7.651869	6.5122285	-1.8052281	-7.714118	6.3302693	0.047884032	-10.6398325	0.5506664	-0.10534488	-10.462662	0.272939	-0.05746084	-10.477027	0.81402856	-0.12928689	-10.218452	0.6464345	-0.23463176	-10.486604	0.31603462
1	-0.05267244	-10.400413	0.8379706	-0.17238252	-10.486604	0.24899697	-0.45968673	-10.371682	-0.35434186	-0.272939	-10.400413	0.12928689	-0.17717093	-10.481815	0.31603462	-0.2777274	-10.620679	0.35434186	-0.2777274	-10.601525	-0.4165911	-0.17238252	-10.366894	-0.59376204	-0.36391866	-10.429143	0.9576807	0.0	-10.486604	1.2306197	-0.07182605	-10.6637745	0.7278373	0.05746084	-10.481815	0.8714894	0.272939	-10.381259	0.8523358	7.9726915	-6.2871737	2.0015526	8.00621	-6.646304	2.1164744	7.762002	-6.4164605	2.8491	7.867347	-6.5505357	2.60968	0.02873042	-6.8809357	8.159439	-0.6799533	-6.435614	8.135497	-0.9528923	-7.0102224	7.445967
1	-1.292869	-6.019023	8.135497	-1.2306197	-6.042965	8.09719	-1.2785037	-6.0477533	8.283937	-1.1109096	-6.0525417	8.202535	-1.0726024	-6.220136	7.929596	7.3885064	3.4859576	4.2185836	-0.35434186	-0.1340753	10.481815	-2.15957	-2.0159178	9.442732	-2.6384103	-2.4947581	9.279925	-2.657564	-2.552219	9.251195	-2.4612393	-2.207454	9.160215	-2.552219	-2.791639	9.270349	-2.408567	-2.9017725	9.279925	-2.585738	-2.6384103	9.160215	-2.6479871	-2.60968	9.136273	-3.1364043	-2.6144683	9.030929	-0.24420857	3.3662477	7.297527	-0.82360536	2.7629087	8.695741	-1.9153614	4.060566	8.293514	-2.1643584	0.12449849	10.089166
1	-1.460463	2.1787236	9.069236	-1.5514427	2.3942018	9.68694	-1.4700398	2.825158	9.361329	-3.3087866	6.0860605	2.231396	-3.3758245	7.9870567	3.1028855	-3.5529952	7.589619	2.8921957	-3.1651347	7.493851	3.7205894	-3.016694	7.264008	1.958457	-3.8977604	6.9479733	-4.343082	-4.3861775	7.603985	-0.5793968	-4.7309427	5.6790466	-5.0278234	-4.1180267	6.646304	-4.9464207	-3.8977604	6.8761473	-4.6495395	-3.3518825	7.503428	-3.394978	-3.620033	7.493851	-4.343082	-4.343082	6.6510925	-4.975151	-3.86903	6.205771	-5.544971	-3.4811692	7.9487495	-3.98874	-4.146757	6.4882865	-4.927267	-4.2185836	7.1059904	-4.012682
1	-3.940856	6.885724	-4.5777135	-3.787627	7.225701	-4.2760444	-3.5338416	7.675811	-3.0789435	-3.3375173	8.183381	-1.9680338	-3.1890767	8.130709	-1.9919758	-3.0502129	8.207323	-2.6240451	-3.7780502	4.687847	7.3071036	-2.4229321	-17.855957	-1.8866309	-0.9528923	-10.323798	-0.61770403	2.0446482	-10.443508	-0.34955344	-0.25378537	-9.375694	3.845088	-0.4261679	-9.739613	3.596091	-0.46926352	-9.835381	3.7493198	-0.4261679	-9.682152	3.6966474	-1.2354081	-10.079589	2.6862943	-1.0390835	-9.701305	3.5769374	1.2066777	-9.911995	-2.078167	1.9967642	-10.500969	-4.4723687	1.958457	-9.184157	-5.8226986	2.1164744	-8.99741	-4.6112323
1	7.9104424	-3.4955344	5.4683566	8.169016	-3.6727054	5.21936	7.9152308	-5.032612	4.453215	7.785944	-4.9895163	5.0134583	7.824251	-4.2185836	5.185841	7.991845	-4.074931	5.5737014	7.9008656	-4.1802764	5.3821654	7.843405	-3.6487634	5.683835	7.8625584	-3.845088	5.755661	7.872135	-3.6152446	5.7269306	7.7332716	-4.0557775	5.746084	7.809886	-3.6774938	5.78918	7.9391727	-3.596091	5.631162	7.7907324	-3.265691	6.277597	7.9487495	-3.3183637	5.90889	7.991845	-3.3806129	5.5641246	8.1163435	-3.347094	5.693412	7.991845	-3.466804	5.6407394	7.9726915	-3.3087866	5.741296	8.025364	-2.777274	5.9663506
1	4.6782703	-9.543288	0.5602432	4.9655743	-9.332599	0.8858546	4.8937483	-9.337387	0.8331822	5.056554	-8.99741	1.7381904	5.889736	-8.063671	2.9017725	5.93762	-7.704541	4.5537715	5.90889	-7.398083	4.477157	6.0285997	-7.5561004	4.654328	6.066907	-7.369353	4.4196963	6.0046577	-7.2544312	4.43885	6.0956373	-7.2209125	4.697424	6.1100025	-7.1873937	4.4819455	5.837064	-6.9958572	4.4963107	6.0285997	-7.4507556	4.548983	6.105214	-7.2448545	4.4675803	6.129156	-7.240066	4.414908	6.0716953	-7.311892	4.5537715	7.350199	-5.7029886	4.620809	8.571242	-2.6767175	4.7740383	8.791509	-2.8874073	4.7644615
1	4.3143516	-8.192958	-6.445191	5.386954	-8.432379	-3.2848446	8.772355	-1.8626889	5.363012	8.810662	-1.3311762	5.185841	8.63828	-1.3599066	5.1571107	8.259995	-3.5290532	4.807557	7.091625	-3.8498764	6.244078	8.39886	-3.0502129	4.6782703	8.255207	-4.5681367	4.414908	8.853758	-5.415684	1.4508862	8.911219	-5.45878	1.5466543	9.610326	-0.7374141	-2.9257145	9.605537	-3.596091	-3.1411927	9.3661175	-3.4141316	0.0	8.815451	-4.620809	2.633622	9.155427	-4.390966	2.6048915	9.150639	-1.5705963	4.644751	8.7771435	-0.15322891	4.999093	8.767567	1.043872	5.2002063	8.6334915	0.93852705	5.243302
1	8.494628	-3.3614593	5.046977	8.571242	-3.4524388	4.9559975	8.327033	-3.4141316	5.032612	8.437167	-3.3758245	4.9320555	8.494628	-3.3997664	5.094861	8.494628	-3.3566709	4.865018	8.331821	-3.3087866	5.109226	8.461109	-3.2704794	5.12838	8.485051	-3.3087866	5.0757074	8.360553	-3.3806129	5.109226	8.456321	-3.3279405	5.0900726	8.456321	-3.2992098	5.233725	8.202535	-3.0693667	5.602432	8.394072	-3.1890767	5.5018754	8.293514	-3.3662477	5.2241483	8.24563	-3.5003228	5.171476	8.379706	-3.5529952	5.0374002	8.312668	-3.5529952	5.21936	8.130709	-3.0933087	5.602432	8.015787	-2.9352913	5.511452
1	8.250419	-3.241749	5.4683566	8.034941	-3.371036	6.0142345	9.179369	-3.6391866	3.2465374	9.141062	-3.6870706	3.040636	9.32781	-3.5434184	3.169923	9.002198	-3.964798	2.8874073	9.169792	-3.7541082	3.122039	9.141062	-3.5673606	3.1411927	8.724471	-3.620033	4.5298295	7.690176	5.530606	1.8291701	9.921572	2.1883004	1.4460979	9.255983	-3.7301662	2.9352913	9.346964	-3.6056678	2.7820623	9.188946	-4.1515455	3.0358477	9.11712	-3.2321723	3.4859576	9.155427	-3.371036	3.5865142	9.11712	-3.0358477	4.012682	1.5705963	-10.108319	1.091756	7.843405	-4.285621	5.3007627	8.169016	-3.9217024	5.4779334
1	8.39886	-0.18195933	5.8801594	8.197746	0.07182605	5.9041014	8.293514	-0.033518825	5.693412	8.240842	0.07182605	5.827487	8.437167	-0.49320555	5.7748146	8.389283	-0.11971009	5.7843914	8.432379	-0.2777274	5.6215854	8.307879	-0.038307227	5.755661	8.355764	-0.22505496	5.8705826	8.576031	-0.11971009	5.568913	8.42759	-0.24420857	5.995081	8.456321	-0.17238252	5.8466406	8.360553	-0.10534488	5.731719	8.255207	-0.18195933	5.9041014	8.422802	-0.12449849	5.803545	8.346188	-0.12449849	5.7508726	8.24563	0.05746084	5.913678	8.192958	-0.18195933	5.7843914	8.307879	-0.05267244	5.8466406	8.374918	-0.15322891	5.755661
1	8.341399	-0.062249243	5.8705826	8.274361	-0.023942016	5.6215854	8.293514	0.023942016	5.755661	8.379706	0.33518824	5.6359506	8.408437	0.11971009	5.592855	8.394072	-0.25857377	5.93762	8.446744	-0.009576807	5.755661	8.39886	0.02873042	5.861006	8.327033	0.02873042	5.746084	8.480263	-0.062249243	5.827487	8.403648	0.038307227	5.947197	8.341399	-0.07182605	5.865794	8.499416	0.12928689	5.6886234	8.422802	0.10055647	5.6407394	8.710106	-0.7661445	5.995081	-2.815581	-2.2744915	9.193734	-3.1603463	-2.825158	9.083601	-3.040636	-2.9496565	8.973468	-3.0502129	-2.7868507	9.02614	-3.2513258	-3.0262709	9.088389
1	-0.60812724	0.46447513	10.314221	-3.6487634	-1.4221559	9.11712	-3.916914	-1.5610195	8.810662	-3.787627	-1.5993267	8.901642	-3.8115692	-1.6136919	8.801085	-3.787627	-1.5945383	8.901642	-3.7732618	-2.4277205	9.136273	-4.003105	-1.8100165	8.714894	-3.9791632	-1.4939818	8.7771435	-3.821146	-1.9536686	8.552089	-4.098873	-1.6472107	8.676587	-4.0701427	-1.9680338	8.7292595	-4.036624	-1.8914193	8.820239	-4.074931	-1.7860745	8.571242	-4.084508	-1.8339585	8.791509	-4.256891	-2.0494366	8.710106	7.9104424	-1.9728222	7.762002	7.101202	2.1404164	7.240066	6.622362	4.3478703	4.7644615	6.6654577	5.243302	4.271256
1	8.499416	0.38307226	5.779603	8.647857	0.5746084	5.6407394	8.465898	0.45489833	5.7748146	-0.38307226	-5.2049947	8.6334915	-0.56982	-5.985504	8.121132	-0.7565677	-5.4779334	8.571242	8.379706	1.091756	5.463568	8.470686	1.1731589	5.511452	8.499416	0.7086837	5.48751	8.494628	0.5410896	5.281609	8.312668	0.9911995	5.535394	8.1881695	0.8571242	5.889736	8.350976	0.62249243	5.631162	8.0445175	0.521936	6.157887	8.149862	0.39743748	6.157887	8.259995	-0.4309563	6.2728086	8.231265	0.34476504	5.961562	8.250419	0.2681506	6.0860605	8.178593	0.110133275	5.851429	8.288726	0.22984336	5.971139
1	8.058883	0.35434186	6.2584434	7.9104424	0.3878607	6.0716953	8.034941	0.37349546	5.923255	8.197746	0.37828386	6.009446	-0.89543146	-1.7669208	12.684481	2.054225	-4.999093	8.7532015	2.0398598	-5.118803	8.719683	1.9919758	-5.12838	8.825027	1.982399	-5.1666875	8.738836	2.0159178	-4.975151	8.710106	1.9153614	-4.927267	8.839393	1.9249382	-5.118803	8.7053175	1.8531121	-5.2002063	8.628703	1.8674773	-5.329493	8.762778	1.8770541	-5.2624555	8.6574335	1.9536686	-5.209783	8.614338	1.8579005	-5.386954	8.6574335	5.923255	0.21068975	8.0924015	-1.2737153	-5.410896	8.384495	-0.6512229	-5.583278	8.590396
1	-2.858677	-3.98874	12.660539	-10.759542	-2.801216	0.9672575	-9.615114	-3.98874	0.6703765	-7.1347213	-4.414908	-1.1827357	-2.7629087	0.07182605	9.888053	-9.404425	2.2266076	2.1978772	-12.751518	-14.417883	-3.8019924	-5.659893	-2.1643584	7.833828	-13.8241205	-4.5441947	0.6751649	-9.643845	-2.528277	-0.1436521	-10.864887	-3.845088	4.333505	-9.763555	-2.3942018	-0.34476504	-10.5680065	-5.650316	-0.50278234	-11.166556	-3.5865142	0.5410896	-5.0517654	0.38307226	9.222465	-1.9967642	-5.674258	7.3166804	-2.0973208	1.5753847	9.931149	-1.8770541	0.770933	9.619903	-1.8195933	0.7230489	9.768343	-1.5945383	-0.46926352	9.691729
2	-2.1978772	-3.0885203	8.99741	-1.9009962	-6.4068837	6.5936313	-2.920926	-1.6376339	8.37013	-7.6375036	-1.3024458	1.9297266	-8.710106	-1.8818425	1.8148049	-8.714894	-3.0454245	-0.29688102	-9.605537	-1.7908629	0.23942018	-10.6158905	-3.9791632	-6.1626754	8.882488	-21.56218	-9.3182335	-0.22984336	-7.867347	-5.4204726	-1.3024458	-8.303091	-5.932832	1.7860745	-8.082825	5.118803	3.4332852	-10.309433	1.3694834	4.1611223	-9.844957	-0.47884035	3.8642416	-9.662998	-0.9816227	3.8642416	-9.758766	-0.80924016	3.9504328	-9.672575	-0.9864111	4.050989	-9.682152	-0.8810662	4.1276035	-9.615114	-0.7469909	4.5202527	-9.44752	-0.11492168
2	0.48362875	-10.113108	4.9895163	0.7134721	-8.078036	5.66947	-3.193865	-2.006341	10.352529	-4.8602295	-6.885724	5.9902925	-4.501099	-5.1571107	9.313444	-4.8219223	-0.21068975	9.217676	3.9360676	-20.298042	6.411672	7.97748	1.5514427	5.9663506	4.8841715	0.24420857	8.652645	4.9176903	0.35434186	8.695741	4.831499	-1.4796166	7.991845	5.3342814	0.34476504	8.868123	5.104438	-0.33039984	8.973468	5.0996494	5.9663506	5.923255	4.903325	-0.89543146	8.63828	5.3199162	-1.2976574	8.949526	4.501099	0.12449849	8.954314	4.510676	0.11971009	8.901642	4.4340615	0.33997664	8.90643	3.6727054	7.249643	4.280833
