1	1.4748282	-0.9720459	7.9870567	-0.46447513	4.1036615	9.586384	-0.33997664	-0.7661445	9.830592	2.1978772	1.7621324	9.370906	3.2225955	-0.17238252	9.040505	0.9816227	-7.2687964	7.302315	3.0550013	-8.317456	4.6160207	0.79966336	-8.829816	6.9479733	3.6248214	-5.813122	8.015787	2.8634653	-3.6104562	9.11712	2.8778305	-3.3039982	9.14585	2.5378537	-3.2848446	9.519346	1.6950948	-3.643975	9.299079	3.4237084	0.18674773	7.144298	3.892972	-7.5321584	5.779603	3.2130187	-7.5082164	5.8083334	2.327164	-6.3925185	7.680599	1.685518	-8.389283	6.229713	1.6807296	-6.3206925	7.369353	3.2082303	-10.117896	1.8243817
1	10.031705	-1.7046716	1.9297266	10.04607	-1.6089035	1.8148049	10.0508585	-1.7477672	1.8100165	10.055647	-1.7286136	1.9009962	9.9790325	-1.6759412	1.9680338	10.041282	-1.70946	1.7956513	10.007763	-1.7477672	2.0111294	9.744401	-1.7717092	2.030283	10.113108	-1.7046716	1.7764976	10.041282	-1.8387469	1.9057846	9.998186	-1.7669208	1.8962077	10.031705	-1.7669208	1.8770541	10.065224	-1.6376339	1.9967642	9.916783	-1.6376339	1.8866309	10.089166	-1.6759412	1.9057846	10.055647	-1.7046716	1.9871874	10.0029745	-1.6663644	1.910573	9.911995	-1.6328455	1.8722657	10.079589	-1.685518	1.8914193	9.974244	-1.6519991	1.7764976
1	9.959879	-1.70946	1.910573	9.916783	-1.6950948	2.0207062	10.0269165	-1.6903064	1.8962077	9.811439	-1.6903064	2.0207062	9.907207	-1.7717092	1.9536686	9.921572	-1.6424223	1.8866309	10.065224	-1.8195933	2.087744	10.0748005	-1.7669208	1.9440918	10.012551	-1.5753847	1.70946	10.01734	-1.484405	1.7908629	9.935937	-1.8291701	1.8674773	10.0748005	-1.7429788	1.9297266	10.012551	-1.7812861	1.7860745	10.041282	-1.8291701	1.7764976	10.0029745	-1.6280571	1.9488802	10.060435	-1.7429788	2.0015526	10.13705	-1.757344	1.8483237	10.060435	-1.6280571	1.8531121	9.974244	-1.6136919	1.7764976	10.079589	-1.7238252	1.9967642
1	6.2009826	6.751649	3.9217024	7.029376	0.62249243	7.575254	6.244078	0.60333884	7.8865004	6.6079965	0.60333884	7.824251	6.8905125	0.82360536	7.422025	6.9048777	-2.4229321	7.1347213	-4.5202527	-6.861782	2.1260512	-5.616797	-5.2241483	6.4739213	-5.7125654	-5.3342814	6.2392898	-7.264008	-5.5018754	6.766014	-0.5363012	-5.530606	8.571242	-0.9576807	-5.410896	8.719683	-0.7757214	-6.5984197	7.73806	0.33039984	-7.9248075	7.1634517	-0.842759	-7.503428	7.1347213	-0.009576807	-3.4763808	9.543288	0.16280572	-7.7667904	9.969456	8.312668	1.067814	5.2480903	8.317456	0.59855044	5.631162	8.37013	0.2777274	5.6215854
1	8.422802	-3.0023289	5.932832	8.456321	-3.8402996	5.233725	7.551312	-2.8778305	6.0285997	7.565677	-0.81402856	6.1770406	8.001422	-0.8810662	6.4787097	7.8769236	-0.93852705	6.3589997	7.872135	-0.8283938	6.6367273	7.8050976	-1.7429788	6.363788	7.5944076	-1.5275006	6.631939	7.503428	-1.2114661	6.823475	7.656657	-1.412579	6.694188	7.517793	-1.1683705	6.909666	7.067683	-6.0956373	-0.24420857	8.930372	-1.7908629	4.7788267	9.030929	-1.9009962	4.414908	9.279925	0.6560113	3.9121256	9.251195	0.92895025	3.715801	9.299079	0.60812724	3.9504328	9.160215	0.6607997	3.8738184	6.3302693	-13.852851	-6.6367273
1	9.193734	0.59855044	3.9121256	9.308656	0.5410896	3.892972	9.461885	-0.7565677	4.1371803	8.039729	-6.9767036	0.1340753	8.178593	-6.670246	0.4213795	8.259995	-6.3925185	1.1827357	7.8529816	-6.646304	-0.60812724	7.6231384	-5.631162	5.032612	9.797073	-1.9919758	2.743755	9.964667	-1.5035586	3.7493198	9.730036	-1.5035586	2.3319526	9.993398	-1.3120226	2.5905263	9.3182335	-2.9879637	2.9257145	9.150639	-2.9017725	4.0653543	8.456321	-1.7525556	5.7987566	6.14831	-5.4922986	6.5936313	8.7532015	-3.940856	3.8163576	8.293514	-5.1571107	4.4436383	8.920795	-3.4380736	3.7924154	8.485051	-3.7301662	4.687847
1	-2.882619	-5.45878	7.9391727	-2.944868	-5.482722	7.943961	-2.705448	-5.401319	7.9870567	-2.825158	-5.33907	8.0445175	-2.882619	-5.386954	7.9631147	-2.954445	-5.329493	8.034941	-2.7341783	-5.3725886	7.9343843	-2.5761611	-5.482722	7.9726915	-2.8299465	-5.722142	8.00621	-2.4133554	-6.6893997	7.1059904	-1.7046716	-5.813122	8.303091	-0.19153613	-5.9902925	9.212888	1.0103531	-5.78918	8.1163435	1.7956513	-6.042965	8.465898	1.9057846	-6.373365	7.52737	-1.0151415	-6.5265937	8.0445175	-0.22984336	-7.872135	5.875371	-1.5753847	-4.4963107	10.132261	-6.3350577	-4.189853	6.943185	-6.612785	-4.7165775	5.6359506
1	10.065224	-1.7669208	1.8291701	10.007763	-1.8435353	1.6807296	10.0748005	-1.910573	1.6232687	10.0987425	-1.8531121	1.7860745	10.0269165	-1.7621324	1.7621324	10.007763	-1.8579005	1.8291701	9.9790325	-1.9393034	1.661576	9.921572	-1.757344	1.6376339	10.25676	-1.8866309	1.6328455	10.108319	-1.8195933	1.7238252	10.070012	-1.8483237	1.5610195	9.902418	-1.9057846	1.661576	9.9550905	-1.8483237	1.7669208	10.0029745	-1.7812861	1.6950948	10.0748005	-1.8004397	1.6807296	9.940725	-1.7956513	1.6711528	10.1226845	-1.7764976	1.5370775	10.0269165	-1.8243817	1.7190368	10.103531	-1.8674773	1.7238252	10.012551	-1.8626889	1.6663644
1	-1.0534488	-7.9104424	6.3302693	-1.2689269	-7.872135	6.4068837	2.633622	-5.33907	7.086837	2.8203697	-4.7644615	8.978256	7.043741	-4.6016555	7.513005	6.9383965	-5.8466406	5.2528787	6.933608	-5.81791	4.4675803	7.967903	-5.837064	3.4284968	8.015787	-5.813122	3.3327289	8.09719	-5.741296	3.2800562	2.255338	-10.85531	3.4332852	-0.24899697	-10.366894	2.3175871	-3.8067808	4.2760444	-4.9176903	6.090849	0.770933	5.00867	9.437943	-2.9592333	2.8921957	9.639056	-2.432509	2.7485435	8.48984	3.514688	3.4763808	4.5058875	1.9871874	8.350976	-0.5554548	3.4763808	8.963891	-1.6089035	4.43885	8.1881695
1	9.988609	-1.8195933	1.6328455	10.012551	-1.8243817	1.6950948	9.945514	-1.7381904	1.6807296	9.993398	-1.8531121	1.541866	9.983821	-1.8148049	1.6328455	9.983821	-1.5993267	1.3742718	9.9550905	-1.8914193	1.7190368	10.060435	-1.5945383	1.541866	10.079589	-1.7908629	1.7286136	10.079589	-1.8531121	1.757344	10.0748005	-1.8100165	1.8004397	9.873688	-1.958457	1.7717092	10.1226845	-1.8483237	1.5610195	9.9550905	-1.7812861	1.5993267	10.093954	-1.8722657	1.7381904	10.036493	-1.8818425	1.7669208	9.892841	-1.9057846	1.7046716	9.959879	-1.8531121	1.8100165	9.92636	-1.8866309	1.8100165	10.070012	-1.8243817	1.661576
1	8.451532	-1.0103531	5.741296	8.451532	-0.5793968	6.0381765	8.212111	-0.9576807	6.0285997	8.010999	-1.5275006	6.1530986	8.2169	-1.4221559	6.205771	8.09719	-1.460463	6.133945	8.307879	-1.4987702	5.9041014	8.887277	-4.9416323	2.6384103	8.7532015	-4.7309427	3.0693667	8.614338	-4.525041	3.9839516	8.561666	-5.645528	2.2266076	8.796297	-4.975151	2.777274	8.916007	-4.5872903	2.6144683	8.954314	-4.5058875	2.2505496	8.872911	-5.12838	2.3558946	8.748413	-4.1132383	3.9312792	9.212888	-2.8491	3.2082303	9.155427	-3.6774938	3.2130187	9.035717	-4.0318356	2.8874073	9.093178	-4.060566	3.0597897
1	-3.6966474	-3.0933087	8.571242	-3.6727054	-3.1555579	8.504205	-3.4811692	-3.442862	8.576031	-3.6727054	-4.3526587	7.8050976	-10.242394	-2.858677	-2.8299465	-0.16280572	-4.6686935	9.361329	-1.3934253	-6.5936313	8.825027	0.6751649	-7.225701	9.255983	-3.7924154	-0.48362875	8.571242	-4.31914	-4.8698063	7.0581064	-2.2122424	-3.5577838	9.270349	-2.2122424	-3.5769374	9.045294	-2.2744915	-3.7588966	9.011775	-2.4612393	-4.735731	8.494628	-2.1930888	-9.706094	3.1316159	-2.0494366	-8.049306	6.0860605	7.541735	-3.8259344	5.90889	1.6567876	-9.093178	8.628703	-1.3838485	-4.510676	8.973468	-6.3925185	-1.532289	7.0245876
1	10.007763	-1.6567876	1.9057846	9.969456	-1.8339585	1.8100165	10.103531	-1.6328455	1.9393034	10.022128	-1.757344	2.0159178	10.089166	-1.6136919	1.8531121	9.959879	-1.8004397	1.982399	10.036493	-1.5993267	1.4173675	10.093954	-1.7956513	2.0446482	9.816227	-1.6903064	1.9536686	10.060435	-1.8626889	1.5993267	9.9550905	-1.70946	1.8818425	10.012551	-1.7764976	1.8722657	10.065224	-1.7286136	1.8243817	10.060435	-1.8004397	1.8626889	9.988609	-1.7717092	1.9536686	10.103531	-1.6711528	1.8866309	9.9790325	-1.4987702	1.8962077	9.993398	-1.6807296	1.9919758	10.0029745	-1.9201498	1.9393034	10.0748005	-1.7190368	1.9153614
1	-0.21547815	-5.923255	8.437167	-0.272939	-5.923255	8.1402855	-0.0047884034	-4.4819455	8.614338	-0.11492168	-5.8562174	8.360553	-0.15322891	-5.434838	8.403648	-0.16280572	-5.6551046	8.499416	-0.14844051	-5.650316	8.647857	-0.06703765	-5.5258174	8.614338	-0.1388637	-5.482722	8.647857	0.009576807	-5.60722	8.528147	-0.076614454	-5.482722	8.6574335	-0.033518825	-5.544971	8.590396	-0.12928689	-5.48751	8.719683	-0.05267244	-5.530606	8.508993	-0.038307227	-5.5401826	8.504205	0.038307227	-5.535394	8.5473	-0.08619126	-5.583278	8.508993	-0.04309563	-5.5162406	8.6334915	-0.08140286	-5.583278	8.508993	-0.02873042	-5.511452	8.504205
1	-4.7165775	-8.049306	1.0055647	-4.879383	-7.417237	1.8052281	-5.267244	-7.651869	1.8435353	-6.6606693	-7.479486	2.6240451	-6.349423	-8.350976	1.7429788	-5.645528	-8.350976	1.4508862	-4.050989	-7.086837	0.9816227	-6.3685765	-9.169792	2.5570073	-5.707777	-8.882488	0.4309563	-0.47405192	3.5482068	7.6375036	-6.196194	-7.4363904	4.271256	-4.8985367	-6.8186865	3.9217024	-5.985504	-7.824251	4.8027687	-6.215348	-7.40766	4.10845	-5.281609	-8.456321	2.801216	-4.912902	-7.015011	3.2369606	-2.087744	2.360683	9.069236	-6.670246	-17.468096	11.161768	-5.6407394	-7.7572136	5.57849	6.397307	-9.423578	-0.40222588
1	-1.0630256	0.51235914	-54.357956	8.288726	-0.2825158	-37.12928	1.6136919	-5.2624555	-19.996372	-0.33518824	7.517793	-39.15956	5.463568	-1.2737153	-29.39122	3.016694	-16.127342	-32.910698	-2.6671407	-2.7581203	-2.96881	2.3654714	-0.4357447	-16.601395	11.204864	-3.3183637	-21.902157	-12.061988	-0.047884032	-4.4484267	12.133814	-5.8083334	1.9201498	9.840169	-1.6519991	2.327164	9.830592	-1.4939818	2.2457612	9.892841	-1.5227122	2.2888567	9.983821	-1.6376339	2.327164	10.007763	-1.5179238	2.3798366	9.868899	-1.5801731	2.3080103	9.734824	-1.5945383	2.6144683	9.844957	-1.6376339	2.360683	9.782708	-1.661576	2.3989902
1	0.61770403	-8.944737	-5.209783	0.5602432	-9.270349	-4.5298295	0.6560113	-9.390059	-4.55856	0.5315128	-9.14585	-4.6160207	0.92895025	-9.528923	-4.8219223	0.61291564	-9.437943	-3.8642416	0.62249243	-9.437943	-4.036624	1.1300632	-9.241618	-4.381389	0.93852705	-8.911219	-5.3582234	0.94331545	-9.581595	-4.050989	1.1300632	-9.543288	-4.2185836	1.0965444	-9.543288	-4.0557775	0.9528923	-9.581595	-4.285621	0.8283938	-9.514558	-4.1276035	1.0486604	-9.586384	-4.213795	0.90021986	-9.471462	-4.31914	0.8379706	-9.514558	-4.367024	0.9768343	-9.500193	-4.237737	0.8331822	-9.600749	-4.1419687	0.9720459	-9.562442	-4.1802764
1	10.070012	-1.6998832	1.7621324	9.940725	-1.7477672	1.7525556	10.055647	-1.7717092	1.6711528	9.998186	-1.6089035	1.7525556	10.0269165	-1.7381904	1.8148049	9.974244	-1.7238252	1.757344	10.022128	-1.7669208	1.8195933	10.070012	-1.7046716	1.7621324	10.041282	-1.6998832	1.7860745	9.998186	-1.6903064	1.7956513	10.146626	-1.6184803	1.7956513	9.969456	-1.6998832	1.7669208	10.070012	-1.6998832	1.7238252	10.012551	-1.7525556	1.7860745	9.921572	-1.7764976	1.7956513	10.060435	-1.8004397	1.7477672	10.01734	-1.7669208	1.6998832	9.9790325	-1.7669208	1.685518	9.993398	-1.7956513	1.8674773	9.969456	-1.7046716	1.7621324
1	3.3039982	-6.9862804	6.0860605	-3.0071173	-7.9391727	5.583278	-3.193865	-8.523358	4.793192	-2.8778305	-8.6095495	4.975151	-2.815581	-8.461109	5.118803	-4.050989	-9.346964	1.4173675	-3.8546648	-9.643845	-0.48362875	-3.9264908	-9.481039	-0.58897364	-3.4141316	-9.461885	-0.58897364	-3.241749	-9.80665	-0.320823	-3.1172507	-9.907207	-0.59855044	-4.1802764	-9.3182335	0.12449849	-4.1132383	-9.44752	-0.5650316	-3.763685	-9.524135	-0.7661445	-4.6399627	-10.496181	-0.8331822	5.659893	-5.583278	6.4882865	5.884948	-5.6646814	6.679823	5.080496	-8.403648	0.8331822	-2.954445	-9.476251	-2.8778305	-6.4643445	-7.2209125	-1.1013328
1	2.7150247	-9.701305	1.5179238	2.7820623	-9.725247	1.2737153	3.241749	-9.476251	1.7477672	3.0310593	-9.672575	1.9967642	1.8626889	-8.312668	3.7541082	-11.683704	-10.453085	35.438972	-0.62728083	-9.65821	4.8267107	-0.5554548	-8.389283	5.185841	-0.31603462	-8.825027	4.9559975	0.25378537	-8.8777	4.7165775	10.817003	-0.641646	1.2641385	9.557653	-1.7717092	-1.8674773	9.739613	1.9057846	-0.842759	9.41879	0.6799533	-0.1388637	9.174581	1.6136919	0.08140286	9.797073	1.13964	0.80445176	9.706094	1.6232687	0.12928689	10.34774	3.5913026	-1.4077905	9.533711	2.3080103	-2.231396	9.519346	-0.89064306	0.5554548
1	3.821146	-9.169792	0.9959879	3.7924154	-8.628703	3.6248214	-2.1787236	-3.6631286	8.801085	-2.5474305	-5.511452	9.155427	-2.8395233	-4.271256	7.4842744	-1.8195933	-7.015011	7.422025	-2.0207062	-7.4603324	6.469133	-0.9911995	-6.2584434	1.4748282	-5.3247046	-8.456321	0.2873042	-8.149862	-5.5641246	0.58418524	-8.1163435	-5.631162	0.2681506	-8.269572	-5.6886234	0.58418524	-7.9487495	-5.8083334	0.3878607	3.8355112	-7.656657	-1.3838485	4.644751	-4.9703627	6.9383965	4.3239284	-5.1666875	7.599196	4.984728	-8.303091	5.1379566	7.867347	-5.741296	-2.078167	8.0684595	-5.899313	-2.0254946	8.896853	-4.7644615	1.3311762
1	-0.7086837	-5.45878	8.887277	-2.5234885	-7.5800424	2.1930888	2.9783869	-10.424355	6.7708025	2.3463178	-7.809886	5.616797	1.8866309	-9.950302	4.6255975	3.5625722	-7.575254	5.3342814	4.975151	-7.800309	4.8745947	4.9416323	-6.8809357	6.0046577	5.2863975	-7.062895	5.329493	5.415684	-7.1059904	5.21936	5.3965306	-6.823475	5.602432	-4.0414124	-6.83784	4.927267	-4.1180267	-7.785944	4.951209	-6.6989765	-8.389283	7.053318	5.889736	0.37349546	-1.7190368	3.0502129	-10.089166	6.5026517	6.315904	0.81881696	2.9879637	4.1611223	-8.839393	8.671799	3.2752678	-9.26556	3.1411927	2.2936451	-9.773131	2.944868
1	-9.332599	0.46926352	1.4460979	-9.136273	0.39264908	1.541866	-9.232041	0.33518824	1.508347	-9.169792	0.35434186	1.412579	-9.222465	0.35913026	1.3934253	-9.131485	0.44532153	1.5227122	-9.212888	0.4213795	1.4748282	-9.165004	0.3878607	1.4796166	-9.208099	0.45489833	1.5945383	-9.3661175	0.39743748	1.5897499	-9.222465	0.46447513	1.4317327	-9.270349	0.39264908	1.5466543	-9.160215	0.3878607	1.3934253	-9.23683	0.320823	1.5275006	-9.270349	0.36391866	1.5275006	-9.136273	0.46926352	1.5610195	-9.208099	0.40222588	1.388637	-9.246407	0.40222588	1.388637	-9.126697	0.521936	1.5179238	-9.160215	0.40222588	1.460463
1	-9.078813	-0.50278234	2.480393	-9.02614	-0.5793968	2.566584	-8.973468	-0.59376204	2.542642	-8.911219	-0.47884035	2.5187001	-8.992621	-0.48362875	2.6288335	-9.323022	-0.6368576	2.6288335	-8.99741	-0.50757074	2.4277205	-9.045294	-0.50757074	2.4947581	-8.887277	-0.5267244	2.6431987	-9.050082	-0.45968673	2.456451	-8.978256	-0.47405192	2.5570073	-8.868123	-0.51235914	2.5761611	-9.088389	-0.50757074	2.6001031	-9.050082	-0.4261679	2.552219	-9.006987	-0.50278234	2.777274	-10.496181	2.8491	6.445191	-0.16759412	4.185065	9.677363	-1.067814	3.9552212	9.299079	-1.2354081	3.6391866	9.275137	-1.733402	3.9983168	8.183381
1	-2.2697031	-5.9519854	7.843405	-2.5330653	-6.1626754	7.589619	-1.7956513	-7.264008	6.943185	-1.9728222	-6.6606693	7.489063	-1.340753	-6.445191	7.7811556	-0.2633622	-6.181829	8.09719	-0.8331822	-6.325481	7.824251	0.047884032	-6.26802	7.8625584	0.30166942	-6.421249	7.9104424	-1.1731589	-7.872135	6.9240313	-1.3215994	-6.2488666	7.953538	-0.89064306	-5.884948	8.034941	-0.31124622	-6.895301	7.560889	-2.030283	-6.133945	7.7093296	-1.6663644	-6.7947445	7.441179	-2.585738	-7.129933	7.1490865	-2.1212628	-6.9000893	7.0102224	-2.4372973	-7.479486	6.7133417	-1.8052281	-7.019799	7.4507556	-0.009576807	-6.4739213	7.920019
1	8.475474	-3.4093432	4.6160207	8.446744	-3.5913026	4.912902	8.389283	-3.490746	5.0661306	8.456321	-3.5817258	5.032612	8.441956	-3.7014358	5.0613422	8.470686	-3.5194764	4.9703627	8.470686	-3.596091	4.9895163	8.365341	-3.620033	5.056554	8.499416	-3.6774938	4.7022123	8.456321	-3.6487634	4.711789	8.231265	-3.5242648	5.1140146	8.336611	-3.371036	5.109226	8.566454	-3.4045548	5.080496	8.432379	-3.289633	4.9655743	8.499416	-3.347094	4.8985367	8.327033	-3.371036	5.109226	8.485051	-3.323152	4.9703627	8.571242	-3.2369606	4.960786	8.523358	-3.3614593	5.070919	8.499416	-3.2513258	4.9559975
1	-3.083732	-6.933608	11.113884	-1.388637	-3.7828386	9.064447	-1.1252748	-3.8881836	8.987833	-1.2162545	-4.4244847	9.32781	-1.8914193	-2.3415294	7.9391727	-9.68694	-2.4468741	-2.4756045	-9.284714	-2.6767175	-1.1683705	-12.306197	-4.223372	-1.091756	-9.543288	0.04309563	0.12928689	-12.363658	-3.6583402	-0.8379706	-9.610326	-2.633622	0.44532153	-6.5984197	-2.087744	6.2249246	-4.7979803	-0.15322891	8.470686	-1.6280571	-5.434838	8.212111	-3.4284968	-5.568913	7.9008656	-6.143522	-7.3071036	8.556877	-5.1379566	-0.5602432	7.4363904	-4.8937483	-3.5290532	5.497087	-4.381389	-5.0757074	7.747637	4.050989	-3.1364043	-6.1004257
1	9.988609	-1.6136919	1.8674773	10.0508585	-1.70946	1.8914193	10.108319	-1.6232687	1.8052281	9.89763	-1.733402	1.8722657	9.983821	-1.661576	2.006341	10.060435	-1.6472107	1.8148049	10.0508585	-1.6759412	1.8339585	10.007763	-1.6424223	1.8579005	10.065224	-1.6950948	1.8195933	9.940725	-1.7190368	1.8626889	9.916783	-1.7046716	1.9057846	10.1226845	-1.6376339	1.9919758	9.916783	-1.6759412	1.9776106	9.9550905	-1.7764976	1.9728222	9.9790325	-1.6280571	1.7429788	9.998186	-1.958457	1.9776106	9.892841	-1.6280571	2.0207062	9.945514	-1.7286136	1.8531121	10.036493	-1.7286136	1.9680338	10.01734	-1.7286136	1.7956513
1	-0.23942018	-6.8091097	8.259995	-0.46926352	-6.670246	7.6375036	0.21547815	-6.8761473	7.589619	0.17717093	-6.895301	7.704541	0.05746084	-6.8426285	7.642292	-0.019153614	-6.823475	7.723695	0.14844051	-6.8522053	7.6853876	0.08140286	-6.7468605	7.762002	0.01436521	-6.8426285	7.776367	0.062249243	-6.8809357	7.680599	-0.1436521	-6.95755	7.589619	-0.12449849	-6.895301	7.5704656	-0.14844051	-6.981492	7.441179	0.12449849	-7.2927384	7.8386164	1.1779473	-5.559336	9.050082	-0.20590134	-5.3103395	8.882488	-0.2825158	-5.4061074	8.781932	-0.19632454	-5.363012	8.604761	-0.05746084	-5.3486466	8.738836	-0.038307227	-5.7029886	8.149862
1	-3.0310593	4.2281604	7.9822683	-3.3806129	4.0414124	7.7332716	-2.111686	3.2321723	8.78672	-2.504335	3.0358477	8.690952	-2.360683	2.992752	9.299079	-1.6280571	3.5242648	8.599973	-1.4030021	4.237737	8.576031	-1.8435353	4.232949	8.8777	-1.4652514	4.8123455	8.025364	-0.9816227	4.912902	7.9726915	-5.7987566	4.6255975	5.511452	-9.02614	-0.545878	2.5761611	-8.968679	-0.51235914	2.6288335	-8.944737	-0.5554548	2.4133554	-9.050082	-0.56982	2.480393	-9.074024	-0.521936	2.4851813	-8.954314	-0.56982	2.585738	-9.045294	-0.51235914	2.4995465	-9.097966	-0.5746084	2.504335	-9.078813	-0.5506664	2.4420857
1	9.988609	-1.7190368	1.910573	9.89763	-1.7238252	1.9919758	9.993398	-1.7764976	1.8770541	9.931149	-1.8435353	1.8483237	10.093954	-1.7621324	1.9009962	10.0029745	-1.7429788	2.0159178	10.04607	-1.7717092	1.8770541	10.022128	-1.934515	1.8100165	10.0508585	-1.6807296	1.8291701	9.9790325	-1.757344	1.8387469	10.065224	-1.7764976	1.9009962	9.931149	-1.8148049	1.8531121	10.060435	-1.7477672	1.7429788	9.974244	-1.7477672	1.8339585	9.9550905	-1.8004397	1.8052281	10.055647	-1.8339585	1.8674773	9.892841	-1.7669208	1.8052281	10.0269165	-1.8195933	1.7908629	9.983821	-1.7429788	1.9536686	10.0029745	-1.9057846	1.7956513
1	3.5290532	4.8362875	7.019799	3.217807	4.5633483	8.00621	3.1507695	4.745308	7.7907324	3.3806129	2.3989902	9.184157	3.323152	-0.49799395	9.682152	-2.4660277	-5.4779334	7.8865004	-2.480393	-5.755661	7.8386164	-2.2505496	-5.66947	7.843405	-1.4748282	-3.7780502	8.063671	-3.5434184	-6.6367273	8.154651	-2.7724855	-5.023035	8.101978	-12.052411	-3.0597897	0.90500826	-1.6711528	-7.225701	7.0485296	-1.1109096	-8.054094	5.3582234	9.356541	-5.0613422	-1.2880806	-0.08619126	-11.128249	6.991069	-1.436521	-8.418014	5.463568	-3.739743	-7.8625584	5.12838	-2.6479871	-8.461109	4.817134	-4.1180267	-5.133168	3.371036
1	-2.3175871	8.09719	1.3072342	-0.8714894	5.142745	4.960786	-0.37349546	6.1243677	6.517017	0.91458505	6.114791	9.964667	3.821146	-4.357447	8.374918	1.1348516	-3.691859	12.516887	-0.12449849	-2.0254946	10.520123	-0.076614454	-2.1978772	8.552089	1.0055647	-0.18674773	9.840169	9.816227	-4.247314	7.9008656	2.1021092	0.35434186	11.286267	4.477157	-1.1252748	7.5465236	5.45878	-7.843405	10.7116585	0.20111294	5.4444146	8.202535	-8.12592	-5.626374	16.376339	-4.7165775	10.357317	6.7468605	-0.8714894	-1.0630256	9.816227	0.5506664	-13.589489	1.0582372	-0.49799395	-9.801862	-0.16759412	1.3742718	-10.70687	0.16759412
1	0.93852705	-1.9632454	9.610326	2.207454	-3.5865142	8.829816	2.27928	-3.8115692	8.714894	2.3798366	-3.9073372	10.079589	2.1691468	-2.906561	9.41879	2.0254946	1.6376339	9.691729	3.3806129	2.695871	9.016563	2.4133554	4.3047748	9.169792	3.4237084	3.169923	8.087613	1.0726024	2.1739352	10.965444	0.46447513	2.6192567	9.821015	1.1683705	-3.7684734	9.68694	-6.0142345	-1.484405	7.40766	-5.171476	-0.8475474	7.9726915	-7.1347213	-3.8115692	4.3382936	-0.20590134	-5.425261	8.341399	-0.45010993	-4.7405195	7.943961	0.5554548	-7.489063	5.473145	-0.023942016	-7.5465236	7.153875	1.3072342	-5.6551046	7.943961
1	0.4405331	-8.212111	6.5265937	-1.3934253	2.111686	8.135497	1.1779473	-8.772355	5.861006	0.521936	-2.4229321	9.710882	0.090979666	-4.510676	9.203311	-0.1436521	-5.0182467	8.944737	-0.08619126	-5.2289367	8.949526	-0.2777274	-5.1140146	8.853758	-0.4357447	-5.118803	8.944737	-0.31603462	-5.5401826	8.566454	0.93373865	-6.5361705	7.872135	1.3982137	-3.122039	8.111555	0.91458505	-8.944737	5.195418	0.9959879	-8.5473	5.971139	1.3024458	-8.394072	5.8083334	1.541866	-8.010999	5.8226986	-0.79008657	1.4269443	9.619903	2.6001031	-8.868123	5.0038815	2.3511062	-8.75799	4.7548847	1.8914193	-7.953538	7.4746976
1	-1.0007763	-7.489063	6.861782	-0.90021986	-7.5082164	7.0102224	-0.94810385	-8.0684595	6.38773	-0.90500826	-8.020576	6.3542113	-0.8475474	-8.183381	6.220136	-0.92895025	-7.9391727	6.4260373	-0.8619126	-8.073248	6.3446345	-0.91458505	-7.843405	6.6271505	-1.0821792	-7.9104424	6.315904	-1.2066777	-8.00621	6.325481	-1.1444284	-7.7811556	6.612785	-1.0103531	-7.675811	6.6989765	-0.92895025	-7.833828	6.5265937	-0.89543146	-7.8912888	6.4978633	-0.92416185	-7.9343843	6.4260373	-0.82360536	-8.049306	6.4164605	-1.043872	-7.9631147	6.3063273	-0.9911995	-7.9726915	6.3685765	-0.8523358	-7.8865004	6.6079965	-0.9672575	-8.030152	6.291962
1	8.465898	-2.0829554	4.209007	2.2601264	-0.5267244	9.801862	8.676587	0.48841715	3.572149	10.141838	-1.3311762	3.763685	6.090849	-1.7477672	7.9343843	0.06703765	1.4556746	10.156203	1.8339585	-2.7389667	9.3421755	3.3375173	6.090849	4.697424	-8.389283	0.79966336	-0.23463176	-9.3421755	-0.9959879	1.7669208	-9.346964	-1.3215994	1.4317327	-9.289502	-1.3024458	1.4269443	-9.275137	-1.292869	1.5131354	-9.203311	-1.2545617	1.4173675	-9.121908	0.32561144	1.3934253	-9.212888	0.46926352	1.412579	-9.212888	0.40701428	1.5227122	-9.169792	0.39743748	1.3694834	-9.222465	0.40222588	1.4652514	-9.3661175	0.4213795	1.4413095
1	9.921572	-1.661576	1.8722657	10.103531	-1.6711528	1.8531121	10.0029745	-1.6184803	1.8052281	9.998186	-1.6998832	2.0350714	10.13705	-1.7142484	1.8579005	10.065224	-1.7429788	1.9153614	10.065224	-1.6376339	2.0207062	10.036493	-1.6759412	1.958457	10.065224	-1.685518	1.8770541	10.060435	-1.5705963	1.8291701	10.0748005	-1.7717092	1.8866309	10.01734	-1.7525556	1.9153614	9.974244	-1.5993267	1.8579005	10.108319	-1.6280571	1.8818425	9.878476	-1.6472107	1.8579005	10.0987425	-1.6089035	1.910573	9.950302	-1.70946	1.9776106	10.0508585	-1.757344	1.8531121	10.1226845	-1.6807296	1.9201498	9.974244	-1.661576	1.8626889
1	3.5529952	-7.704541	5.5258174	3.6870706	-7.85777	5.482722	3.5865142	-7.8529816	5.3007627	3.6343982	-7.872135	5.209783	3.763685	-7.953538	5.415684	3.7014358	-7.8912888	5.2624555	4.175488	-9.26556	4.7788267	1.661576	4.903325	8.78672	1.541866	1.6998832	9.500193	1.0295067	-1.6567876	10.0508585	-0.090979666	-2.0350714	10.395624	0.15801731	-1.6567876	9.849746	-0.842759	-2.4995465	9.715671	0.15322891	0.19632454	9.586384	-2.72939	-1.8579005	9.02614	-1.9488802	-2.4708161	8.992621	-2.1547816	-3.2513258	8.7053175	-2.4181437	-4.486734	9.533711	-1.0007763	-2.753332	10.381259	-0.7757214	-4.074931	9.050082
1	0.93852705	-7.1730285	7.4268136	1.5945383	-9.739613	4.027047	0.05267244	-5.3821654	8.944737	1.1013328	-9.691729	3.9935284	0.51235914	-8.652645	6.0238113	1.3503298	-9.725247	3.763685	1.4460979	-9.44752	4.357447	1.4891934	-9.131485	4.5777135	1.3503298	-9.174581	5.032612	1.4173675	-9.217676	5.0278234	1.412579	-8.949526	4.9081135	2.1691468	-10.34774	3.1507695	-3.2609026	-5.7029886	7.431602	-3.7062242	-6.1626754	6.9048777	-3.2704794	-6.14831	7.455544	-2.1547816	-6.8569937	5.746084	-3.8163576	-4.9176903	7.359776	-4.1371803	-5.592855	7.3885064	-3.9743748	-5.3199162	7.5225816	-2.432509	-8.154651	9.361329
1	-0.29688102	-8.561666	5.8466406	0.7469909	-9.332599	-3.9073372	1.2018893	-10.204087	-2.3654714	1.13964	-10.160992	-2.4612393	1.2545617	-10.304645	-2.5139117	0.9959879	-10.089166	-2.3894134	0.8714894	-10.175357	-2.4372973	0.9528923	-10.036493	-2.552219	0.6751649	-8.6813755	-3.7253778	-1.0773908	-9.078813	-4.783615	-0.46447513	-9.720459	-4.4963107	-0.5267244	-9.361329	-4.6399627	0.23463176	-9.141062	-4.903325	0.2777274	-8.791509	-5.3582234	0.2825158	-8.422802	-5.923255	1.13964	-9.562442	-4.2999864	1.2593501	-9.500193	-4.012682	1.1683705	-9.461885	-4.036624	1.3215994	-9.423578	-4.237737	1.2497733	-9.524135	-3.9312792
1	10.070012	-1.7142484	1.8483237	10.036493	-1.7381904	1.9728222	10.060435	-1.6903064	1.8579005	10.01734	-1.6519991	1.9297266	9.916783	-1.7669208	1.9728222	10.0029745	-1.6903064	1.958457	9.945514	-1.6711528	1.8914193	10.0029745	-1.7142484	1.8674773	10.0029745	-1.6711528	1.8243817	10.031705	-1.6184803	1.7956513	9.902418	-1.7717092	1.8531121	10.01734	-1.7286136	2.078167	10.007763	-1.7286136	1.9153614	10.141838	-1.6424223	1.7286136	9.9550905	-1.7190368	1.8387469	9.935937	-1.733402	1.8818425	9.993398	-1.6998832	1.8866309	10.055647	-1.6759412	2.0159178	10.060435	-1.6663644	1.8962077	10.055647	-1.7238252	1.8962077
1	1.2785037	2.9879637	-8.389283	-1.4987702	-19.16319	-3.1890767	0.78529817	-8.485051	-3.2992098	11.180922	-9.763555	5.4204726	-2.5474305	-5.080496	1.9871874	-10.295067	-4.0892963	0.14844051	-8.303091	-3.9695864	-1.1348516	-8.403648	-5.2863975	0.40222588	-8.259995	-5.4539914	0.31124622	-6.26802	-6.7372837	0.81402856	-8.930372	-3.3375173	-2.3463178	-8.825027	-3.1651347	-2.4995465	-8.99741	-3.3039982	-2.5378537	-8.724471	-3.4380736	-2.5617957	-9.730036	-4.309563	-3.5290532	-9.682152	-1.6041151	3.169923	-8.197746	-4.5777135	1.3790601	0.61770403	7.666234	-3.4955344	-3.3087866	-23.353043	-11.688493	-9.643845	-14.887146	5.056554
1	-0.92895025	-7.8290396	6.8186865	-1.364695	-7.5944076	6.8809357	-1.412579	-6.517017	7.762002	-1.8195933	-6.9479733	8.327033	-0.9864111	-9.720459	3.6583402	-1.3742718	-9.821015	3.2082303	-1.3215994	-9.461885	3.2034419	1.364695	-8.341399	2.336741	-1.0151415	-10.457873	3.4141316	-0.94331545	-10.151415	-1.0486604	-3.7205894	-8.566454	1.6759412	-1.7669208	-5.3582234	7.7572136	-2.2984335	-6.033388	7.627927	-2.360683	-6.469133	7.3789296	-2.3080103	-6.4499793	7.5321584	-2.528277	-6.5122285	7.5561004	-1.5131354	-5.583278	7.9248075	-1.70946	-6.114791	8.394072	-1.8004397	-6.14831	8.121132	-1.5562311	-5.6551046	8.1881695
1	-1.5945383	-3.8881836	9.222465	-1.8387469	-4.3143516	8.90643	-0.6368576	-3.940856	9.385271	-0.36391866	-2.542642	9.619903	0.80924016	-3.2800562	9.5385	0.40701428	-10.0029745	2.3558946	0.79487497	-10.376471	1.3790601	1.3503298	-10.199299	2.4756045	0.7038953	-10.352529	2.207454	0.7422025	-10.055647	2.3415294	0.59855044	-9.787497	3.643975	0.61291564	-9.768343	3.9695864	0.79487497	-8.327033	6.301539	0.5650316	-8.48984	6.1626754	0.61770403	-8.868123	5.080496	0.2681506	-8.192958	6.4308257	0.14844051	-8.178593	6.3446345	0.22505496	-8.212111	6.5601125	-1.067814	-9.485827	3.9743748	0.047884032	6.0525417	7.4268136
1	-0.20590134	-9.911995	3.0214825	-1.2210429	-13.814544	8.643068	-1.460463	0.60333884	9.595961	0.076614454	-9.739613	3.4093432	0.6847417	-10.314221	-1.2641385	0.63206923	-10.496181	-1.1779473	0.5363012	-10.089166	-1.340753	-3.5865142	-9.002198	3.3518825	-1.4939818	-9.294291	0.9720459	0.4357447	-10.419566	-1.7429788	-0.37828386	-8.48984	4.999093	-1.8866309	-5.3678	8.331821	-1.3263878	-4.663905	8.6813755	-2.585738	-4.7548847	8.274361	-2.7150247	-4.381389	8.528147	-2.7964275	-4.735731	8.676587	-2.0494366	-5.1571107	8.379706	3.466804	-9.591172	6.0716953	4.7644615	-9.404425	2.1452048	0.1340753	-10.448297	0.80445176
1	0.31124622	-5.185841	8.303091	-0.038307227	-4.7979803	9.059659	-0.23463176	-4.5872903	9.02614	-0.40222588	-4.4005427	8.935161	0.90021986	-5.21936	8.690952	1.8483237	-7.249643	7.1395097	1.8531121	-7.2544312	7.2544312	3.169923	-6.9527617	6.885724	2.566584	-7.4507556	6.325481	2.3894134	-7.608773	6.8186865	2.6527755	-8.590396	5.046977	2.3798366	-9.332599	4.5537715	2.4277205	-8.441956	5.410896	2.2409728	-9.006987	4.8698063	2.0207062	-8.896853	4.8506527	0.02873042	0.545878	9.739613	0.17717093	-0.47405192	10.0508585	2.2170308	-3.5577838	9.490616	1.5370775	-4.036624	9.3182335	1.115698	-3.9935284	9.193734
1	6.603208	-8.978256	1.7238252	-0.81881696	1.9201498	9.481039	0.49320555	-1.8626889	9.481039	0.4405331	-1.9536686	9.753978	0.37349546	-2.1260512	9.816227	0.39743748	-2.0590134	9.9790325	0.3878607	-2.1499932	9.868899	0.36870706	-2.1978772	9.720459	0.9864111	-4.9895163	9.212888	1.1923125	-4.156334	8.848969	3.2561142	-2.480393	7.848193	0.9768343	-6.2249246	8.762778	0.4309563	-5.9424086	8.327033	0.59376204	-5.9280434	8.135497	0.5746084	-5.971139	8.221688	0.49799395	-5.899313	8.360553	0.49320555	-5.9184666	8.283937	0.5410896	-5.947197	8.346188	0.62728083	-5.7508726	8.451532	0.6943185	-5.9280434	8.130709
1	-1.1971009	-6.2728086	8.082825	-0.8810662	-5.9184666	7.9391727	-1.13964	-6.2009826	8.073248	-1.1061212	-6.1387334	7.97748	-1.2306197	-6.1387334	8.212111	-1.0295067	-6.229713	8.073248	-1.163582	-6.1626754	8.0684595	-1.0630256	-6.05733	8.154651	-0.9672575	-6.1387334	8.039729	-1.115698	-6.0956373	8.145074	-0.9959879	-6.205771	8.259995	-0.9864111	-6.301539	7.9822683	-1.0773908	-6.1004257	7.9726915	-1.067814	-6.0764837	7.843405	-1.0151415	-6.143522	8.063671	-1.0151415	-5.9663506	7.9966335	-1.115698	-6.033388	8.1402855	-1.2737153	-6.0764837	8.0684595	-1.1779473	-6.1530986	8.0684595	-1.1492168	-6.009446	8.145074
1	1.0821792	-8.394072	-4.4101195	-2.1883004	-5.717354	-1.9776106	1.412579	-6.603208	-4.209007	2.4037786	-7.809886	6.4068837	-1.7908629	-9.184157	3.7732618	-1.685518	-17.554287	-4.8267107	4.6351743	-11.238382	-3.7684734	2.3750482	-5.0421886	-3.6343982	-7.785944	33.001675	24.938005	-3.7062242	-11.27669	-7.3310456	-2.8060043	-7.1490865	7.52737	-2.801216	1.5370775	14.84405	-7.1826053	-7.3310456	-1.5610195	-1.5993267	-9.773131	-3.1124623	-3.2704794	-7.714118	-1.8483237	-2.3798366	-14.60463	1.6041151	3.5290532	-1.9153614	-2.3463178	1.2880806	-1.115698	10.007763	1.043872	-2.7485435	9.734824	1.0486604	-13.656527	3.2273839
1	3.064578	-8.585608	4.4436383	3.040636	-8.724471	4.9081135	3.064578	-8.90643	4.735731	2.954445	-8.820239	4.8219223	2.9257145	-8.90643	4.8458643	2.9400797	-8.892065	4.8219223	2.9831753	-8.90643	4.783615	2.8060043	-8.8777	4.7644615	2.753332	-8.954314	4.673482	2.906561	-9.184157	4.012682	2.9879637	-9.313444	4.185065	-1.685518	4.6782703	8.336611	-2.5378537	5.81791	4.3478703	-2.1691468	-0.59376204	8.686164	5.33907	-8.149862	3.9552212	3.7445314	-9.437943	1.8483237	2.815581	-9.854534	2.5905263	5.023035	-5.985504	7.015011	-0.04309563	-1.4891934	9.715671	-0.062249243	-2.7102363	10.266336
1	0.15322891	7.9343843	3.9504328	3.016694	9.763555	8.619126	-5.439626	-5.3965306	6.3781533	-4.9176903	-5.463568	6.823475	-4.7644615	-5.425261	6.981492	-4.7165775	-5.2385135	7.091625	-4.855441	-5.21936	6.9527617	-4.745308	-5.118803	7.0820484	-5.0900726	-4.8985367	7.0964136	-5.2002063	-4.6782703	6.967127	-5.377377	-4.6686935	7.038953	-5.257667	-4.43885	7.053318	-5.6215854	-8.303091	9.461885	-1.9393034	3.6056678	8.303091	-0.5267244	2.6192567	9.3421755	0.15322891	0.2825158	10.6398325	-0.56982	-6.8905125	7.7572136	-0.7422025	-7.015011	7.311892	-0.7038953	-7.1826053	7.053318	-0.62249243	-7.374141	7.536947
1	-2.906561	-2.4037786	12.028469	-1.3982137	6.4260373	6.435614	-1.757344	6.157887	6.8043213	-0.3878607	6.5936313	6.555324	-0.60812724	6.4787097	6.646304	-0.9624691	4.7548847	8.049306	-0.6464345	5.5401826	8.030152	0.6655881	5.923255	7.3406224	0.14844051	5.7508726	7.3406224	3.1651347	-9.77792	6.253655	1.1300632	3.6870706	8.920795	0.06703765	3.5769374	9.184157	-0.93852705	-1.3503298	10.232818	-4.050989	-5.8083334	6.588843	-8.75799	-5.861006	1.7477672	-5.7843914	-5.439626	3.3135753	-6.588843	-5.717354	-0.4357447	-8.0924015	-5.722142	0.37828386	-8.968679	-3.9456444	1.1013328	-8.810662	-3.9025488	0.93373865
1	-3.8163576	-5.8226986	7.302315	-3.2944214	-5.9424086	7.714118	-2.9113493	-6.0716953	7.479486	-3.8163576	-5.5976434	7.4268136	-1.2593501	-6.7372837	7.632715	-3.1124623	-5.9184666	7.503428	-2.4277205	-6.066907	7.9008656	-1.7477672	-6.2488666	7.345411	-3.715801	-5.813122	7.7189064	-3.8738184	-6.631939	7.4746976	-4.8602295	-5.4204726	7.321469	-3.7588966	-5.875371	7.359776	-3.1411927	-5.93762	7.489063	2.542642	-10.060435	16.270994	5.8705826	-5.9663506	3.4093432	4.572925	-7.062895	9.816227	-0.33997664	-10.031705	0.29209262	-2.0159178	-10.994174	4.8841715	-1.2114661	-9.768343	3.098097	-0.6703765	-9.074024	2.6431987
1	2.6048915	-10.208876	0.521936	2.6144683	-9.983821	1.1204864	2.360683	-10.151415	1.508347	3.940856	-5.094861	-6.9719152	1.2545617	-9.749189	2.5330653	-0.5267244	-8.820239	5.875371	1.0390835	-10.1226845	3.0693667	1.283292	-15.935806	4.6399627	1.7142484	-8.221688	5.971139	1.6807296	-8.221688	6.2967505	1.4173675	-9.725247	5.9424086	0.29209262	-9.787497	2.9400797	0.17717093	-9.481039	4.5154643	6.895301	-1.8100165	4.8506527	6.727707	-0.090979666	4.1419687	0.41180268	-5.57849	8.437167	0.33039984	-5.8466406	8.283937	0.39743748	-5.8562174	8.384495	4.1802764	-5.779603	6.2105594	3.9456444	-8.628703	4.7740383
1	0.45489833	-8.834604	5.6982	-0.8714894	-10.79785	2.6144683	-0.44532153	-8.049306	6.933608	-0.17717093	-7.6470804	6.694188	-0.9864111	-6.05733	8.0684595	-1.0055647	-5.4444146	8.6334915	-2.7150247	-3.8259344	8.772355	-2.954445	-4.5777135	8.446744	-3.3135753	-4.285621	8.432379	-3.3087866	-4.3957543	8.255207	-2.753332	-4.711789	8.240842	-2.657564	-3.9983168	9.021352	1.4173675	-8.020576	6.6175733	1.4556746	-7.326257	7.1969705	-0.05267244	-8.973468	7.795521	-2.1547816	-6.9479733	6.9862804	0.39264908	-8.781932	5.5880666	-1.5466543	6.253655	6.1530986	-3.6966474	-3.964798	8.307879	-3.940856	-5.3678	7.3885064
1	-11.03727	-2.5809495	-1.0007763	-8.073248	-4.3622355	4.1180267	0.9576807	-7.503428	4.9081135	2.9783869	-8.815451	2.0973208	4.036624	-8.724471	-0.47405192	3.0358477	-7.345411	-3.7062242	-6.0621185	-3.6104562	5.544971	-9.016563	0.46926352	4.256891	-0.1436521	-3.4620156	2.4899697	-13.321339	9.308656	4.6255975	-3.040636	-9.045294	8.805874	-8.12592	-4.1036615	4.735731	-7.6614456	-1.5227122	3.916914	-0.9816227	-9.078813	-1.4077905	-5.401319	-6.3589997	1.2258313	0.7757214	-2.360683	-2.3654714	-6.114791	-10.802638	1.6807296	-9.337387	-14.355634	-2.303222	-3.1794999	-9.174581	-2.6384103	-3.4955344	-3.2321723	-7.2831616
1	-1.1204864	2.0925324	9.346964	0.89064306	3.514688	8.90643	1.4987702	2.2888567	9.696517	0.19153613	2.6048915	9.409213	-2.4660277	2.815581	9.32781	0.51714754	1.6903064	10.022128	-1.091756	1.0534488	9.725247	0.05746084	0.22984336	9.921572	-1.8052281	-1.2401965	10.199299	-2.1883004	-0.39264908	10.745177	-0.16759412	-1.3982137	10.477027	0.6991069	-2.006341	9.715671	-1.8770541	-3.7684734	8.8777	-2.6623523	-0.24899697	9.586384	-3.2369606	-0.5315128	9.241618	-2.0733786	2.2649148	8.6574335	-2.542642	3.0119057	9.069236	-3.821146	-0.8475474	8.844181	-2.4229321	0.062249243	9.179369	-3.1603463	2.054225	9.255983
1	10.01734	-1.8866309	1.7764976	9.998186	-1.8052281	1.7525556	9.931149	-1.8243817	1.7764976	9.983821	-1.8291701	1.8674773	9.950302	-1.8052281	1.7238252	10.108319	-1.7812861	1.6472107	10.041282	-1.8243817	1.70946	10.089166	-1.7669208	1.6711528	10.055647	-1.8531121	1.6424223	10.022128	-1.7812861	1.7238252	9.9790325	-1.910573	1.661576	9.969456	-1.9201498	1.685518	10.012551	-1.8818425	1.7669208	10.175357	-1.8339585	1.7525556	10.084377	-1.8626889	1.7764976	10.031705	-1.8387469	1.7477672	10.0987425	-1.7046716	1.6376339	10.007763	-1.8148049	1.6424223	10.117896	-1.910573	1.7717092	9.9790325	-1.8483237	1.7477672
1	-9.308656	-6.4643445	-5.109226	0.272939	-8.781932	-4.7979803	-1.067814	-7.431602	-4.3239284	-2.1787236	-8.78672	-4.122815	1.8483237	-9.490616	-5.645528	-3.3327289	-8.700529	9.758766	-0.33039984	3.3806129	11.865664	-0.41180268	-34.481293	5.377377	-9.490616	-19.029116	17.717093	1.7525556	-9.208099	4.0222588	-4.309563	-8.379706	-0.47405192	2.801216	-8.408437	3.667917	-5.0757074	4.525041	10.175357	6.8043213	-7.762002	2.078167	5.2385135	-8.42759	0.16759412	3.2704794	-9.864111	1.2066777	3.2225955	-3.8833952	10.060435	2.9352913	-8.015787	-4.6399627	2.3080103	-9.160215	-5.3725886	2.8299465	-8.796297	-4.5872903
1	-2.8107927	-3.0119057	9.131485	-3.0071173	-2.7629087	8.968679	-2.9783869	-2.791639	9.179369	-2.6240451	-2.906561	9.131485	-2.6910827	-2.9400797	9.179369	-2.681506	-2.9352913	9.093178	-2.7341783	-2.858677	9.030929	-2.896984	-2.777274	9.160215	-2.7150247	-3.2130187	9.193734	-2.9352913	-2.456451	9.126697	-2.9161377	-2.5378537	9.184157	6.9144545	-2.0350714	6.9048777	5.21936	-0.8379706	8.374918	2.7006595	8.255207	3.2034419	2.303222	9.624691	2.777274	2.906561	7.4363904	4.390966	3.145981	7.5225816	3.7684734	3.5913026	8.049306	-3.0310593	3.940856	6.4260373	-6.0525417	4.261679	7.479486	-3.0454245
1	8.470686	-6.0860605	-0.20590134	8.595184	-6.205771	-0.023942016	8.566454	-6.2584434	0.009576807	8.542512	-6.2967505	-0.05746084	8.78672	-5.6790466	2.0350714	9.23683	-2.1643584	4.2281604	8.954314	-0.7278373	5.9519854	8.690952	0.45010993	5.535394	7.311892	-1.0103531	7.2544312	-2.8778305	-11.444284	0.1340753	-1.316811	4.3718123	8.0924015	-0.94331545	-3.5290532	9.385271	-0.94810385	-4.1802764	9.3182335	-1.757344	-4.8698063	8.643068	-2.432509	-5.923255	8.6334915	-6.5026517	-3.5529952	6.469133	-3.572149	-4.960786	8.00621	-3.4715924	-4.606444	8.135497	-3.5051112	-4.644751	8.159439	-3.5769374	-4.582502	7.943961
1	1.1827357	-9.414001	4.654328	1.043872	-8.944737	5.5880666	1.6424223	-9.078813	4.8458643	0.90021986	-8.90643	5.291186	0.9528923	-8.935161	5.2049947	1.0582372	-8.6813755	5.3678	0.8619126	-10.01734	2.9640217	0.6512229	-9.911995	3.1172507	0.59855044	-9.902418	3.3375173	0.5746084	-9.988609	3.2609026	1.0151415	-9.744401	3.7780502	0.89064306	-9.706094	3.8498764	0.8379706	-9.706094	3.787627	0.7038953	-9.758766	3.8115692	0.8571242	-9.763555	3.6822822	1.0773908	-9.591172	4.1706996	1.3263878	-9.576807	3.9456444	1.2497733	-9.485827	4.1371803	1.3790601	-9.227253	4.2999864	2.0207062	-9.212888	4.572925
1	1.0342951	-3.2513258	9.576807	1.0295067	-3.2513258	9.528923	1.0630256	-3.074155	9.524135	0.62728083	-4.3287168	9.169792	0.7038953	-4.261679	9.064447	0.5602432	-4.3239284	9.337387	-0.7565677	-3.064578	9.749189	-0.01436521	-4.232949	9.255983	0.15322891	-4.367024	9.107543	0.090979666	-4.5202527	9.23683	0.038307227	-4.3047748	9.217676	0.3878607	-4.1515455	9.14585	0.2873042	-4.6830587	8.935161	0.07182605	-4.903325	8.853758	8.010999	-6.967127	-0.023942016	1.4221559	-8.561666	11.463438	-0.04309563	-6.9958572	7.9008656	0.0	-5.439626	8.7532015	-0.038307227	-5.434838	8.513782	-0.110133275	-5.583278	8.504205
1	7.8146744	-2.5761611	6.196194	7.9104424	-2.3654714	6.3589997	7.905654	-2.5091233	6.114791	7.967903	-2.2218192	6.205771	7.9966335	-2.8203697	6.0285997	7.8865004	-2.6144683	6.1866174	7.929596	-2.1883004	6.1626754	8.00621	-2.954445	5.9902925	7.9822683	-2.72939	5.6982	8.48984	-1.6998832	5.2241483	7.967903	-4.4915223	5.257667	8.078036	-3.8738184	5.305551	8.212111	-3.7588966	5.3007627	8.346188	-1.9776106	5.7269306	8.264784	-1.3311762	6.133945	7.991845	-1.0055647	6.2632318	8.010999	-1.0726024	6.2584434	8.159439	-1.2641385	5.913678	8.422802	-1.1348516	5.8226986	8.39886	-1.1731589	5.913678
1	9.998186	-1.8483237	1.7764976	9.993398	-1.934515	1.8531121	10.113108	-1.7956513	1.6472107	10.242394	-1.7717092	1.7812861	10.060435	-1.8195933	1.7142484	10.036493	-1.8243817	1.5801731	10.079589	-1.8052281	1.6328455	10.060435	-1.6807296	1.6041151	10.060435	-1.8387469	1.7860745	9.969456	-1.8770541	1.7477672	10.089166	-1.7669208	1.7908629	10.041282	-1.6950948	1.8052281	9.988609	-1.7860745	1.6280571	9.821015	-1.8626889	1.6136919	9.9550905	-1.8339585	1.8004397	10.065224	-1.8339585	1.6376339	9.983821	-1.9201498	1.7669208	10.060435	-1.7525556	1.6136919	10.117896	-1.8531121	1.8531121	10.065224	-1.8052281	1.7046716
1	-1.8100165	-1.412579	9.677363	6.5840545	-1.685518	7.302315	4.865018	-2.60968	8.614338	5.8226986	-2.9161377	7.8146744	4.232949	-2.5187001	8.566454	5.8083334	-3.7014358	7.7332716	5.463568	-4.012682	7.8529816	5.482722	-3.6870706	8.1163435	-2.3415294	2.27928	6.220136	-1.4317327	-1.5993267	9.797073	-1.2737153	-1.685518	9.706094	-1.5897499	-1.7286136	9.773131	-1.388637	-1.5562311	9.648633	-1.2497733	-1.412579	9.677363	8.604761	-4.654328	3.4763808	8.719683	-5.023035	3.4093432	8.829816	-4.6255975	3.4715924	7.493851	-3.9743748	4.209007	6.14831	-1.8914193	7.929596	4.31914	-2.6192567	9.308656
1	9.155427	0.062249243	4.381389	9.23683	0.1340753	4.0653543	9.198523	-3.107674	2.6527755	9.279925	-1.6759412	4.0222588	9.370906	-1.7381904	3.892972	9.289502	1.8770541	2.906561	9.519346	1.2785037	2.528277	9.3182335	0.79966336	3.040636	9.169792	1.5705963	3.4141316	8.901642	-3.2561142	3.9983168	9.433155	-0.59855044	4.88896	9.437943	-2.4612393	3.2848446	9.600749	-2.1452048	3.4141316	9.284714	-2.3223755	3.6583402	9.3421755	-2.3415294	3.5625722	9.375694	-2.183512	3.6535518	9.394848	-2.2361844	3.620033	9.323022	-2.4660277	3.787627	8.7532015	1.6759412	4.2760444	9.011775	-1.8531121	4.817134
1	-8.355764	-3.667917	2.992752	-10.007763	-1.3599066	1.7956513	-9.969456	-5.707777	2.1883004	-8.432379	-3.1411927	3.6296098	-7.16824	-6.9527617	2.858677	-9.476251	-4.510676	2.1739352	-6.2967505	5.080496	-5.0900726	-8.135497	-4.309563	-3.3087866	-0.31603462	3.4524388	7.61835	-10.228029	-5.995081	3.4955344	-7.1586633	-7.07726	1.0821792	-8.403648	-5.2241483	2.944868	-10.28549	4.697424	6.0525417	-7.0245876	-3.2848446	-1.1013328	-8.346188	-0.46447513	0.93373865	-10.496181	-5.2145715	2.078167	-2.767697	-3.2704794	8.925584	0.0	7.326257	7.1155677	-0.29209262	3.620033	7.929596	-7.699753	-13.804967	7.1395097
1	-10.184934	-2.7150247	2.0973208	-3.2465374	-12.363658	11.36767	-8.39886	-2.3798366	0.2825158	-9.940725	-3.41892	2.3223755	-9.715671	-3.3183637	-1.4891934	-10.31901	-2.60968	4.9320555	-8.1402855	-2.8538885	0.8619126	-5.085284	-8.662222	1.982399	-1.067814	-10.0987425	5.00867	-1.2641385	-5.559336	8.451532	-1.1061212	-5.6886234	8.37013	-1.1731589	-5.7748146	8.446744	-1.2401965	-5.631162	8.231265	-1.3263878	-4.8602295	8.815451	-2.0446482	3.9456444	8.475474	-3.1794999	2.5809495	9.222465	-0.30166942	2.834735	8.700529	-0.17238252	0.8714894	9.892841	0.0047884034	0.94331545	9.730036	-0.18674773	0.9911995	9.734824
1	10.208876	-1.7860745	1.6663644	10.16578	-1.8339585	1.7908629	9.959879	-1.8100165	1.6711528	10.060435	-1.7142484	1.8674773	10.084377	-1.6711528	1.6759412	10.084377	-1.6089035	1.6472107	9.988609	-1.7717092	1.7669208	10.0748005	-1.7477672	1.7669208	10.04607	-1.8100165	1.7621324	10.0269165	-1.7429788	1.685518	10.13705	-1.685518	1.6567876	10.079589	-1.7525556	1.7238252	10.060435	-1.8052281	1.8387469	10.01734	-1.6950948	1.685518	10.012551	-1.7429788	1.7812861	10.007763	-1.8531121	1.8100165	10.0508585	-1.7525556	1.7046716	9.883265	-1.7669208	1.8483237	9.907207	-1.661576	1.7717092	9.998186	-1.7046716	1.7238252
1	1.8052281	-9.404425	-4.261679	1.7717092	-9.461885	-4.3047748	2.0590134	-8.504205	-5.554548	1.9057846	-9.56723	-4.098873	1.733402	-9.380483	-4.55856	1.8483237	-9.270349	-4.7644615	1.8148049	-9.193734	-4.4196963	1.910573	-9.490616	-4.525041	1.8291701	-9.32781	-4.453215	1.5801731	-9.873688	-2.9879637	1.7621324	-9.481039	-4.19943	1.7046716	-9.423578	-4.4963107	1.8818425	-9.466674	-4.4580035	1.9393034	-9.428367	-4.4005427	1.8770541	-9.184157	-4.5441947	1.934515	-9.160215	-4.4484267	2.1164744	-8.662222	-5.363012	2.0925324	-9.136273	-4.7740383	1.9871874	-9.141062	-4.817134	2.1739352	-8.90643	-4.7548847
1	10.084377	-1.6328455	1.7717092	10.0748005	-1.7046716	1.8339585	9.988609	-1.7477672	1.6807296	9.9790325	-1.6472107	1.7477672	9.988609	-1.6950948	1.8387469	10.0029745	-1.7429788	1.9153614	10.079589	-1.6519991	1.8100165	10.031705	-1.6711528	1.9153614	10.060435	-1.6998832	1.910573	10.13705	-1.7812861	1.9967642	9.873688	-1.6903064	1.8626889	9.998186	-1.7286136	1.8483237	10.007763	-1.6807296	1.934515	10.084377	-1.7812861	1.8770541	10.079589	-1.6711528	1.685518	10.01734	-1.6759412	1.8674773	10.0748005	-1.6759412	1.8243817	10.103531	-1.6089035	1.6759412	10.175357	-1.7621324	1.9057846	9.907207	-1.7956513	1.8148049
1	8.307879	0.07182605	5.779603	8.317456	-0.15322891	5.746084	8.394072	-0.1388637	5.8466406	8.437167	0.15801731	5.6982	8.408437	0.04309563	5.5497594	8.283937	0.1340753	5.722142	8.312668	-0.019153614	5.7843914	8.221688	-0.062249243	5.7604494	8.556877	0.04309563	5.5162406	8.389283	-0.047884032	5.865794	8.374918	0.076614454	5.837064	8.2169	0.15801731	5.741296	8.331821	0.10055647	5.6551046	8.212111	-0.23463176	5.93762	8.389283	-0.076614454	5.884948	8.312668	0.07182605	5.6646814	8.456321	-0.07182605	5.391742	8.532935	0.110133275	5.861006	8.355764	0.019153614	5.8466406	8.418014	-0.23942018	5.7125654
1	-0.20590134	-5.8562174	8.571242	-0.30645782	-5.884948	8.5473	-0.24420857	-5.7987566	8.48984	-0.062249243	-5.3007627	9.083601	0.05746084	-5.386954	8.805874	-0.0047884034	-4.0797195	9.77792	-0.05267244	-6.114791	8.236053	0.866701	-4.9655743	9.155427	0.5363012	-5.4300494	8.901642	0.15322891	-5.133168	10.371682	0.22026655	-5.6407394	8.528147	-0.24420857	-5.6646814	8.619126	7.4746976	0.4405331	5.171476	7.953538	-1.340753	6.229713	7.8146744	-1.163582	6.5265937	7.833828	-1.1731589	6.349423	7.9104424	-1.1300632	6.4547677	7.8865004	-1.2258313	6.315904	7.9248075	-1.1779473	6.4068837	7.9008656	-1.2641385	6.5361705
1	5.7604494	-2.111686	-3.892972	10.477027	0.22026655	-1.6903064	6.4882865	-6.38773	-4.745308	7.1586633	-7.3071036	-1.541866	5.6886234	-9.672575	-0.93852705	-4.5920787	-4.5441947	7.469909	-4.3957543	-4.807557	7.5704656	-4.43885	-4.711789	7.4842744	-4.3718123	-4.879383	7.465121	-3.7780502	-5.449203	7.517793	-3.6966474	-5.386954	7.5321584	-3.4332852	-5.899313	7.441179	9.528923	-2.3798366	3.7253778	8.829816	-3.4380736	4.5633483	8.791509	-2.815581	4.5058875	8.6813755	-2.4181437	5.080496	8.508993	-1.7190368	5.6407394	8.39886	-2.078167	5.971139	8.432379	-1.7717092	5.7508726	8.571242	-1.6472107	5.717354
1	-0.40701428	1.0630256	9.691729	-0.545878	1.2114661	9.859323	-0.7182605	1.1540052	9.399636	-0.842759	1.2737153	10.007763	-0.6943185	1.8291701	10.280702	1.8435353	3.040636	10.093954	3.1411927	1.5849615	9.169792	2.1164744	2.9113493	8.810662	9.011775	0.9768343	2.2409728	9.476251	1.436521	2.825158	9.514558	1.4221559	3.0071173	9.500193	1.4796166	2.7389667	9.485827	1.4891934	2.873042	9.548077	1.3838485	2.9352913	9.481039	1.4748282	2.944868	9.624691	1.4317327	2.9400797	9.591172	1.3934253	2.9017725	9.572019	1.3934253	2.7724855	9.548077	1.5275006	2.8921957	9.457097	1.460463	2.8443117
1	9.988609	-1.8339585	1.8100165	9.959879	-1.8722657	1.7046716	10.0748005	-1.8195933	1.6376339	10.065224	-1.7717092	1.6472107	10.0029745	-1.8579005	1.6663644	10.041282	-1.8435353	1.7429788	9.969456	-1.8243817	1.6903064	10.01734	-1.8195933	1.5801731	10.1226845	-1.8339585	1.6136919	10.0269165	-1.8195933	1.6950948	9.969456	-1.8148049	1.532289	10.093954	-1.7764976	1.6328455	9.998186	-1.7860745	1.6280571	10.031705	-1.7908629	1.661576	10.0029745	-1.7142484	1.5993267	10.04607	-1.8483237	1.6232687	9.921572	-1.7717092	1.6759412	10.0748005	-1.8291701	1.8100165	10.117896	-1.8626889	1.5370775	10.01734	-1.8148049	1.7046716
1	8.916007	-0.8523358	5.0374002	8.767567	-1.1252748	5.032612	8.801085	-1.0630256	5.1475334	8.652645	-1.1061212	5.109226	8.695741	-1.2210429	5.2145715	8.714894	-1.3215994	5.094861	8.8777	-1.1971009	5.21936	8.772355	-1.2018893	5.3007627	8.815451	-1.3072342	5.2768207	8.78672	-1.1252748	5.1140146	8.6574335	-1.3551182	5.2002063	8.710106	-3.2130187	4.4723687	8.556877	-2.882619	4.8362875	8.623915	-3.122039	4.8362875	8.576031	-2.9352913	5.0900726	8.724471	-1.7717092	5.2289367	8.671799	-1.2210429	5.5162406	8.619126	-1.2976574	5.506664	8.7053175	-1.1348516	5.1810527	8.542512	-0.4213795	6.4978633
1	2.2361844	-8.944737	-4.6686935	2.15957	-9.251195	-4.711789	2.135628	-9.02614	-5.00867	2.0398598	-9.346964	-4.156334	2.006341	-9.337387	-4.3382936	1.9728222	-9.299079	-4.405331	2.006341	-9.409213	-4.3861775	2.0590134	-9.26556	-4.3287168	2.1499932	-9.275137	-4.3143516	2.2505496	-8.930372	-4.572925	2.1260512	-9.155427	-4.3143516	2.030283	-9.308656	-4.256891	2.0733786	-9.433155	-4.285621	1.910573	-9.528923	-4.2281604	2.0398598	-9.3661175	-4.285621	1.9728222	-9.308656	-4.2904096	2.2697031	-9.442732	-4.3718123	2.1499932	-9.323022	-4.5058875	2.2744915	-9.169792	-4.3718123	2.1021092	-9.375694	-4.4436383
1	2.4995465	-9.390059	4.333505	2.0733786	-9.136273	4.9703627	2.0494366	-8.868123	5.0757074	2.078167	-8.868123	5.410896	2.054225	-8.647857	5.3582234	2.0159178	-8.762778	5.559336	2.0733786	-8.700529	5.5018754	2.1499932	-8.073248	5.78918	1.9153614	-7.8769236	5.9424086	2.1212628	-8.432379	5.971139	2.1978772	-8.456321	5.81791	2.0111294	-8.796297	5.7987566	2.0159178	-8.418014	5.923255	-0.8762778	-6.8426285	7.536947	2.4660277	-8.66701	5.329493	2.705448	-9.006987	4.7788267	2.6048915	-8.8777	4.7405195	2.3750482	-9.078813	5.0517654	2.327164	-8.748413	5.2624555	2.1978772	-9.131485	4.831499
1	2.0111294	-9.782708	3.6870706	2.4372973	-9.44752	3.8546648	2.1547816	-9.543288	4.4340615	2.4277205	-9.504981	3.265691	0.4357447	-9.078813	5.080496	1.364695	-8.374918	5.3965306	0.4357447	-10.290278	1.043872	1.2066777	-10.682928	0.9576807	1.0151415	-10.419566	1.8291701	1.0582372	-10.093954	1.910573	1.13964	-9.844957	2.1978772	1.2545617	-10.16578	1.9632454	1.3024458	-10.160992	2.0015526	1.292869	-10.28549	1.8818425	1.1779473	-10.041282	-0.05746084	0.37349546	-10.429143	0.9528923	0.35913026	-10.448297	1.1061212	0.31603462	-10.534488	1.2449849	0.34955344	-10.395624	1.2880806	0.18674773	-10.448297	1.4939818
1	7.503428	-2.2505496	6.95755	8.571242	-1.5993267	5.5976434	8.561666	-1.4077905	5.3821654	8.480263	-1.364695	5.5737014	5.1523223	-4.534618	7.6614456	6.871359	-1.13964	6.7372837	7.551312	-1.2066777	6.3446345	7.575254	-0.59855044	6.5265937	5.875371	-2.6240451	8.461109	2.8682537	-1.2785037	6.7372837	5.185841	-2.0111294	6.3206925	3.6296098	-1.4796166	9.179369	3.8786068	-4.5298295	8.949526	3.6774938	-8.882488	3.6631286	3.845088	-8.073248	6.421249	6.823475	-1.5945383	7.656657	7.9966335	0.12928689	6.277597	8.331821	0.5315128	5.6790466	7.086837	-0.58897364	7.752425	7.714118	-3.6343982	5.803545
1	7.177817	-5.1475334	3.9073372	5.463568	-5.3342814	6.301539	0.78529817	-2.2409728	9.749189	0.1388637	-7.8386164	6.71813	0.60812724	-7.0245876	7.445967	1.5945383	-10.19451	2.231396	1.2114661	-9.945514	2.791639	0.272939	-12.320562	1.6184803	-0.92416185	-10.491392	-2.1547816	1.0534488	-10.132261	-2.1787236	0.5746084	-9.849746	-2.5330653	-1.4796166	-10.093954	-1.8626889	-1.6519991	-10.1226845	-1.6472107	-1.4077905	-10.0029745	-1.4796166	-1.6759412	-10.338163	-1.7238252	-2.0254946	-10.151415	-1.5945383	-1.9488802	-10.084377	-1.7142484	-1.8148049	-10.520123	-1.1252748	-0.8619126	-9.849746	-3.2848446	-1.1875241	-9.816227	-1.9871874
1	9.409213	1.3934253	2.9640217	9.476251	1.4317327	2.8874073	9.591172	1.4030021	2.7485435	9.476251	1.388637	2.8874073	9.471462	1.4796166	2.777274	9.504981	1.4460979	2.8921957	9.572019	1.541866	2.825158	9.504981	1.484405	2.8395233	9.581595	1.5370775	2.954445	9.471462	1.4796166	2.8874073	9.667787	1.460463	2.8921957	9.653421	1.4700398	2.858677	9.605537	1.4508862	2.8921957	7.2544312	5.0182467	-0.24899697	1.9393034	2.4516625	6.9383965	-0.39743748	0.8571242	9.270349	1.958457	8.796297	0.5650316	7.16824	11.262324	-1.3503298	0.7422025	4.3143516	8.173804	7.6470804	5.5018754	7.067683
1	-2.1260512	-6.397307	7.4028716	-1.8626889	-6.143522	7.800309	-1.9536686	-6.3542113	7.608773	-2.0638018	-6.493075	7.9966335	0.36391866	-6.4787097	7.752425	-2.3127987	-9.131485	3.4476504	-2.0015526	-9.251195	3.4284968	-1.3359646	-9.490616	2.801216	-1.3503298	-9.68694	2.743755	-1.6903064	-9.653421	2.6862943	-2.0638018	-9.442732	2.6862943	-1.7956513	-9.548077	2.5139117	-1.9009962	-9.624691	2.3989902	-1.7764976	-9.572019	2.5187001	-1.8818425	-10.213664	4.060566	-0.32561144	-9.476251	3.2992098	-3.6008794	-9.346964	0.6368576	-3.0454245	-9.279925	0.7182605	-3.083732	-9.045294	1.2737153	-0.2873042	-10.91756	7.9391727
1	0.8714894	-9.89763	-1.2401965	0.7182605	-10.572795	-0.033518825	0.33518824	-10.55843	-0.51714754	0.29209262	-10.481815	1.5179238	1.7717092	-10.400413	2.9400797	0.08619126	-10.395624	1.9967642	0.0047884034	-10.376471	1.3934253	-0.17238252	-10.548853	1.9632454	0.22505496	-10.955867	-0.1388637	0.22026655	-9.830592	2.9735985	-0.21068975	-10.189722	1.8914193	-0.18674773	-9.375694	1.685518	0.08140286	3.323152	8.269572	-0.46447513	-6.9240313	7.1155677	1.0151415	-9.370906	4.630386	1.1348516	-6.1626754	8.054094	-1.9919758	-2.087744	10.673351	-6.301539	-4.8506527	5.765238	-4.0174704	-5.947197	6.981492	0.49320555	-5.0421886	7.819463
2	-0.60812724	-0.15801731	11.401189	1.0390835	-0.7326257	8.748413	-6.8905125	-4.4244847	0.33997664	-16.127342	-5.410896	0.89064306	-9.050082	-4.831499	3.3901896	-17.343597	-5.6790466	0.33518824	-2.4516625	-2.834735	3.1364043	-15.361198	-2.6479871	15.456966	-5.6886234	-3.289633	7.153875	-12.20564	4.8937483	-10.333375	4.663905	-8.820239	0.49320555	4.7022123	-5.142745	7.029376	5.4204726	-5.6982	6.1866174	5.032612	-8.221688	3.9025488	-0.090979666	-0.45968673	9.840169	2.0685902	4.146757	8.810662	-4.3718123	-2.3415294	8.073248	-6.9048777	-0.80924016	6.612785	-6.8569937	-2.777274	6.4020953	-7.005434	-1.9488802	6.1626754
1	9.9790325	-1.934515	1.5131354	10.022128	-1.7046716	1.8914193	10.0987425	-1.757344	1.8243817	9.945514	-1.7142484	1.8531121	9.983821	-1.6950948	1.8148049	9.931149	-1.7046716	1.8674773	10.022128	-1.7525556	1.7525556	10.007763	-1.6759412	1.7477672	10.060435	-1.7190368	1.8674773	10.022128	-1.7142484	1.9488802	9.902418	-1.8626889	1.7429788	10.160992	-1.9201498	2.006341	10.0029745	-1.7046716	1.6998832	9.9550905	-1.7381904	1.8722657	9.969456	-1.7190368	1.8291701	9.993398	-1.7046716	2.0207062	9.859323	-1.7669208	1.9009962	10.01734	-1.733402	1.8291701	9.983821	-1.7812861	1.8291701	9.983821	-1.8100165	1.7764976
1	-15.38514	-6.775591	1.7429788	0.60333884	-10.529699	1.4796166	-3.1268275	-7.153875	5.185841	-3.3279405	-5.6790466	8.896853	-8.781932	-4.2281604	2.2744915	-0.1436521	-7.599196	5.971139	-11.9135475	-3.572149	2.432509	-6.0525417	-4.8267107	5.899313	-7.1395097	-14.829685	5.410896	-7.1107793	-5.674258	-10.175357	-2.657564	-7.201759	0.076614454	-4.951209	-4.0892963	-2.7341783	-8.734048	-2.1930888	0.06703765	-3.1507695	-6.775591	-6.555324	-5.961562	-7.16824	7.5800424	-8.09719	-6.6175733	0.08140286	-7.297527	-8.604761	1.0151415	-7.73806	-1.2593501	2.3415294	-7.785944	-4.3239284	2.030283	-9.619903	-0.48362875	5.60722
1	4.237737	-2.6862943	9.069236	7.311892	2.767697	6.2967505	7.3406224	3.0214825	5.6646814	8.034941	2.7341783	5.8466406	7.3549876	2.60968	6.05733	7.345411	2.7964275	5.8466406	7.4268136	2.743755	6.090849	-0.6799533	-10.376471	2.0159178	-0.545878	-8.09719	0.7278373	0.8762778	-6.435614	8.413225	0.22026655	-4.5394063	8.202535	-0.7613561	-4.4915223	9.246407	0.35913026	-6.066907	8.030152	0.48362875	-7.345411	6.823475	0.50757074	-4.687847	9.074024	0.5315128	-5.3438582	8.604761	0.10055647	-5.650316	8.513782	0.009576807	-5.827487	8.571242	-0.05746084	-5.6790466	8.585608	0.1436521	-5.693412	8.51857
1	10.208876	-1.7860745	1.6663644	10.031705	-1.757344	1.7908629	9.974244	-1.6807296	1.7477672	10.012551	-1.7764976	1.6998832	10.0987425	-1.6759412	1.7477672	10.007763	-1.7046716	1.8722657	10.0987425	-1.7477672	1.7046716	10.117896	-1.733402	1.7286136	9.969456	-1.7717092	1.7190368	9.974244	-1.8531121	1.7860745	10.041282	-1.6519991	1.8148049	10.141838	-1.7764976	1.7525556	9.9790325	-1.733402	1.7381904	10.0029745	-1.6950948	1.685518	10.012551	-1.8291701	1.6950948	10.065224	-1.7717092	1.7429788	10.0748005	-1.8531121	1.9201498	10.041282	-1.6567876	1.8387469	10.036493	-1.7812861	1.7812861	10.0269165	-1.757344	1.8052281
1	-3.3039982	-5.363012	7.824251	-3.394978	-5.329493	7.7572136	-3.3183637	-5.3965306	7.675811	-3.3566709	-5.463568	7.762002	-3.217807	-5.3199162	7.800309	-3.3183637	-5.3342814	7.7189064	-3.3279405	-5.3199162	7.7811556	-3.4811692	-5.3103395	7.9391727	2.8538885	-12.603078	4.879383	5.45878	1.4556746	-1.8052281	-3.1172507	-6.1770406	7.28795	0.1388637	6.1626754	11.616667	-1.70946	3.53863	8.508993	-3.6008794	-3.572149	8.523358	-4.10845	-3.9935284	8.015787	-3.6391866	-3.739743	8.571242	-3.6966474	-3.763685	8.327033	-3.739743	-3.691859	8.422802	-3.7253778	-3.8115692	8.240842	-3.821146	-3.8546648	8.078036
1	9.959879	-1.7908629	1.6998832	10.0269165	-1.8291701	1.6567876	10.079589	-1.7812861	1.6903064	10.093954	-1.8483237	1.5897499	10.007763	-1.8722657	1.7046716	10.022128	-1.8195933	1.7238252	9.935937	-1.8052281	1.6089035	10.0987425	-1.8100165	1.685518	10.060435	-1.8722657	1.9249382	10.036493	-1.8148049	1.5562311	10.1226845	-1.8148049	1.8052281	10.065224	-1.9201498	1.8004397	10.070012	-1.7525556	1.8052281	10.007763	-1.8291701	1.7286136	10.007763	-1.7621324	1.8435353	9.907207	-1.7908629	1.733402	9.9790325	-1.7286136	1.6998832	10.0508585	-1.9009962	1.6663644	10.084377	-1.8866309	1.7621324	10.055647	-1.7286136	1.6041151
1	5.947197	-8.882488	4.999093	5.626374	-7.5800424	4.8698063	5.2480903	-6.8809357	4.9655743	5.2385135	-7.9487495	4.3718123	3.122039	-8.892065	4.903325	2.9400797	-8.743625	4.687847	2.7820623	-8.734048	5.0517654	2.7150247	-8.815451	5.118803	2.6862943	-8.801085	5.032612	2.8395233	-8.762778	5.1379566	2.566584	-8.628703	5.2289367	2.5809495	-8.595184	5.2768207	2.5761611	-8.75799	5.291186	2.5713725	-8.791509	5.3199162	2.552219	-8.628703	5.2145715	2.408567	-8.24563	6.220136	2.4516625	-7.843405	6.4260373	2.1164744	-7.9487495	6.4499793	2.2266076	-7.9487495	6.612785	6.105214	3.0597897	7.1107793
1	-2.566584	-0.5410896	10.486604	0.14844051	0.78529817	10.237606	-0.076614454	2.2170308	9.3661175	-0.12928689	3.4811692	9.251195	1.484405	1.7046716	9.849746	-0.12449849	3.4093432	9.572019	0.023942016	3.7828386	8.887277	2.6288335	3.371036	6.1770406	2.456451	-0.062249243	9.648633	1.6711528	-1.0103531	8.892065	4.855441	0.6560113	8.341399	5.195418	0.641646	8.37013	-0.07182605	1.7812861	9.739613	0.5602432	3.394978	9.011775	0.81881696	3.5625722	9.064447	2.552219	3.8738184	8.552089	-1.1923125	4.3382936	0.36870706	1.6424223	2.2122424	8.154651	-1.8674773	-8.317456	3.1028855	2.5139117	-3.083732	8.892065
1	7.8912888	-0.7230489	6.3302693	-4.0701427	-3.6487634	9.586384	8.145074	-0.62249243	6.4547677	8.106767	-0.49799395	6.205771	8.350976	-0.19153613	5.889736	8.303091	-0.07182605	6.009446	8.298303	-0.11971009	5.985504	8.327033	-0.009576807	5.8466406	8.250419	-0.272939	5.8226986	8.556877	-0.33518824	5.650316	8.274361	0.5746084	5.6790466	8.451532	0.30645782	5.4779334	8.580819	0.08140286	5.5162406	8.389283	0.1388637	5.559336	8.360553	0.48841715	5.3486466	8.523358	0.2681506	5.568913	8.408437	-0.22984336	5.410896	8.274361	-0.047884032	5.717354	8.226477	-0.038307227	5.971139	8.212111	-0.272939	5.90889
1	4.596867	2.528277	9.011775	5.722142	-1.6663644	4.2425256	4.6782703	1.9680338	8.6813755	4.606444	1.7669208	8.78672	4.9464207	1.661576	8.772355	5.0038815	2.0254946	8.1163435	4.984728	2.3127987	8.09719	5.305551	2.8107927	7.374141	4.582502	3.371036	7.920019	4.31914	3.3087866	8.020576	5.717354	4.0222588	6.0764837	4.7309427	3.8019924	7.6135616	7.9343843	-7.5848308	1.460463	7.824251	-7.6614456	-1.6424223	8.528147	-8.231265	-0.30166942	7.8146744	-6.813898	0.7469909	4.2281604	-8.111555	12.684481	7.0820484	-5.45878	4.0462008	6.5984197	-5.884948	4.122815	6.3446345	-8.623915	1.5753847
2	-2.896984	-3.514688	9.045294	-2.9400797	-2.753332	9.054871	-3.0693667	-2.873042	9.02614	-3.0454245	-3.1986535	9.050082	-1.0630256	-2.0015526	9.643845	1.6041151	-12.593501	-14.9063	-6.9719152	2.087744	3.739743	-9.246407	-0.019153614	-3.53863	-9.102755	1.0247183	-3.4284968	-9.255983	0.6607997	-3.3854012	-9.730036	-0.38307226	-2.078167	-9.562442	-0.8283938	-2.719813	-9.509769	-1.115698	-2.8060043	-9.3182335	-1.3503298	-3.2704794	-9.150639	-1.3455414	-3.5625722	-9.313444	-0.9576807	-3.1603463	-9.217676	-1.4269443	-3.2561142	-9.222465	-1.8626889	-3.0262709	-8.959103	-1.685518	-4.1276035	-9.284714	-2.2697031	-3.2944214
1	10.022128	-1.8052281	1.7812861	9.921572	-1.8195933	1.5658079	9.988609	-1.757344	1.6280571	10.022128	-1.7860745	1.6807296	10.093954	-1.7860745	1.7956513	10.0748005	-1.8435353	1.7238252	10.141838	-1.7429788	1.4796166	10.012551	-1.8339585	1.8770541	10.0029745	-1.8722657	1.5849615	10.022128	-1.8243817	1.6663644	10.113108	-1.9680338	1.8243817	10.0748005	-1.8243817	1.7190368	9.940725	-1.9153614	1.6424223	9.921572	-1.8770541	1.757344	10.012551	-1.7812861	1.7812861	10.079589	-1.9153614	1.7429788	9.969456	-1.8674773	1.7717092	10.0748005	-1.7621324	1.6472107	9.9550905	-1.8770541	1.7046716	10.146626	-1.7525556	1.7046716
1	5.386954	-1.4317327	3.7301662	4.6830587	-4.6686935	7.809886	2.456451	-8.690952	5.645528	-0.7422025	-4.4963107	9.074024	5.0278234	-1.5753847	8.48984	0.60333884	-5.650316	9.485827	0.93373865	-5.5162406	8.901642	1.9728222	-3.169923	9.394848	-0.32561144	-11.018116	1.4173675	0.12449849	-9.768343	2.6048915	8.0445175	-6.090849	2.4899697	8.360553	-5.5497594	3.514688	8.662222	-4.0222588	3.3758245	8.465898	-4.8602295	3.8307228	7.445967	-1.8483237	6.0860605	5.899313	-6.517017	6.1004257	6.7468605	-2.552219	7.465121	8.992621	-2.528277	5.3342814	6.8186865	-6.813898	4.663905	6.9479733	-2.657564	4.0701427
1	9.423578	1.4652514	2.9352913	9.437943	1.4317327	2.8682537	9.624691	1.4413095	2.8634653	9.653421	1.4508862	2.8395233	9.581595	1.3934253	2.8060043	9.591172	1.4891934	2.8874073	9.557653	1.4700398	2.7820623	9.44752	1.460463	2.7581203	9.619903	1.4748282	2.743755	9.481039	1.4221559	2.906561	9.600749	1.4700398	2.8443117	9.586384	1.4221559	2.8682537	9.481039	1.4987702	2.8491	9.562442	1.4652514	2.8921957	9.457097	1.4508862	2.9017725	9.533711	1.4317327	2.8538885	9.581595	1.5131354	2.882619	9.595961	1.4030021	2.8538885	9.552865	1.3790601	2.9352913	9.557653	1.4317327	2.930503
2	1.7381904	7.086837	8.365341	0.545878	6.8330517	6.9240313	1.043872	5.109226	8.810662	2.743755	3.0358477	10.0748005	2.815581	2.1452048	8.183381	0.12928689	-1.9153614	10.022128	9.519346	-11.99495	-4.7548847	1.7764976	2.7246015	-9.672575	8.336611	3.3901896	-1.9536686	7.517793	2.657564	-0.6799533	3.1411927	-1.1061212	-10.199299	1.2593501	-1.4700398	-9.332599	7.565677	4.1946416	-6.215348	6.8809357	3.265691	-4.8698063	8.623915	6.9240313	2.336741	-1.8339585	8.494628	4.687847	-1.4077905	6.7468605	7.053318	0.61291564	8.6334915	4.0462008	1.5562311	8.532935	2.7389667	1.5370775	-3.6631286	10.5919485
1	0.9720459	-9.533711	-4.223372	0.9672575	-9.639056	-4.1371803	1.1252748	-9.562442	-4.185065	1.1827357	-9.586384	-3.9600096	1.2401965	-9.409213	-4.0462008	1.0151415	-9.509769	-3.8833952	0.7613561	-9.730036	-4.367024	1.0726024	-9.572019	-4.1611223	0.9959879	-9.581595	-4.0318356	1.0965444	-9.552865	-4.0892963	0.9864111	-9.543288	-3.9935284	1.0582372	-9.639056	-4.2185836	1.0199299	-9.581595	-4.012682	0.93852705	-9.562442	-4.0892963	1.091756	-9.533711	-4.0222588	0.91937345	-9.533711	-4.074931	0.94810385	-9.600749	-4.1611223	1.0342951	-9.68694	-4.132392	0.94331545	-9.452309	-4.0462008	0.39743748	-9.323022	-4.5777135
1	-0.7469909	-7.608773	7.053318	-0.49799395	-7.1490865	7.3645644	-0.545878	-7.4842744	7.383718	-0.44532153	-7.043741	7.2592196	-0.39743748	-7.225701	7.2927384	3.6822822	-10.472239	8.959103	8.935161	-3.145981	4.285621	8.939949	-2.7724855	4.390966	8.619126	-2.5378537	4.7884035	8.796297	-2.6910827	4.673482	8.825027	-2.6767175	4.9559975	8.647857	-2.6192567	5.0134583	8.671799	-2.8203697	5.056554	-0.9720459	-6.4547677	9.691729	-1.5370775	-4.3766007	8.78672	-3.3135753	-4.156334	12.291832	-2.7724855	-6.4020953	7.848193	3.7684734	-7.9822683	4.6399627	-0.7278373	-10.697293	-1.5705963	-0.6560113	-10.515334	-0.047884032
1	10.060435	-1.7429788	1.934515	9.988609	-1.6280571	1.934515	10.012551	-1.6759412	1.8770541	10.079589	-1.7956513	1.9201498	10.041282	-1.7812861	1.757344	9.983821	-1.7860745	1.982399	10.0508585	-1.7956513	1.8770541	10.141838	-1.7286136	1.9393034	9.983821	-1.7286136	1.9536686	9.998186	-1.7238252	1.9297266	9.998186	-1.7381904	1.9249382	10.007763	-1.7477672	1.958457	9.998186	-1.7956513	1.8914193	9.921572	-1.7238252	1.9057846	10.0269165	-1.6328455	1.7190368	10.036493	-1.436521	1.6089035	10.079589	-1.757344	1.9153614	9.959879	-1.661576	1.8004397	9.935937	-1.7190368	1.934515	10.04607	-1.6376339	1.9057846
1	8.418014	-6.3829417	-0.33518824	5.755661	-8.394072	0.22984336	2.0159178	-9.849746	-7.273585	-3.821146	-8.7771435	1.2641385	3.442862	-1.4556746	-0.842759	-7.9152308	-17.72667	1.0199299	-1.1444284	-5.1523223	8.825027	-2.5761611	-4.55856	8.662222	-2.566584	-4.6782703	8.599973	-2.72939	-4.855441	8.312668	-2.7629087	-4.8985367	8.12592	-2.8395233	-4.9799395	8.130709	-3.1747115	-5.1140146	8.078036	-3.2752678	-5.142745	7.881712	-3.3039982	-5.2289367	7.8529816	-3.3806129	-5.3438582	7.728483	-3.4572272	-4.8841715	7.8386164	-3.9456444	-5.0517654	7.61835	-4.012682	-5.1140146	7.848193	-4.534618	-4.807557	7.7811556
1	3.739743	-4.3957543	8.676587	3.3183637	-4.285621	8.7771435	3.5290532	-4.429273	8.690952	3.490746	-4.333505	8.719683	3.4763808	-4.4101195	8.724471	3.763685	-4.2760444	8.647857	3.5338416	-4.7405195	8.662222	8.418014	-3.1316159	4.9224787	7.335834	-10.290278	0.9720459	8.231265	-7.771579	0.6512229	8.058883	-5.66947	3.2321723	7.9726915	-6.4404025	2.858677	8.710106	-8.034941	2.4947581	8.121132	-7.4268136	2.6384103	7.73806	-5.291186	4.735731	7.4363904	-3.763685	5.2145715	8.303091	-4.7405195	3.442862	7.704541	-4.510676	3.763685	7.489063	-6.0621185	5.7604494	7.4986396	-7.029376	-5.616797
1	10.0508585	-1.8004397	1.7477672	10.141838	-1.7717092	1.6232687	10.060435	-1.8195933	1.7956513	10.04607	-1.7908629	1.8674773	9.935937	-1.8770541	1.8195933	9.873688	-1.8052281	1.7908629	9.907207	-1.8626889	1.7621324	9.974244	-1.8148049	1.7429788	9.892841	-1.8483237	1.7621324	9.993398	-1.7142484	1.8291701	10.007763	-1.7477672	1.7477672	9.993398	-1.7621324	1.7046716	9.935937	-1.7477672	1.8579005	10.012551	-1.7860745	1.7381904	10.141838	-1.8770541	1.8483237	10.065224	-1.7956513	1.7286136	9.959879	-1.7717092	1.8243817	10.022128	-1.7956513	1.8722657	9.983821	-1.7429788	1.661576	9.988609	-1.8100165	1.6759412
1	-2.9161377	-9.629479	-1.757344	-2.5953147	-9.730036	-2.4420857	-2.8203697	-9.782708	-2.432509	-2.7964275	-9.701305	-2.1547816	-2.8443117	-9.92636	-1.8531121	-2.0685902	-9.964667	-1.6424223	-2.0254946	-9.998186	-1.8770541	-1.292869	-10.31901	-1.5370775	-0.31124622	-9.768343	1.340753	-1.2497733	-9.050082	4.3718123	-0.9959879	-7.489063	6.7324953	-1.4748282	-8.298303	6.167464	-1.2114661	-4.9081135	8.619126	-1.292869	-10.922348	4.261679	0.51235914	-6.8186865	7.359776	-1.2258313	-8.169016	6.7564373	2.858677	-5.1475334	8.858546	-0.23942018	-10.25676	-0.36391866	0.05746084	-9.548077	4.2281604	-5.5641246	-1.6136919	2.1260512
1	-1.3838485	-7.493851	6.315904	-2.0733786	-7.422025	6.5696893	-2.1643584	-7.0245876	7.067683	-2.0733786	-7.086837	6.7324953	-1.8722657	-6.9383965	7.1059904	-1.7956513	-6.885724	7.2209125	-1.8914193	-7.1059904	7.07726	-1.9919758	-7.038953	7.153875	3.016694	-16.711529	2.8299465	-1.2641385	-6.26802	8.025364	0.7374141	-10.271125	-0.8762778	0.5650316	-10.654198	-1.13964	0.770933	-10.323798	-0.29209262	0.24899697	-10.817003	0.6895301	0.48362875	-10.271125	0.9576807	-0.023942016	-11.597513	9.169792	0.4213795	-8.614338	5.693412	0.35434186	-9.394848	4.55856	-0.39264908	-8.178593	6.1100025	-0.047884032	-10.922348	1.3982137
1	0.8571242	-9.452309	-4.132392	0.8810662	-9.528923	-4.285621	0.9624691	-9.514558	-4.1515455	0.93852705	-9.504981	-4.247314	0.8331822	-9.543288	-4.2760444	0.8283938	-9.44752	-4.309563	1.0199299	-9.26556	-4.999093	-0.05267244	-10.453085	3.371036	-2.408567	-6.3350577	7.632715	-3.323152	-6.1004257	7.4842744	-3.3854012	-5.707777	7.302315	-4.381389	-5.118803	7.383718	-4.7165775	-5.046977	7.651869	-3.5865142	-5.0661306	7.953538	-3.3997664	-5.2863975	7.699753	-3.7828386	-5.281609	7.752425	-3.4715924	-4.8027687	8.772355	-3.2513258	-5.329493	7.714118	-3.2992098	-5.3582234	7.795521	-3.265691	-5.2720323	7.771579
2	-13.464991	-9.572019	2.7341783	-6.6415157	5.161899	20.537462	-10.304645	-0.94810385	4.5920787	0.5650316	3.4572272	9.423578	-7.4363904	-9.591172	1.8914193	-1.292869	1.316811	11.061212	2.6431987	1.8818425	8.303091	7.062895	6.775591	-1.2258313	5.875371	7.2352777	-3.0502129	5.8945246	7.326257	-2.9400797	3.8833952	2.5234885	8.09719	2.030283	-4.525041	8.001422	2.7581203	-5.449203	8.1163435	2.3942018	-7.2065473	6.7324953	2.4612393	-7.536947	6.2967505	2.4372973	-7.2687964	6.1004257	2.873042	-7.9008656	7.4124484	9.059659	-6.0477533	11.477803	-2.2744915	0.5410896	6.670246	-3.2513258	-2.1404164	9.399636
1	-1.0103531	-9.141062	-5.923255	1.2976574	-9.514558	2.9017725	-5.2002063	-4.88896	6.861782	-5.2145715	-4.7979803	7.144298	-5.1810527	-4.841076	6.861782	0.21068975	0.110133275	8.762778	-0.62728083	-10.390836	-0.31124622	0.10534488	-9.854534	4.19943	1.0582372	-9.65821	-4.5298295	1.7717092	-7.0820484	-6.8569937	-0.5554548	-0.34476504	9.792285	-0.6655881	-0.7230489	9.696517	-0.8714894	-1.091756	9.734824	0.90021986	-10.807426	1.9919758	-0.48362875	-8.034941	3.7828386	-1.2401965	-8.461109	6.05733	-1.4939818	-8.561666	5.765238	-1.3024458	-8.700529	5.746084	-1.6328455	-6.3206925	7.6135616	0.5363012	-9.859323	4.8506527
1	9.983821	-1.8483237	1.8770541	10.041282	-1.7956513	1.7429788	10.13705	-1.9009962	1.6711528	10.055647	-1.7812861	1.661576	10.1226845	-1.8291701	1.733402	10.079589	-1.8435353	1.6280571	10.1226845	-1.8770541	1.6759412	10.093954	-1.9153614	1.6950948	9.916783	-1.7764976	1.5897499	10.01734	-1.8339585	1.7381904	9.935937	-1.9009962	1.6041151	10.113108	-1.7429788	1.508347	9.964667	-1.9009962	1.6567876	10.031705	-1.8531121	1.6663644	10.022128	-1.7669208	1.6903064	10.012551	-1.6998832	1.5849615	10.089166	-1.7238252	1.5849615	9.974244	-1.7525556	1.5993267	10.055647	-1.8626889	1.6424223	10.0029745	-1.7717092	1.7908629
1	9.083601	3.6296098	-1.2162545	9.270349	3.3087866	-1.3311762	1.4413095	-7.335834	7.2783732	0.9528923	-6.7085533	6.8761473	1.6089035	-7.374141	6.895301	-2.0638018	-21.29403	10.390836	0.7326257	-8.078036	6.3111157	0.5315128	-7.9391727	6.2584434	-3.9839516	-6.6271505	-1.982399	-5.851429	-9.107543	-3.6535518	-4.477157	-18.966866	20.728998	0.8858546	-7.1155677	6.631939	1.4077905	-8.1402855	5.770026	1.6711528	-8.12592	5.631162	1.7190368	-8.499416	5.5018754	1.6711528	-8.24563	5.1523223	4.6926355	26.522966	-9.595961	0.22505496	-7.9631147	6.3111157	-0.45010993	-8.887277	5.0038815	-0.90021986	-8.384495	5.521029
1	10.113108	-1.4317327	1.043872	10.036493	-1.7956513	1.7429788	9.983821	-1.8148049	1.7717092	9.974244	-1.7764976	1.6041151	9.9790325	-1.7525556	1.5753847	9.959879	-1.9009962	1.9967642	9.873688	-1.7621324	1.6424223	10.070012	-1.7429788	1.4987702	10.132261	-1.757344	1.5658079	10.022128	-1.8626889	1.6663644	10.04607	-1.8626889	1.7621324	9.902418	-1.8004397	1.6232687	10.031705	-1.7286136	1.5562311	10.0748005	-1.8339585	1.7238252	10.060435	-1.8004397	1.7525556	10.055647	-1.8148049	1.5658079	9.998186	-1.7956513	1.6807296	10.01734	-1.7908629	1.8387469	10.0508585	-1.7812861	1.7908629	10.012551	-1.7956513	1.6998832
1	-1.4317327	-7.872135	6.4068837	0.24899697	-4.1371803	11.147403	-2.0350714	-6.0716953	8.073248	-2.2697031	-6.1004257	7.8386164	2.873042	-8.264784	-4.76925	2.3463178	-9.107543	-4.367024	2.1978772	-9.308656	-4.453215	2.3463178	-9.23683	-4.534618	2.504335	-8.805874	-4.721366	2.4660277	-9.131485	-4.7979803	2.4181437	-9.370906	-4.8123455	2.4995465	-9.251195	-4.2904096	2.5761611	-9.232041	-4.3287168	-1.0151415	-4.084508	6.5218053	4.783615	-8.461109	-3.1986535	1.6424223	-8.829816	-0.842759	2.873042	-13.40753	4.012682	4.4196963	-11.990162	-3.667917	2.0590134	-8.317456	5.813122	1.9153614	-8.882488	5.386954
1	1.0821792	-10.390836	1.1827357	0.10534488	-10.539276	1.6328455	1.2785037	-10.271125	1.2018893	1.2976574	-10.462662	0.8475474	1.3599066	-10.6158905	0.5410896	1.5993267	-10.304645	0.4213795	1.5562311	-10.395624	0.5602432	0.2681506	-9.744401	4.5154643	1.3934253	-9.289502	4.596867	1.5705963	-9.323022	4.390966	1.6759412	-9.275137	4.4675803	1.6903064	-9.351752	4.663905	1.5705963	-9.390059	4.5777135	1.436521	-9.394848	4.6591167	1.3215994	-9.131485	4.951209	1.733402	-9.02614	4.4915223	1.8100165	-9.461885	4.687847	1.4987702	-8.882488	5.2002063	1.5035586	-9.677363	3.145981	1.460463	-9.303867	4.156334
1	9.988609	-1.7190368	1.910573	10.0269165	-1.7908629	1.8770541	9.921572	-1.7381904	1.8579005	10.117896	-1.733402	1.7717092	10.103531	-1.757344	1.9153614	9.998186	-1.7142484	1.9057846	9.902418	-1.6184803	1.8818425	10.0029745	-1.6903064	1.8962077	9.974244	-1.7669208	1.9488802	10.012551	-1.6998832	1.8052281	10.036493	-1.7190368	1.8100165	9.935937	-1.7286136	1.7525556	9.964667	-1.7429788	1.9009962	9.9790325	-1.7621324	1.8866309	9.998186	-1.7717092	1.8291701	9.964667	-1.7142484	1.8962077	9.959879	-1.7477672	1.9249382	9.959879	-1.7956513	1.7908629	9.983821	-1.7429788	1.9393034	10.036493	-1.7669208	1.8866309
1	-0.4213795	-5.5401826	8.513782	-0.5650316	-5.583278	8.480263	-0.48841715	-5.6215854	8.418014	-0.50278234	-5.5641246	8.561666	-0.61291564	-5.57849	8.63828	-0.58897364	-5.559336	8.456321	-0.35434186	-5.6886234	8.451532	-0.5363012	-5.6359506	8.212111	-0.58897364	-5.592855	8.451532	-0.5315128	-5.631162	8.350976	-0.5602432	-5.6359506	8.523358	-0.2825158	-5.770026	8.418014	-0.34476504	-5.650316	8.528147	-0.6655881	-5.7029886	8.662222	0.6847417	-10.386047	1.5562311	0.29209262	-11.678916	2.7868507	8.0924015	-0.14844051	5.78918	7.28795	4.1515455	4.831499	7.6375036	4.1276035	4.5777135	6.2392898	4.903325	4.2521024
1	4.0797195	-9.078813	-3.6056678	4.074931	-8.623915	-3.8259344	4.232949	-8.99741	-3.98874	3.964798	-8.882488	-4.261679	3.8546648	-8.901642	-4.209007	4.209007	-8.8777	-3.6391866	4.1611223	-8.892065	-4.1659107	4.10845	-9.097966	-4.357447	4.0940847	-8.75799	-4.1036615	4.122815	-8.925584	-4.084508	4.185065	-8.772355	-3.9935284	4.185065	-8.868123	-3.7780502	4.3622355	-9.069236	-2.7485435	4.2042184	-8.858546	-3.763685	4.4101195	-8.796297	-4.003105	4.285621	-8.829816	-3.7828386	4.3047748	-8.872911	-3.9791632	4.2760444	-8.911219	-3.7541082	4.098873	-8.853758	-3.5913026	4.7548847	-8.336611	-4.525041
1	9.998186	-1.7956513	1.6950948	10.0269165	-1.8052281	1.8100165	10.065224	-1.6903064	1.70946	10.065224	-1.7860745	1.685518	9.89763	-1.7908629	1.8004397	10.041282	-1.7860745	1.7956513	9.9790325	-1.7286136	1.8387469	9.993398	-1.7525556	1.8291701	10.055647	-1.8531121	1.733402	9.969456	-1.8387469	1.7142484	10.012551	-1.7908629	1.7812861	10.012551	-1.8626889	1.6711528	10.113108	-1.8100165	1.8195933	10.0269165	-1.7908629	1.7908629	10.022128	-1.8052281	1.8195933	10.022128	-1.7286136	1.7525556	10.065224	-1.7238252	1.7908629	10.089166	-1.7669208	1.7860745	9.974244	-1.8195933	1.8770541	10.04607	-1.7621324	1.7477672
1	6.7947445	-7.1969705	3.7110126	4.2042184	4.175488	9.696517	4.6255975	-4.9176903	8.5473	4.6782703	-5.559336	7.311892	4.6830587	-5.6646814	8.130709	6.8330517	-5.085284	8.111555	5.1762643	-6.483498	6.4020953	5.329493	-5.1523223	7.2687964	5.3199162	-5.3342814	7.326257	5.813122	-5.899313	6.3063273	5.803545	-5.899313	6.373365	5.6407394	-6.081272	6.4260373	5.81791	-5.6359506	6.191406	5.851429	-5.9567738	6.081272	8.461109	-4.8267107	2.4037786	8.293514	-5.3199162	3.8259344	8.327033	-5.3199162	3.620033	3.7828386	-5.133168	8.0924015	3.8546648	-4.927267	8.317456	3.9025488	-4.903325	8.322245
1	10.084377	-1.7381904	1.7238252	9.998186	-1.7621324	1.7908629	10.079589	-1.6759412	1.7764976	10.022128	-1.6903064	1.7812861	10.055647	-1.70946	1.8674773	9.892841	-1.7764976	1.6998832	10.0987425	-1.6232687	1.7812861	9.9790325	-1.7717092	1.6998832	10.079589	-1.7525556	1.8866309	9.9550905	-1.7669208	1.5658079	9.964667	-1.7429788	1.4556746	10.012551	-1.7477672	1.8674773	9.983821	-1.7908629	1.8148049	9.959879	-1.757344	1.7238252	9.801862	-1.7908629	1.8052281	10.093954	-1.7812861	1.8387469	9.969456	-1.7812861	1.8291701	10.036493	-1.7286136	1.6759412	9.974244	-1.7525556	1.6184803	10.022128	-1.8291701	1.7525556
1	0.5267244	-9.184157	0.5410896	-0.05267244	-2.6910827	9.763555	0.095768064	-3.5098996	9.41879	1.0534488	-2.681506	9.615114	1.4413095	-2.3798366	9.744401	1.5801731	-2.4277205	9.859323	2.1212628	-3.1364043	9.595961	1.7429788	-2.896984	9.495404	1.8626889	-3.0310593	9.490616	1.7764976	-2.9496565	9.5385	1.8962077	-2.9831753	9.672575	1.9153614	-2.9879637	9.466674	1.6567876	-3.1794999	9.442732	1.5035586	-3.107674	9.634268	1.7286136	-3.1890767	9.390059	1.4221559	-3.1747115	9.500193	1.460463	-3.6008794	9.500193	1.6711528	-3.514688	9.390059	1.4939818	-3.442862	9.624691	1.3934253	-3.7445314	9.294291
1	5.109226	-9.500193	4.074931	2.6671407	-9.351752	5.1571107	2.8443117	-8.796297	6.9527617	5.2863975	1.5993267	7.398083	-3.193865	4.9320555	6.9240313	-3.6152446	0.9576807	8.714894	-3.2130187	0.7182605	8.963891	-3.2513258	0.50757074	9.02614	-3.3183637	0.08619126	9.255983	-3.2513258	0.16759412	9.251195	-3.1172507	0.22026655	9.174581	-3.2225955	-0.019153614	9.050082	-3.3279405	0.30645782	9.045294	-3.1172507	0.0	8.916007	-3.4620156	0.49320555	9.284714	-3.5098996	0.0	9.241618	-3.3614593	0.10055647	9.198523	-3.3039982	0.10055647	9.088389	-3.1555579	-0.4309563	9.332599	-3.4380736	-0.33039984	9.284714
1	9.969456	-1.8770541	1.934515	10.060435	-1.7046716	1.9393034	10.0029745	-1.7142484	1.934515	10.0029745	-1.6184803	1.8052281	10.0508585	-1.7669208	1.7717092	9.969456	-1.7286136	1.9153614	10.060435	-1.6950948	1.8770541	9.888053	-1.8339585	1.7717092	9.935937	-1.7956513	1.7046716	10.031705	-1.661576	1.7669208	9.911995	-1.6519991	1.6950948	9.921572	-1.8100165	2.0254946	10.093954	-1.9009962	2.030283	9.950302	-1.7286136	1.9919758	10.0508585	-1.7477672	1.8914193	10.113108	-1.7812861	1.8962077	10.041282	-1.733402	1.6903064	10.0269165	-1.5610195	1.685518	9.959879	-1.9536686	1.9153614	9.959879	-1.4796166	1.1683705
1	-3.1124623	-8.537724	4.951209	-0.6607997	-0.8714894	10.160992	-2.4516625	1.1827357	9.14585	-2.3080103	0.9911995	9.466674	-2.4372973	0.8379706	9.605537	-2.72939	0.6703765	9.528923	-1.1731589	-0.30166942	9.217676	-2.3558946	-1.7142484	9.591172	-2.2266076	-1.2689269	9.543288	-2.2170308	-1.412579	9.481039	-2.1404164	-1.1444284	9.361329	-2.030283	-1.4891934	9.672575	-2.087744	-1.2497733	9.519346	-2.15957	-1.3311762	9.481039	-2.207454	-0.9816227	9.466674	-2.1308396	-1.2066777	9.385271	-2.135628	-1.1731589	9.65821	-5.841852	-0.36391866	11.104307	5.391742	6.0621185	4.76925	6.766014	0.9672575	7.824251
1	0.59855044	-3.6343982	9.437943	0.8858546	-5.2528787	8.801085	0.22984336	-5.243302	8.145074	0.12928689	-5.9184666	8.303091	-0.81881696	0.21547815	9.409213	0.7230489	-4.185065	8.781932	1.4796166	-4.7740383	9.093178	0.7086837	-5.171476	8.901642	-1.4987702	-6.991069	8.202535	0.80445176	0.12449849	9.619903	2.0446482	-3.9695864	8.470686	-1.8818425	-10.802638	4.3861775	-2.4756045	-7.843405	6.0046577	-2.695871	-7.6949644	6.220136	-2.0207062	-7.714118	6.411672	-2.5570073	-7.5465236	6.133945	-2.7389667	-7.8625584	5.8945246	-2.1260512	-1.5897499	9.260772	-2.3175871	-2.791639	9.069236	-2.8491	-7.551312	6.277597
1	-0.05267244	-6.6079965	7.8050976	-0.08140286	-6.483498	8.178593	-0.04309563	-6.603208	7.97748	-0.24420857	-5.9280434	8.485051	-2.255338	-1.3934253	9.356541	-2.3942018	-1.9153614	9.514558	-2.27928	-1.8195933	9.385271	-1.7286136	-1.508347	9.615114	-1.9728222	-1.7190368	9.375694	-1.8291701	-2.2744915	9.337387	-1.9632454	-2.2122424	9.562442	-1.7812861	-2.255338	9.509769	-1.9536686	-2.327164	9.629479	-6.1866174	-1.0869676	15.792154	0.78529817	-2.1021092	-0.50757074	-7.747637	-0.4261679	11.841722	6.4787097	4.6926355	6.4882865	4.223372	-2.873042	-0.21068975	7.848193	2.6767175	8.901642	-1.4939818	8.48984	0.47884035
1	-1.3503298	4.156334	8.528147	-1.2354081	3.9839516	7.513005	-1.3790601	4.003105	9.107543	-1.3263878	4.7070007	8.101978	-1.4748282	4.4436383	8.173804	-2.0159178	5.161899	7.85777	-2.0254946	4.7884035	7.73806	-2.6144683	3.7253778	8.1881695	9.332599	0.89064306	3.2225955	9.768343	-0.8523358	2.9879637	9.902418	-0.94331545	2.815581	9.677363	-0.90979666	2.7724855	9.739613	-0.89543146	2.8203697	9.801862	-1.7812861	2.8778305	3.289633	-0.15322891	10.371682	3.8833952	1.340753	10.778696	4.309563	2.336741	8.987833	2.5378537	3.3375173	10.19451	2.9831753	2.5617957	9.155427	-0.7613561	0.44532153	10.635044
1	4.295198	-8.896853	-0.49799395	8.901642	0.641646	4.9703627	8.676587	-0.2633622	5.3965306	8.499416	-0.023942016	5.985504	8.451532	-0.23463176	5.626374	8.389283	-0.12449849	5.93762	8.39886	-0.39743748	6.3206925	8.327033	-0.18195933	5.7125654	8.576031	-0.16759412	6.033388	8.283937	-0.110133275	5.717354	8.394072	-0.12928689	6.105214	8.379706	-0.1340753	5.8083334	8.24563	-0.12449849	5.803545	8.379706	-0.038307227	5.779603	8.250419	-0.07182605	6.0142345	8.298303	-0.14844051	5.8705826	8.312668	0.24420857	5.90889	8.331821	-0.32561144	5.913678	8.63828	-1.661576	5.7843914	8.5473	0.08140286	5.8801594
1	0.24420857	1.3551182	9.859323	-0.6368576	-0.10534488	8.868123	-0.37349546	2.3750482	10.601525	1.0486604	-1.5993267	9.222465	1.2162545	-1.2593501	9.888053	-6.129156	1.0103531	9.696517	1.8148049	0.39743748	10.175357	2.480393	0.5410896	10.453085	1.8674773	-1.6424223	10.1226845	0.7469909	-2.60968	6.7324953	2.8299465	-1.8531121	9.375694	0.0047884034	-4.5058875	9.160215	1.6472107	-1.6903064	9.744401	-1.7717092	1.6328455	17.640478	1.7860745	0.90021986	10.04607	1.541866	0.7517793	11.358093	3.3135753	-4.189853	8.063671	0.30166942	-6.2488666	10.486604	2.2218192	-5.6407394	8.37013	9.241618	-0.51714754	3.0454245
1	-3.064578	-1.757344	9.251195	-3.074155	-2.4708161	9.045294	-3.1747115	-3.5003228	8.695741	-3.1172507	-2.9496565	8.839393	-3.1603463	-2.6479871	9.155427	-3.016694	-2.8443117	8.916007	-3.0885203	-3.2034419	8.542512	-3.1507695	-3.4955344	8.700529	-3.217807	-3.3327289	8.762778	-3.0789435	-2.930503	8.872911	-3.1364043	-2.815581	9.054871	-3.1747115	-3.8977604	8.499416	-3.1651347	-3.2992098	8.839393	-3.1364043	-2.6671407	9.370906	-2.0685902	-5.755661	8.465898	-1.2737153	-3.7924154	9.672575	-1.982399	-2.9640217	9.112331	-1.1587936	-8.360553	6.090849	-0.770933	-8.111555	6.301539	-2.1883004	-8.020576	6.5505357
1	-0.10055647	-5.583278	8.5473	-0.06703765	-5.535394	8.652645	-0.1388637	-5.6982	8.537724	-0.090979666	-5.530606	8.643068	0.009576807	-5.6551046	8.599973	-0.21547815	-5.583278	8.580819	-0.2873042	-5.779603	8.39886	-0.18674773	-5.6551046	8.42759	-0.15322891	-5.6982	8.590396	-0.18674773	-5.741296	8.51857	-0.18195933	-5.7125654	8.413225	-0.22984336	-5.7843914	8.413225	-0.30645782	-5.6982	8.403648	-0.1388637	-5.717354	8.470686	-0.24899697	-5.722142	8.513782	-0.18674773	-5.6790466	8.528147	-0.11492168	-5.674258	8.403648	-0.12449849	-5.7269306	8.504205	-0.20590134	-5.7843914	8.485051	-0.23942018	-5.722142	8.513782
1	1.0151415	-2.3942018	9.792285	-2.6479871	-3.169923	9.054871	-10.453085	-7.249643	14.848839	17.884687	5.6982	5.865794	-2.8682537	0.8858546	5.7508726	-2.1930888	-1.0247183	9.763555	-2.111686	-1.1204864	9.619903	-2.2888567	-1.3455414	9.581595	-2.327164	-0.5554548	9.442732	-2.552219	-1.6376339	9.921572	-2.3989902	-1.3072342	9.629479	-2.2697031	-1.2641385	9.548077	-2.681506	0.10055647	9.313444	-2.4947581	0.11971009	9.399636	-2.5713725	-0.110133275	9.404425	-2.528277	-0.19632454	9.524135	-2.6767175	-0.20111294	9.414001	-2.6192567	-0.20590134	9.509769	-2.6431987	-0.23463176	9.44752	-2.6431987	-0.15322891	9.552865
1	-0.9672575	-5.803545	10.400413	-0.7278373	-9.581595	4.1611223	-3.8594532	-9.284714	2.2170308	-3.6152446	-9.02614	3.0071173	1.2737153	-7.872135	-8.101978	4.003105	-7.2831616	5.6359506	6.172252	-9.600749	2.0494366	3.6966474	-6.991069	3.217807	1.8435353	-6.540959	-1.5370775	2.906561	-9.888053	1.6472107	5.305551	-9.696517	-3.2609026	1.5131354	-10.457873	-4.3239284	3.4955344	-9.179369	-3.7972038	3.5338416	-9.160215	-3.7349546	3.86903	-9.02614	-3.98874	3.8307228	-8.820239	-3.8067808	3.964798	-8.959103	-4.189853	4.0174704	-9.14585	-3.5625722	4.0940847	-9.064447	-3.7541082	3.9217024	-8.987833	-3.6774938
