1649839494.524625	1	-4.2425256	-5.913678	10.156203	-0.61291564	-6.7085533	6.7803793	0.17238252	-8.772355	5.521029	0.50757074	-8.762778	5.865794	0.56982	-8.772355	5.6790466	0.07182605	-9.064447	4.6399627	0.5650316	-9.485827	4.5920787	0.34476504	-9.461885	4.367024	0.4357447	-9.423578	4.31914	0.63206923	-9.504981	4.1706996	0.58897364	-9.5385	4.367024	0.47405192	-9.519346	4.3526587	0.4309563	-9.600749	4.381389	0.6512229	-9.552865	4.1946416	0.4213795	-9.500193	4.3382936	0.770933	-9.56723	4.4580035	0.770933	-9.615114	4.232949	0.63206923	-9.528923	4.343082	0.44532153	-9.519346	4.209007	-1.043872	-4.7500963	8.887277
1649839536.909088	1	-0.23942018	-6.8091097	8.259995	-0.46926352	-6.670246	7.6375036	0.21547815	-6.8761473	7.589619	0.17717093	-6.895301	7.704541	0.05746084	-6.8426285	7.642292	-0.019153614	-6.823475	7.723695	0.14844051	-6.8522053	7.6853876	0.08140286	-6.7468605	7.762002	0.01436521	-6.8426285	7.776367	0.062249243	-6.8809357	7.680599	-0.1436521	-6.95755	7.589619	-0.12449849	-6.895301	7.5704656	-0.14844051	-6.981492	7.441179	0.12449849	-7.2927384	7.8386164	1.1779473	-5.559336	9.050082	-0.20590134	-5.3103395	8.882488	-0.2825158	-5.4061074	8.781932	-0.19632454	-5.363012	8.604761	-0.05746084	-5.3486466	8.738836	-0.038307227	-5.7029886	8.149862
1649839578.7908738	1	-0.05267244	-6.6079965	7.8050976	-0.08140286	-6.483498	8.178593	-0.04309563	-6.603208	7.97748	-0.24420857	-5.9280434	8.485051	-2.255338	-1.3934253	9.356541	-2.3942018	-1.9153614	9.514558	-2.27928	-1.8195933	9.385271	-1.7286136	-1.508347	9.615114	-1.9728222	-1.7190368	9.375694	-1.8291701	-2.2744915	9.337387	-1.9632454	-2.2122424	9.562442	-1.7812861	-2.255338	9.509769	-1.9536686	-2.327164	9.629479	-6.1866174	-1.0869676	15.792154	0.78529817	-2.1021092	-0.50757074	-7.747637	-0.4261679	11.841722	6.4787097	4.6926355	6.4882865	4.223372	-2.873042	-0.21068975	7.848193	2.6767175	8.901642	-1.4939818	8.48984	0.47884035
1649839620.366588	1	-2.633622	-4.084508	8.90643	-2.5234885	-4.261679	8.552089	-2.8491	-4.074931	8.719683	1.9632454	-23.166296	6.6415157	3.3183637	-8.987833	3.6008794	-2.9879637	-2.6431987	9.208099	-2.944868	-2.8778305	9.040505	-2.791639	-2.8107927	9.045294	-2.8060043	-3.0310593	9.203311	-2.8299465	-2.2840683	8.887277	-2.6384103	-3.1603463	9.035717	-2.6479871	-3.1842883	9.131485	-2.7485435	-3.3279405	9.102755	-2.6862943	-3.3183637	9.107543	-2.791639	-3.0023289	9.045294	-2.6910827	-3.490746	9.217676	-2.7724855	-3.3279405	8.853758	-2.566584	-3.1507695	9.136273	-2.60968	-3.0933087	8.815451	7.374141	1.6089035	6.5936313
1649839663.0686412	1	1.0151415	-2.3942018	9.792285	-2.6479871	-3.169923	9.054871	-10.453085	-7.249643	14.848839	17.884687	5.6982	5.865794	-2.8682537	0.8858546	5.7508726	-2.1930888	-1.0247183	9.763555	-2.111686	-1.1204864	9.619903	-2.2888567	-1.3455414	9.581595	-2.327164	-0.5554548	9.442732	-2.552219	-1.6376339	9.921572	-2.3989902	-1.3072342	9.629479	-2.2697031	-1.2641385	9.548077	-2.681506	0.10055647	9.313444	-2.4947581	0.11971009	9.399636	-2.5713725	-0.110133275	9.404425	-2.528277	-0.19632454	9.524135	-2.6767175	-0.20111294	9.414001	-2.6192567	-0.20590134	9.509769	-2.6431987	-0.23463176	9.44752	-2.6431987	-0.15322891	9.552865
1649839704.4389348	1	-2.6240451	-0.090979666	9.461885	-2.6048915	-0.32561144	9.452309	-2.6527755	-0.24899697	9.572019	-2.6910827	-0.24899697	9.504981	-2.5330653	-0.39264908	9.485827	-2.2936451	-1.8531121	9.414001	-2.5570073	-1.7717092	8.916007	-2.2457612	-2.9352913	9.485827	-1.5562311	-2.0590134	9.41879	-1.8866309	-3.2561142	9.346964	-1.9201498	-3.3375173	9.275137	-1.7477672	-3.6008794	9.222465	-1.8339585	-3.371036	9.346964	-1.9871874	-3.3518825	9.227253	-2.0159178	-3.6631286	9.107543	-2.1739352	-3.4620156	9.246407	-2.3558946	-3.8738184	8.566454	-1.5227122	-3.845088	8.571242	-0.32561144	-4.534618	9.591172	-2.0111294	-2.681506	9.466674
1649839747.3459086	1	-2.006341	-3.3423057	9.32781	-1.9536686	-3.6487634	9.14585	-1.6903064	-3.6104562	9.208099	-1.9009962	-3.7253778	9.160215	-2.4420857	0.19153613	9.701305	-2.3080103	0.7326257	9.3182335	-2.1643584	-0.18195933	9.552865	-2.0590134	-0.9720459	9.595961	-2.0733786	-0.8619126	9.524135	-1.9776106	-1.0007763	9.634268	-1.9153614	-1.091756	9.500193	-1.934515	-1.1683705	9.581595	-2.0015526	-1.115698	9.504981	-2.006341	-1.1875241	9.586384	-1.9776106	-1.1731589	9.524135	-1.8052281	-1.3694834	9.840169	-1.9009962	-1.5227122	9.595961	-1.508347	-1.3215994	9.509769	-1.7429788	-1.3934253	9.739613	-1.8100165	-1.2785037	9.667787
1649839789.2268112	1	-1.8100165	-1.412579	9.677363	6.5840545	-1.685518	7.302315	4.865018	-2.60968	8.614338	5.8226986	-2.9161377	7.8146744	4.232949	-2.5187001	8.566454	5.8083334	-3.7014358	7.7332716	5.463568	-4.012682	7.8529816	5.482722	-3.6870706	8.1163435	-2.3415294	2.27928	6.220136	-1.4317327	-1.5993267	9.797073	-1.2737153	-1.685518	9.706094	-1.5897499	-1.7286136	9.773131	-1.388637	-1.5562311	9.648633	-1.2497733	-1.412579	9.677363	8.604761	-4.654328	3.4763808	8.719683	-5.023035	3.4093432	8.829816	-4.6255975	3.4715924	7.493851	-3.9743748	4.209007	6.14831	-1.8914193	7.929596	4.31914	-2.6192567	9.308656
1649839831.1091454	1	4.237737	-2.6862943	9.069236	7.311892	2.767697	6.2967505	7.3406224	3.0214825	5.6646814	8.034941	2.7341783	5.8466406	7.3549876	2.60968	6.05733	7.345411	2.7964275	5.8466406	7.4268136	2.743755	6.090849	-0.6799533	-10.376471	2.0159178	-0.545878	-8.09719	0.7278373	0.8762778	-6.435614	8.413225	0.22026655	-4.5394063	8.202535	-0.7613561	-4.4915223	9.246407	0.35913026	-6.066907	8.030152	0.48362875	-7.345411	6.823475	0.50757074	-4.687847	9.074024	0.5315128	-5.3438582	8.604761	0.10055647	-5.650316	8.513782	0.009576807	-5.827487	8.571242	-0.05746084	-5.6790466	8.585608	0.1436521	-5.693412	8.51857
1649839872.9915605	1	1.0582372	-4.027047	9.299079	0.93852705	-4.223372	9.251195	0.6943185	-4.7548847	8.987833	0.6799533	-4.7788267	9.064447	-1.2641385	-2.360683	8.772355	0.5602432	-4.999093	8.772355	0.5746084	-5.1762643	9.069236	0.31603462	-5.257667	9.093178	0.7517793	-5.568913	8.796297	0.62728083	-5.386954	8.619126	0.41180268	-5.410896	8.676587	0.49320555	-5.3965306	8.647857	0.33518824	-5.4204726	8.772355	0.48841715	-5.33907	8.700529	0.41180268	-5.391742	8.643068	0.4261679	-5.233725	8.719683	0.37349546	-5.2624555	8.872911	0.48841715	-5.2768207	8.710106	0.35434186	-5.2768207	8.863335	0.5554548	-5.094861	8.279149
1649839914.9777596	1	-1.7717092	0.33997664	15.20797	0.82360536	-6.8569937	7.398083	2.0207062	-5.7987566	6.4404025	-0.2681506	-6.603208	7.848193	0.35913026	-5.7029886	8.465898	-0.110133275	-5.118803	8.671799	8.034941	4.7884035	3.1890767	-0.24420857	-5.5018754	8.508993	1.0199299	-2.801216	9.753978	1.0486604	-3.4332852	9.289502	-0.18195933	-5.080496	8.015787	0.9576807	-3.1651347	9.667787	1.0199299	-2.9113493	9.667787	1.0534488	-3.0310593	9.572019	1.0534488	-3.0023289	9.715671	0.94331545	-3.0310593	9.720459	0.93373865	-3.016694	9.586384	1.1109096	-2.9592333	9.461885	1.1779473	-3.0933087	9.514558	0.9528923	-3.2225955	9.739613
1649839957.37229	1	1.0342951	-3.2513258	9.576807	1.0295067	-3.2513258	9.528923	1.0630256	-3.074155	9.524135	0.62728083	-4.3287168	9.169792	0.7038953	-4.261679	9.064447	0.5602432	-4.3239284	9.337387	-0.7565677	-3.064578	9.749189	-0.01436521	-4.232949	9.255983	0.15322891	-4.367024	9.107543	0.090979666	-4.5202527	9.23683	0.038307227	-4.3047748	9.217676	0.3878607	-4.1515455	9.14585	0.2873042	-4.6830587	8.935161	0.07182605	-4.903325	8.853758	8.010999	-6.967127	-0.023942016	1.4221559	-8.561666	11.463438	-0.04309563	-6.9958572	7.9008656	0.0	-5.439626	8.7532015	-0.038307227	-5.434838	8.513782	-0.110133275	-5.583278	8.504205
1649839999.2544458	1	-0.21547815	-5.923255	8.437167	-0.272939	-5.923255	8.1402855	-0.0047884034	-4.4819455	8.614338	-0.11492168	-5.8562174	8.360553	-0.15322891	-5.434838	8.403648	-0.16280572	-5.6551046	8.499416	-0.14844051	-5.650316	8.647857	-0.06703765	-5.5258174	8.614338	-0.1388637	-5.482722	8.647857	0.009576807	-5.60722	8.528147	-0.076614454	-5.482722	8.6574335	-0.033518825	-5.544971	8.590396	-0.12928689	-5.48751	8.719683	-0.05267244	-5.530606	8.508993	-0.038307227	-5.5401826	8.504205	0.038307227	-5.535394	8.5473	-0.08619126	-5.583278	8.508993	-0.04309563	-5.5162406	8.6334915	-0.08140286	-5.583278	8.508993	-0.02873042	-5.511452	8.504205
1649840041.1368637	1	-0.10055647	-5.583278	8.5473	-0.06703765	-5.535394	8.652645	-0.1388637	-5.6982	8.537724	-0.090979666	-5.530606	8.643068	0.009576807	-5.6551046	8.599973	-0.21547815	-5.583278	8.580819	-0.2873042	-5.779603	8.39886	-0.18674773	-5.6551046	8.42759	-0.15322891	-5.6982	8.590396	-0.18674773	-5.741296	8.51857	-0.18195933	-5.7125654	8.413225	-0.22984336	-5.7843914	8.413225	-0.30645782	-5.6982	8.403648	-0.1388637	-5.717354	8.470686	-0.24899697	-5.722142	8.513782	-0.18674773	-5.6790466	8.528147	-0.11492168	-5.674258	8.403648	-0.12449849	-5.7269306	8.504205	-0.20590134	-5.7843914	8.485051	-0.23942018	-5.722142	8.513782
1649840082.9168098	1	-0.20590134	-5.8562174	8.571242	-0.30645782	-5.884948	8.5473	-0.24420857	-5.7987566	8.48984	-0.062249243	-5.3007627	9.083601	0.05746084	-5.386954	8.805874	-0.0047884034	-4.0797195	9.77792	-0.05267244	-6.114791	8.236053	0.866701	-4.9655743	9.155427	0.5363012	-5.4300494	8.901642	0.15322891	-5.133168	10.371682	0.22026655	-5.6407394	8.528147	-0.24420857	-5.6646814	8.619126	7.4746976	0.4405331	5.171476	7.953538	-1.340753	6.229713	7.8146744	-1.163582	6.5265937	7.833828	-1.1731589	6.349423	7.9104424	-1.1300632	6.4547677	7.8865004	-1.2258313	6.315904	7.9248075	-1.1779473	6.4068837	7.9008656	-1.2641385	6.5361705
1649840124.9013643	1	7.8912888	-0.7230489	6.3302693	-4.0701427	-3.6487634	9.586384	8.145074	-0.62249243	6.4547677	8.106767	-0.49799395	6.205771	8.350976	-0.19153613	5.889736	8.303091	-0.07182605	6.009446	8.298303	-0.11971009	5.985504	8.327033	-0.009576807	5.8466406	8.250419	-0.272939	5.8226986	8.556877	-0.33518824	5.650316	8.274361	0.5746084	5.6790466	8.451532	0.30645782	5.4779334	8.580819	0.08140286	5.5162406	8.389283	0.1388637	5.559336	8.360553	0.48841715	5.3486466	8.523358	0.2681506	5.568913	8.408437	-0.22984336	5.410896	8.274361	-0.047884032	5.717354	8.226477	-0.038307227	5.971139	8.212111	-0.272939	5.90889
1649840167.806778	1	7.9870567	0.04309563	5.985504	8.09719	-0.6847417	6.1195793	7.9391727	-0.8475474	6.3063273	-0.58418524	-9.844957	1.7238252	0.18195933	-6.703765	7.8625584	0.47884035	-6.83784	7.5704656	-1.8148049	-5.8083334	8.839393	0.30166942	-8.6334915	5.841852	0.2825158	-8.676587	5.932832	0.41180268	-8.63828	5.7365074	0.38307226	-8.619126	5.995081	0.6560113	-8.825027	5.683835	0.33039984	-8.7771435	5.7508726	0.31124622	-8.66701	5.707777	0.5410896	-8.700529	5.3247046	0.12449849	-8.346188	5.9807158	0.51714754	-8.743625	5.7125654	2.3223755	-9.241618	0.7038953	4.146757	-9.126697	7.0006456	0.80445176	9.639056	-1.1109096
1649840209.1765406	1	1.3694834	9.840169	0.272939	1.70946	9.088389	1.3359646	1.0055647	8.0924015	1.0773908	0.36391866	9.102755	0.1340753	5.0900726	-1.6807296	8.939949	6.5744777	5.2768207	4.572925	7.3645644	5.741296	2.9640217	6.7468605	6.1004257	-1.5562311	4.0222588	5.81791	-4.3861775	3.7972038	6.4882865	-5.626374	4.003105	6.253655	-5.78918	3.9791632	6.2584434	-5.8466406	3.8738184	6.1530986	-5.884948	3.8402996	5.8705826	-6.531382	3.8786068	5.650316	-6.7085533	3.4237084	7.359776	-4.280833	3.2369606	7.479486	-4.3718123	5.0038815	9.840169	-2.7868507	5.5258174	7.4746976	-1.1013328	6.5265937	-7.7189064	-0.90021986
1649840251.0587544	1	-2.1883004	-0.40222588	9.524135	-2.006341	-0.7469909	9.581595	1.1252748	-3.7588966	7.575254	2.8107927	-6.9383965	7.2831616	2.4660277	-7.1826053	7.1586633	-0.50278234	-8.111555	6.5361705	-0.34955344	-8.259995	6.3063273	0.05267244	-8.360553	6.191406	0.4357447	-8.24563	5.865794	0.2777274	-8.676587	5.770026	0.17238252	-8.767567	5.765238	-0.272939	-8.815451	5.861006	9.495404	-3.5817258	3.098097	8.293514	-2.552219	4.3526587	7.9152308	2.719813	5.7365074	6.1100025	4.7405195	6.220136	9.169792	-3.490746	-3.8259344	9.495404	-2.2936451	-2.0111294	8.920795	-1.958457	4.6016555	9.102755	-2.4851813	4.2425256
1649840293.9652936	1	8.422802	-3.0023289	5.932832	8.456321	-3.8402996	5.233725	7.551312	-2.8778305	6.0285997	7.565677	-0.81402856	6.1770406	8.001422	-0.8810662	6.4787097	7.8769236	-0.93852705	6.3589997	7.872135	-0.8283938	6.6367273	7.8050976	-1.7429788	6.363788	7.5944076	-1.5275006	6.631939	7.503428	-1.2114661	6.823475	7.656657	-1.412579	6.694188	7.517793	-1.1683705	6.909666	7.067683	-6.0956373	-0.24420857	8.930372	-1.7908629	4.7788267	9.030929	-1.9009962	4.414908	9.279925	0.6560113	3.9121256	9.251195	0.92895025	3.715801	9.299079	0.60812724	3.9504328	9.160215	0.6607997	3.8738184	6.3302693	-13.852851	-6.6367273
1649840335.3369708	1	9.155427	0.062249243	4.381389	9.23683	0.1340753	4.0653543	9.198523	-3.107674	2.6527755	9.279925	-1.6759412	4.0222588	9.370906	-1.7381904	3.892972	9.289502	1.8770541	2.906561	9.519346	1.2785037	2.528277	9.3182335	0.79966336	3.040636	9.169792	1.5705963	3.4141316	8.901642	-3.2561142	3.9983168	9.433155	-0.59855044	4.88896	9.437943	-2.4612393	3.2848446	9.600749	-2.1452048	3.4141316	9.284714	-2.3223755	3.6583402	9.3421755	-2.3415294	3.5625722	9.375694	-2.183512	3.6535518	9.394848	-2.2361844	3.620033	9.323022	-2.4660277	3.787627	8.7532015	1.6759412	4.2760444	9.011775	-1.8531121	4.817134
1649840377.7050006	1	8.470686	-6.0860605	-0.20590134	8.595184	-6.205771	-0.023942016	8.566454	-6.2584434	0.009576807	8.542512	-6.2967505	-0.05746084	8.78672	-5.6790466	2.0350714	9.23683	-2.1643584	4.2281604	8.954314	-0.7278373	5.9519854	8.690952	0.45010993	5.535394	7.311892	-1.0103531	7.2544312	-2.8778305	-11.444284	0.1340753	-1.316811	4.3718123	8.0924015	-0.94331545	-3.5290532	9.385271	-0.94810385	-4.1802764	9.3182335	-1.757344	-4.8698063	8.643068	-2.432509	-5.923255	8.6334915	-6.5026517	-3.5529952	6.469133	-3.572149	-4.960786	8.00621	-3.4715924	-4.606444	8.135497	-3.5051112	-4.644751	8.159439	-3.5769374	-4.582502	7.943961
1649840420.1250885	1	0.45489833	-8.834604	5.6982	-0.8714894	-10.79785	2.6144683	-0.44532153	-8.049306	6.933608	-0.17717093	-7.6470804	6.694188	-0.9864111	-6.05733	8.0684595	-1.0055647	-5.4444146	8.6334915	-2.7150247	-3.8259344	8.772355	-2.954445	-4.5777135	8.446744	-3.3135753	-4.285621	8.432379	-3.3087866	-4.3957543	8.255207	-2.753332	-4.711789	8.240842	-2.657564	-3.9983168	9.021352	1.4173675	-8.020576	6.6175733	1.4556746	-7.326257	7.1969705	-0.05267244	-8.973468	7.795521	-2.1547816	-6.9479733	6.9862804	0.39264908	-8.781932	5.5880666	-1.5466543	6.253655	6.1530986	-3.6966474	-3.964798	8.307879	-3.940856	-5.3678	7.3885064
1649840461.2790236	1	-3.8163576	-5.8226986	7.302315	-3.2944214	-5.9424086	7.714118	-2.9113493	-6.0716953	7.479486	-3.8163576	-5.5976434	7.4268136	-1.2593501	-6.7372837	7.632715	-3.1124623	-5.9184666	7.503428	-2.4277205	-6.066907	7.9008656	-1.7477672	-6.2488666	7.345411	-3.715801	-5.813122	7.7189064	-3.8738184	-6.631939	7.4746976	-4.8602295	-5.4204726	7.321469	-3.7588966	-5.875371	7.359776	-3.1411927	-5.93762	7.489063	2.542642	-10.060435	16.270994	5.8705826	-5.9663506	3.4093432	4.572925	-7.062895	9.816227	-0.33997664	-10.031705	0.29209262	-2.0159178	-10.994174	4.8841715	-1.2114661	-9.768343	3.098097	-0.6703765	-9.074024	2.6431987
1649840503.275154	1	0.93852705	-7.1730285	7.4268136	1.5945383	-9.739613	4.027047	0.05267244	-5.3821654	8.944737	1.1013328	-9.691729	3.9935284	0.51235914	-8.652645	6.0238113	1.3503298	-9.725247	3.763685	1.4460979	-9.44752	4.357447	1.4891934	-9.131485	4.5777135	1.3503298	-9.174581	5.032612	1.4173675	-9.217676	5.0278234	1.412579	-8.949526	4.9081135	2.1691468	-10.34774	3.1507695	-3.2609026	-5.7029886	7.431602	-3.7062242	-6.1626754	6.9048777	-3.2704794	-6.14831	7.455544	-2.1547816	-6.8569937	5.746084	-3.8163576	-4.9176903	7.359776	-4.1371803	-5.592855	7.3885064	-3.9743748	-5.3199162	7.5225816	-2.432509	-8.154651	9.361329
1649840545.3605309	1	1.532289	-3.3566709	9.471462	1.7477672	-6.26802	8.135497	1.70946	-6.6989765	7.479486	2.2936451	-10.745177	-1.2018893	3.6391866	-7.785944	-5.7748146	3.064578	-8.944737	-4.5920787	2.954445	-9.773131	-3.6966474	2.2170308	-9.648633	-3.9312792	2.5474305	-9.595961	-4.0892963	2.681506	-9.155427	-4.5154643	2.8203697	-9.414001	-4.343082	2.7102363	-9.279925	-4.1132383	2.791639	-9.423578	-4.3047748	2.6527755	-9.165004	-4.074931	2.9831753	-8.863335	-4.0174704	2.7724855	-9.198523	-4.343082	2.7485435	-9.150639	-4.084508	2.815581	-9.3421755	-4.1706996	2.8107927	-9.356541	-4.003105	2.6048915	-9.351752	-4.0940847
1649840587.756184	1	2.7485435	-9.370906	-4.3143516	2.6479871	-9.294291	-4.5298295	2.6862943	-9.097966	-4.4005427	2.834735	-9.323022	-4.146757	2.6910827	-9.188946	-4.405331	2.705448	-9.44752	-3.8163576	2.6431987	-9.270349	-4.0462008	2.7246015	-9.174581	-4.223372	2.791639	-9.323022	-4.1659107	2.72939	-9.23683	-4.1611223	2.5617957	-9.102755	-4.2999864	2.657564	-9.241618	-4.333505	2.633622	-9.093178	-4.0414124	2.753332	-9.356541	-4.156334	2.7485435	-9.332599	-4.050989	3.0119057	-9.279925	-4.3622355	2.834735	-9.188946	-4.156334	2.7629087	-9.150639	-4.2425256	2.777274	-9.32781	-4.19943	2.8299465	-9.303867	-4.10845
1649840629.638268	1	4.7309427	-9.155427	-2.834735	3.3518825	-9.270349	-3.9217024	3.7349546	-9.074024	-3.8067808	3.8642416	-8.911219	-3.787627	3.4476504	-9.107543	-3.9360676	3.5769374	-9.203311	-3.2944214	3.5913026	-9.9790325	-2.944868	2.504335	-9.02614	-3.3518825	2.6192567	-8.815451	-4.7022123	2.4181437	-9.198523	-5.2480903	2.3942018	-8.930372	-5.5497594	2.3511062	-9.375694	-4.295198	2.0685902	-9.662998	-3.107674	2.5713725	-8.968679	-4.697424	2.432509	-9.246407	-4.4484267	2.4660277	-9.490616	-4.5202527	2.303222	-9.299079	-4.237737	2.4372973	-9.619903	-3.964798	2.3127987	-9.390059	-4.0414124	2.456451	-9.303867	-4.3478703
1649840671.5205023	1	2.566584	-9.064447	-4.7261543	2.72939	-8.695741	-5.1523223	2.5713725	-8.868123	-4.9416323	2.4468741	-8.987833	-4.9176903	2.777274	-8.695741	-5.0900726	2.5378537	-8.920795	-4.630386	2.5617957	-9.011775	-4.793192	2.255338	-9.232041	-4.5394063	2.6192567	-8.781932	-4.960786	2.5617957	-9.107543	-4.55856	2.4133554	-9.050082	-4.6160207	1.6807296	-9.782708	-2.327164	2.5617957	-9.184157	-4.4436383	2.5139117	-9.11712	-4.4915223	2.3127987	-9.385271	-4.261679	1.6807296	-9.26556	-4.3766007	2.5330653	-9.294291	-4.663905	2.791639	-9.064447	-4.721366	1.5897499	-9.667787	-5.032612	2.3319526	-8.734048	-4.7979803
1649840713.9147372	1	2.2218192	-9.557653	-4.4915223	2.4995465	-8.834604	-4.793192	2.1212628	-9.097966	-4.8698063	2.3702598	-9.409213	-4.209007	1.2593501	-9.370906	-4.453215	2.0590134	-8.968679	-4.6926355	2.183512	-9.078813	-4.807557	1.3551182	-9.011775	-5.2289367	1.6519991	-8.973468	-5.535394	1.9871874	-8.480263	-5.8083334	1.9249382	-8.90643	-5.3007627	1.8148049	-9.011775	-4.8602295	2.0685902	-8.6574335	-5.1810527	1.8531121	-9.107543	-4.8506527	1.8004397	-9.677363	-3.9217024	1.7812861	-9.208099	-4.697424	1.7286136	-9.294291	-4.620809	1.4556746	-9.246407	-3.6774938	1.6424223	-9.141062	-4.6591167	1.7764976	-9.471462	-4.486734
1649840755.5921028	1	1.8052281	-9.404425	-4.261679	1.7717092	-9.461885	-4.3047748	2.0590134	-8.504205	-5.554548	1.9057846	-9.56723	-4.098873	1.733402	-9.380483	-4.55856	1.8483237	-9.270349	-4.7644615	1.8148049	-9.193734	-4.4196963	1.910573	-9.490616	-4.525041	1.8291701	-9.32781	-4.453215	1.5801731	-9.873688	-2.9879637	1.7621324	-9.481039	-4.19943	1.7046716	-9.423578	-4.4963107	1.8818425	-9.466674	-4.4580035	1.9393034	-9.428367	-4.4005427	1.8770541	-9.184157	-4.5441947	1.934515	-9.160215	-4.4484267	2.1164744	-8.662222	-5.363012	2.0925324	-9.136273	-4.7740383	1.9871874	-9.141062	-4.817134	2.1739352	-8.90643	-4.7548847
1649840797.7813213	1	2.2361844	-8.944737	-4.6686935	2.15957	-9.251195	-4.711789	2.135628	-9.02614	-5.00867	2.0398598	-9.346964	-4.156334	2.006341	-9.337387	-4.3382936	1.9728222	-9.299079	-4.405331	2.006341	-9.409213	-4.3861775	2.0590134	-9.26556	-4.3287168	2.1499932	-9.275137	-4.3143516	2.2505496	-8.930372	-4.572925	2.1260512	-9.155427	-4.3143516	2.030283	-9.308656	-4.256891	2.0733786	-9.433155	-4.285621	1.910573	-9.528923	-4.2281604	2.0398598	-9.3661175	-4.285621	1.9728222	-9.308656	-4.2904096	2.2697031	-9.442732	-4.3718123	2.1499932	-9.323022	-4.5058875	2.2744915	-9.169792	-4.3718123	2.1021092	-9.375694	-4.4436383
1649840840.071757	1	2.078167	-9.476251	-3.9504328	1.8483237	-9.56723	-3.739743	1.9967642	-9.404425	-4.2185836	2.0638018	-9.792285	-3.323152	2.030283	-9.509769	-4.0557775	2.0207062	-9.56723	-4.074931	1.9967642	-9.385271	-4.098873	2.2888567	-9.610326	-3.5529952	2.0254946	-9.825804	-3.5625722	2.0685902	-9.591172	-3.4763808	2.303222	-9.816227	-3.4524388	2.1883004	-9.706094	-3.4524388	2.0973208	-9.782708	-3.5242648	1.9728222	-9.68694	-3.4093432	2.1452048	-9.696517	-3.347094	2.2170308	-9.768343	-3.3327289	2.1978772	-9.667787	-3.514688	2.0350714	-9.758766	-3.4524388	2.0733786	-9.758766	-3.3566709	2.2026656	-9.753978	-3.394978
1649840882.057848	1	2.303222	-9.572019	-3.7493198	2.1930888	-9.691729	-3.5434184	1.8148049	-9.883265	-2.767697	2.4037786	-9.797073	-3.394978	2.2170308	-10.084377	-2.3080103	1.0534488	-9.3182335	3.6343982	-0.19632454	-9.5385	5.0278234	-0.770933	-10.601525	3.7493198	0.7086837	-7.728483	7.374141	1.3215994	-9.3661175	4.5537715	-2.6767175	-6.0716953	8.738836	-2.4708161	-5.9759274	8.001422	-1.7429788	-6.1100025	7.9822683	2.8778305	-8.781932	3.6870706	0.80445176	-9.457097	0.20590134	-0.8571242	-9.279925	4.414908	-0.31124622	-8.973468	5.243302	-0.05746084	-9.059659	4.9176903	-0.10534488	-9.184157	5.3247046	-1.1923125	-8.159439	6.301539
1649840923.9401617	1	-1.2880806	-7.967903	6.5984197	1.4987702	-9.32781	2.992752	-0.095768064	-9.619903	2.8060043	-1.5131354	-10.180145	1.0965444	-1.8579005	-7.311892	7.603985	-0.6607997	-5.3438582	8.355764	7.029376	-7.1347213	-0.05746084	1.8962077	-11.903971	3.892972	1.0534488	-10.606314	2.5187001	2.801216	-10.577583	2.7724855	5.8705826	-7.97748	3.514688	5.884948	-7.714118	4.6112323	5.616797	-8.700529	2.7485435	5.046977	-8.5473	3.916914	5.511452	-8.408437	3.4476504	5.6120086	-8.298303	3.323152	5.0996494	-7.752425	4.4340615	4.841076	-8.39886	3.892972	5.315128	-8.207323	3.8546648	5.056554	-6.6750345	6.2632318
1649840965.8208573	1	5.109226	-7.101202	5.0134583	4.7070007	-7.905654	5.118803	4.5441947	-8.552089	4.711789	5.439626	-7.632715	4.3957543	4.525041	-8.446744	4.4101195	4.261679	-8.101978	5.046977	3.9025488	-8.073248	5.6551046	3.9600096	-8.863335	3.5913026	4.146757	-8.949526	3.8786068	4.189853	-9.260772	3.5194764	4.5394063	-8.834604	3.7828386	4.596867	-8.695741	3.8307228	4.6782703	-8.78672	3.8307228	4.2999864	-8.772355	3.596091	4.10845	-8.465898	4.4340615	4.1946416	-8.63828	4.630386	4.4436383	-8.087613	5.5162406	4.1371803	-9.409213	3.1364043	3.8642416	-7.9248075	5.8466406	4.146757	-7.73806	5.3342814
1649841007.8068583	1	4.050989	-7.771579	5.947197	4.3766007	-7.422025	5.971139	4.6686935	-7.0245876	5.4444146	4.4005427	-9.141062	5.4300494	4.122815	-9.524135	5.1571107	4.4244847	-6.6415157	6.181829	4.0653543	-7.7667904	6.1243677	3.9983168	-7.1107793	6.2392898	4.429273	-7.1059904	5.4444146	4.3766007	-8.00621	5.923255	4.1132383	-8.532935	4.8985367	4.1706996	-8.90643	4.912902	4.2185836	-8.987833	3.8115692	3.8402996	-8.0445175	4.9416323	3.7732618	-8.485051	4.6926355	3.9791632	-8.504205	4.3287168	-31.948227	-16.673222	10.290278	5.391742	-8.307879	3.41892	-2.906561	-8.350976	-2.585738	0.7374141	-10.333375	-0.7086837
1649841050.609769	1	1.4939818	-3.6870706	7.469909	4.8458643	-8.073248	0.2825158	-1.6711528	-10.529699	1.0821792	-1.9871874	-5.281609	8.7771435	-2.0111294	-4.7165775	8.599973	-3.6152446	-4.7500963	7.967903	1.2593501	-10.280702	1.6424223	1.3742718	-10.103531	2.6671407	1.340753	-10.079589	2.825158	1.3072342	-10.055647	2.7868507	1.3072342	-10.0269165	2.8443117	5.085284	-7.9008656	3.9695864	5.434838	-8.580819	2.9879637	5.0038815	-8.78672	2.8299465	5.1140146	-8.78672	2.873042	5.353435	-8.7292595	2.7581203	4.9655743	-8.599973	2.9113493	4.027047	-3.0023289	8.968679	6.8091097	-6.4308257	4.7500963	5.827487	-7.120356	5.0517654
1649841091.8772168	1	5.583278	-7.216124	5.104438	7.086837	-1.2449849	6.8282633	4.280833	-0.9959879	7.479486	9.744401	-1.9440918	6.8091097	5.746084	-5.6120086	6.789956	6.105214	-7.1873937	3.4715924	5.1523223	-7.819463	4.8219223	4.8937483	-8.652645	-1.3024458	5.765238	-7.824251	4.333505	5.3438582	-7.359776	5.875371	5.497087	-6.411672	6.2249246	5.415684	-6.5505357	6.0764837	5.45878	-7.5704656	5.410896	5.3438582	-7.2831616	4.582502	5.755661	-6.411672	4.4244847	5.353435	-8.571242	3.7062242	4.9416323	-9.294291	3.0597897	5.2002063	-8.192958	3.1268275	5.559336	-7.264008	5.243302	4.9320555	-7.9248075	4.697424
1649841134.372969	1	6.469133	-3.8833952	7.881712	6.4499793	-6.2392898	5.046977	6.6367273	-7.374141	3.7205894	-5.841852	-9.380483	1.7908629	-7.642292	-5.755661	1.8052281	-7.656657	-6.009446	1.6136919	-8.24563	-5.386954	1.4796166	-1.934515	-11.549629	-4.4244847	3.596091	-9.811439	1.2066777	3.5003228	-9.911995	1.2497733	3.5194764	-9.768343	1.3263878	3.4237084	-9.92636	1.3072342	3.3375173	-9.9790325	1.2976574	3.4380736	-9.921572	1.364695	3.5051112	-9.830592	1.8100165	3.3614593	-9.854534	1.6041151	3.41892	-9.983821	1.5131354	3.4332852	-9.873688	1.532289	3.2321723	-9.888053	1.8722657	3.2225955	-9.892841	1.541866
1649841176.7667975	1	3.1986535	-9.902418	1.6424223	3.217807	-9.825804	1.7286136	3.083732	-9.935937	1.8483237	3.3423057	-9.816227	2.054225	3.347094	-9.68694	2.111686	3.4955344	-9.68694	2.0111294	3.691859	-9.758766	1.9967642	4.1802764	-9.68694	1.4652514	3.9360676	-9.950302	1.4269443	4.012682	-9.892841	1.6759412	3.7828386	-9.696517	1.7238252	4.0222588	-9.706094	1.8674773	3.8402996	-9.691729	1.958457	3.8067808	-9.662998	1.7764976	3.8067808	-9.610326	1.8579005	3.8977604	-9.715671	1.8626889	3.5865142	-9.68694	2.0925324	3.0597897	-9.715671	2.5378537	3.5051112	-9.610326	2.5187001	3.4332852	-9.586384	2.6862943
1649841218.6470246	1	3.3997664	-9.672575	2.6384103	3.5290532	-9.68694	2.7246015	3.5625722	-9.562442	2.7724855	3.4620156	-9.504981	2.8682537	3.442862	-9.56723	2.8203697	3.490746	-9.41879	2.791639	3.3135753	-9.68694	2.7629087	3.5290532	-9.524135	2.7724855	3.5194764	-9.461885	2.6671407	3.6104562	-9.639056	2.8060043	3.5625722	-9.495404	2.8299465	3.3806129	-9.557653	2.8060043	3.0933087	-9.80665	2.96881	3.1747115	-9.481039	2.8874073	3.3279405	-9.576807	3.0214825	3.2752678	-9.581595	3.2465374	3.1507695	-9.552865	3.0119057	3.3806129	-9.548077	2.9592333	3.2034419	-9.495404	2.9400797	3.3375173	-9.557653	3.0358477
1649841260.1207983	1	3.3423057	-9.500193	3.1747115	3.3039982	-9.514558	3.122039	3.3423057	-9.543288	3.040636	3.2513258	-9.634268	3.1411927	3.2465374	-9.543288	3.2034419	3.2848446	-9.500193	3.0262709	3.2273839	-9.514558	2.9783869	3.3183637	-9.557653	2.9783869	3.3375173	-9.528923	3.0597897	3.2609026	-9.600749	3.169923	3.3614593	-9.557653	2.9161377	3.2944214	-9.543288	3.1268275	3.241749	-9.466674	3.1268275	3.1747115	-8.719683	5.2863975	3.2321723	-8.647857	4.951209	3.3135753	-8.643068	4.984728	3.1890767	-8.643068	5.185841	3.098097	-8.690952	5.1140146	1.5658079	3.572149	7.6614456	2.3223755	5.2385135	7.40766
