1650955967.819777	1	1.6232687	1.7429788	9.629479	2.882619	-1.2689269	8.987833	7.455544	-7.3789296	4.4963107	-1.0055647	-6.14831	6.646304	3.2800562	-9.404425	-0.023942016	2.8443117	-9.581595	-0.78529817	3.0454245	-9.548077	-0.78050977	3.0214825	-9.433155	-0.7086837	2.7581203	-9.576807	-0.9959879	2.896984	-9.677363	-0.4357447	3.0933087	-9.600749	-0.6560113	3.1794999	-9.5385	-0.5650316	3.107674	-9.629479	-0.6607997	2.954445	-9.677363	-0.7326257	1.6232687	-13.024457	0.20590134	3.9552212	-5.21936	4.060566
1650955978.5892434	1	4.6686935	-8.6334915	2.255338	4.5777135	-8.767567	2.1930888	4.644751	-8.7532015	2.135628	4.6591167	-8.772355	2.3989902	4.4436383	-8.78672	2.0398598	4.390966	-8.834604	2.2170308	4.7548847	-8.700529	2.111686	4.644751	-8.834604	1.6663644	4.975151	-8.805874	1.7621324	4.6016555	-8.925584	1.9728222	4.6160207	-8.6813755	1.934515	4.6160207	-8.834604	2.0350714	4.486734	-8.863335	2.006341	4.486734	-8.7532015	2.0973208	4.654328	-8.7532015	2.15957	4.5920787	-8.901642	2.078167
1650955990.3078587	1	4.5537715	-8.805874	1.9680338	4.654328	-8.686164	2.1930888	4.5681367	-8.6574335	2.2122424	5.616797	-9.907207	2.7724855	3.7588966	5.0374002	7.843405	12.334928	0.9576807	-0.320823	9.911995	0.7230489	2.858677	9.351752	0.4357447	3.1411927	9.375694	-0.18674773	2.681506	9.270349	1.5131354	2.8682537	6.1770406	1.8387469	3.145981	2.954445	-9.083601	4.4675803	2.9161377	-8.178593	4.654328	3.1364043	-8.192958	4.8602295	3.145981	-8.025364	5.00867	3.1316159	-8.240842	4.8841715
1650956001.2401996	1	3.2273839	-8.408437	4.8506527	3.1268275	-8.298303	4.9224787	3.1268275	-8.336611	4.8362875	3.1124623	-8.312668	4.8506527	3.1794999	-8.389283	4.8123455	3.2130187	-8.240842	4.8506527	3.064578	-8.413225	4.7788267	3.1268275	-8.303091	4.783615	3.1747115	-8.255207	4.8219223	3.1747115	-8.274361	4.7070007	3.1651347	-8.130709	4.7405195	3.1890767	-8.355764	4.841076	3.0310593	-8.24563	4.5058875	3.0502129	-8.336611	4.711789	3.1555579	-8.341399	4.8123455	3.1316159	-8.283937	4.644751
1650956012.3025055	1	3.1028855	-8.312668	4.745308	3.1890767	-8.298303	4.7309427	3.2609026	-8.231265	4.8219223	3.016694	-8.240842	4.8602295	3.1842883	-8.255207	4.7644615	3.2034419	-8.283937	4.8602295	3.2609026	-8.24563	4.9176903	3.1555579	-8.207323	4.88896	3.2034419	-8.283937	4.8219223	3.2273839	-8.221688	4.841076	3.1364043	-8.24563	4.8123455	3.2848446	-8.2169	4.7979803	3.3183637	-8.317456	4.8458643	3.2848446	-8.121132	5.109226	3.2752678	-8.154651	4.8602295	3.4380736	-8.1163435	4.817134
1650956023.705841	1	1.460463	-6.172252	7.881712	1.6567876	-6.469133	7.5800424	1.4460979	-6.5457473	7.6375036	1.3934253	-6.6415157	7.513005	1.5131354	-6.6893997	7.383718	1.5993267	-6.6415157	7.4028716	1.6424223	-7.015011	7.0485296	1.532289	-7.393295	7.4363904	2.0015526	-1.8291701	8.0684595	2.5378537	-6.9958572	6.703765	2.2649148	-7.7667904	5.9184666	3.5673606	-7.747637	6.847417	4.5681367	-7.3645644	7.61835	3.4955344	-6.0238113	6.7803793	7.40766	-9.682152	4.721366	5.3582234	-8.058883	3.371036
1650956035.1990488	1	3.3327289	-5.60722	5.6646814	1.3455414	-4.223372	8.6574335	1.3838485	-4.175488	8.781932	1.4030021	-2.5378537	10.012551	3.217807	-4.793192	6.339846	3.064578	-3.0454245	9.150639	2.4516625	-3.4284968	11.027693	3.5482068	-2.777274	8.686164	3.6774938	-5.449203	8.561666	6.38773	4.19943	3.845088	10.271125	-0.1340753	3.5338416	10.28549	-1.9632454	2.719813	9.500193	1.5035586	3.8355112	8.413225	5.1810527	4.0701427	8.42759	-0.49799395	4.1036615	5.2002063	-10.764331	7.5465236
1650956046.083643	1	4.5298295	-8.355764	3.4763808	4.644751	-8.42759	3.442862	4.596867	-8.379706	3.347094	4.5058875	-8.336611	3.3901896	4.232949	-10.510546	0.46447513	3.7014358	-9.303867	1.8866309	1.5753847	-7.7189064	-0.79487497	-10.34774	-2.9735985	1.7525556	-7.714118	-3.6343982	4.8362875	-1.1540052	-3.0262709	5.683835	6.421249	-3.6966474	2.528277	0.56982	-8.944737	5.12838	1.3934253	-9.279925	4.084508	0.9624691	-6.3111157	7.6470804	0.2633622	-6.6510925	7.905654	0.60812724	-6.435614	7.1107793
1650956057.6068668	1	0.5267244	-6.8665705	7.441179	1.067814	-10.5680065	5.449203	0.22984336	-6.5361705	7.6710224	0.11971009	-6.6271505	7.5082164	0.34955344	-6.7564373	7.704541	0.21547815	-6.981492	7.302315	0.11971009	-6.83784	7.216124	0.16759412	-7.5465236	6.9767036	-0.033518825	-7.6853876	6.3063273	0.30166942	-8.298303	5.78918	0.16280572	-6.0621185	7.7572136	0.15322891	-7.398083	6.679823	0.16280572	-7.627927	6.7803793	0.40701428	-7.273585	6.6079965	0.22505496	-7.560889	6.603208	0.16759412	-7.503428	6.8282633
1650956068.6083543	1	0.31124622	-7.704541	6.6415157	0.12928689	-8.269572	6.5601125	0.22505496	-6.9479733	7.350199	0.22026655	-6.991069	6.8043213	0.29688102	-8.020576	5.947197	0.23942018	-7.7811556	6.631939	0.2681506	-8.1642275	5.7269306	0.51714754	-8.494628	5.185841	0.40222588	-9.14585	5.267244	0.272939	-8.298303	4.999093	0.34476504	-7.067683	6.8522053	0.2633622	-7.771579	6.291962	0.36870706	-7.7907324	6.066907	0.22505496	-7.513005	6.277597	0.20111294	-7.9391727	6.066907	0.3878607	-7.9966335	5.8322754
1650956080.0540123	1	0.4357447	-8.001422	5.9184666	0.4357447	-8.183381	5.995081	0.33518824	-8.054094	5.9902925	0.4261679	-8.288726	5.7748146	0.320823	-8.030152	6.0525417	0.36391866	-8.250419	5.9902925	0.45010993	-8.0684595	5.8801594	0.56982	-8.154651	5.8226986	0.4405331	-8.240842	5.7843914	0.5746084	-8.135497	6.0046577	0.45489833	-8.169016	6.0621185	0.5363012	-8.058883	5.9184666	0.41180268	-8.020576	5.8705826	0.37828386	-8.279149	5.9519854	0.37828386	-8.09719	5.9424086	0.34476504	-7.541735	6.2345014
1650956091.0203176	1	0.4405331	-7.6135616	6.2584434	0.25378537	-7.7189064	6.6750345	0.18674773	-7.6135616	6.339846	5.1523223	-45.85854	30.147787	0.2777274	-5.267244	8.513782	0.17238252	-5.4204726	8.312668	0.009576807	-5.717354	8.542512	0.15322891	-5.0134583	8.523358	0.076614454	-5.305551	8.288726	0.32561144	-7.1873937	6.871359	-2.944868	-8.350976	-0.076614454	-0.29688102	-8.939949	1.3120226	-2.0015526	-7.953538	4.582502	-2.4516625	-9.14585	2.882619	-7.7667904	-1.9153614	8.422802	-16.49126	4.9559975	7.019799
1650956102.461086	1	-9.222465	-3.4763808	1.5275006	-5.5641246	-8.743625	-1.3359646	-6.9383965	2.6910827	4.9320555	-8.0684595	0.79487497	4.7500963	-9.414001	-1.5131354	6.2009826	-8.580819	-8.207323	2.7246015	-5.0757074	-10.769119	1.7286136	1.7956513	-8.240842	-1.8962077	-2.4372973	-9.730036	1.9057846	3.1364043	-5.185841	4.3766007	-3.5577838	-0.2873042	7.0581064	-7.1059904	-0.05746084	6.919243	-6.3781533	0.22984336	6.6079965	-6.95755	5.7748146	10.773908	-7.943961	0.24899697	6.9000893	-3.9217024	3.6535518	10.309433
1650956113.500995	1	-4.012682	-7.824251	4.1371803	-3.5051112	-8.513782	3.7972038	-3.7780502	-7.7428484	4.9224787	-4.4484267	-3.3183637	12.473791	-4.7165775	-5.913678	6.4164605	-6.2632318	-2.3175871	12.167333	-10.414778	-0.93373865	5.233725	-11.765107	-0.3878607	4.003105	-8.887277	-0.22505496	3.5817258	-9.433155	-0.16759412	0.94810385	-7.690176	-3.7828386	2.432509	-8.6813755	-4.280833	0.93373865	16.539145	24.708162	-6.3542113	-6.751649	-7.489063	-1.1875241	0.9768343	-13.64695	2.7485435	3.5434184	-10.424355	4.630386
1650956124.974429	1	1.8626889	-5.391742	-0.36870706	-9.284714	-1.4700398	-1.8722657	-10.0029745	-1.1683705	0.91458505	-10.266336	-1.4413095	-1.2737153	-9.576807	-4.271256	-0.6751649	-8.848969	-3.241749	0.92895025	-10.409989	-0.18195933	0.21068975	-8.303091	-5.8562174	2.3989902	-9.744401	-0.7326257	0.62728083	-9.131485	-3.4524388	0.90021986	-8.983045	-2.815581	5.0278234	-4.0462008	-8.101978	-3.490746	-3.8402996	-6.435614	6.9240313	-3.9217024	-6.229713	1.685518	-2.327164	-12.325351	5.865794	0.9911995	-1.163582	8.451532
1650956135.8734057	1	0.51235914	-11.568783	-4.9799395	-0.545878	-8.173804	2.9257145	2.2601264	-12.138602	-1.2689269	1.9153614	-9.457097	-2.5905263	0.08619126	-9.753978	-0.07182605	0.40701428	-12.933477	-5.511452	4.146757	-6.066907	-6.2823853	5.60722	-4.5920787	-5.4779334	4.644751	-6.483498	-3.1747115	4.1371803	-9.279925	-1.2401965	4.984728	-8.743625	0.29688102	4.8506527	-8.973468	1.0390835	4.9703627	-9.169792	0.82360536	4.9224787	-8.710106	0.842759	5.3247046	-8.327033	1.0007763	4.8267107	-8.78672	0.25857377
1650956147.397659	1	4.9799395	-9.11712	-0.05267244	4.912902	-9.011775	0.89064306	5.133168	-8.78672	0.019153614	5.2049947	-8.892065	0.78050977	5.12838	-8.939949	0.7374141	5.2768207	-8.441956	0.78529817	5.0900726	-8.848969	0.9816227	5.559336	-9.097966	0.7038953	4.7500963	-9.222465	-0.17238252	5.3678	-9.131485	-1.8866309	5.1140146	-8.810662	0.04309563	5.410896	-8.853758	0.3878607	5.401319	-8.662222	-0.12928689	5.535394	-9.184157	-1.0821792	5.631162	-8.145074	-0.08619126	4.912902	-10.7116585	-4.783615
1650956158.3831923	1	-3.107674	-9.610326	-2.3942018	-0.6847417	-7.0245876	6.5601125	-0.92895025	-8.1402855	4.003105	-2.5570073	-9.811439	0.25378537	-2.4372973	-9.720459	0.18195933	0.033518825	-9.629479	5.6646814	4.7548847	-10.338163	3.8977604	2.858677	-4.0940847	6.775591	1.7860745	-2.4947581	12.871228	2.231396	-1.541866	8.513782	-0.6655881	-5.2145715	9.892841	5.3247046	-6.679823	7.627927	2.255338	-3.3327289	8.825027	2.111686	-2.3942018	10.012551	4.7261543	-0.2681506	8.6574335	5.1810527	-5.741296	3.667917
1650956169.8541596	1	4.855441	-7.3406224	-5.0757074	4.8267107	-8.1402855	-1.8052281	5.209783	-8.580819	-1.8674773	5.497087	-8.619126	-1.3790601	5.291186	-8.025364	-1.7860745	5.5880666	-8.2169	-2.0590134	5.33907	-8.834604	-1.7956513	5.410896	-8.255207	-0.32561144	5.473145	-8.599973	-0.45968673	5.3247046	-8.408437	-0.17238252	5.080496	-9.260772	0.18674773	5.046977	-9.097966	-6.1530986	4.6399627	-7.5704656	2.7724855	5.3103395	-7.005434	3.083732	5.056554	-4.783615	7.513005	5.0421886	-7.489063	6.9958572
1650956180.8358712	1	4.477157	-4.903325	9.097966	3.6822822	-8.714894	9.346964	5.482722	-4.5537715	6.7851677	5.674258	-6.349423	9.246407	5.3582234	-2.6144683	4.050989	5.2241483	-3.821146	2.777274	5.080496	-4.256891	4.4675803	5.3486466	-4.146757	4.3478703	5.3486466	-5.386954	3.442862	3.9025488	-4.3047748	10.673351	5.118803	-4.4819455	7.5465236	2.7820623	-4.390966	11.530476	2.777274	-4.9320555	12.243947	5.3103395	-3.9839516	6.5840545	5.4061074	-3.4093432	0.4309563	4.5872903	-4.19943	4.156334
1650956192.0723422	1	4.5202527	-3.763685	9.662998	5.0038815	-4.1419687	7.129933	3.4332852	-5.0182467	6.5218053	1.4221559	-4.687847	12.004527	2.4516625	-4.6160207	8.537724	6.0764837	-5.425261	4.9895163	5.032612	-5.434838	6.253655	4.984728	-5.947197	6.5265937	3.2992098	-6.4739213	11.21444	3.5434184	-4.7788267	3.8738184	3.0310593	-3.5529952	6.9240313	2.6479871	-3.2082303	8.7771435	2.9735985	-1.1444284	13.005303	1.8435353	-9.260772	6.6893997	4.2281604	-4.4244847	6.3829417	3.4045548	-6.8522053	12.684481
1650956203.4673543	1	4.209007	-5.1235914	7.359776	3.6152446	-4.247314	8.662222	2.7389667	-7.4507556	5.109226	3.0885203	-5.7987566	3.8067808	3.2130187	-7.067683	8.437167	3.064578	-3.6152446	8.087613	3.1268275	-2.4899697	9.677363	-0.41180268	-6.4547677	9.849746	4.9081135	-8.331821	2.303222	2.3750482	-7.8050976	7.7189064	6.4882865	-8.025364	3.6535518	5.9998693	-8.322245	0.7661445	4.429273	-6.8426285	2.3750482	0.7086837	-8.528147	13.64695	3.715801	-5.947197	8.054094	6.5984197	-8.1642275	1.4891934
1650956214.4764664	1	3.3423057	-7.5321584	6.009446	7.3885064	-7.675811	1.0055647	3.7110126	-6.7564373	3.2465374	0.47405192	-5.7269306	10.936713	3.1555579	-10.323798	3.8498764	6.5936313	-7.8050976	1.8387469	3.8402996	-6.50744	3.5529952	0.8283938	-6.009446	11.865664	3.7684734	-5.0900726	3.821146	2.6048915	-3.3614593	9.217676	1.4556746	-4.8602295	9.811439	3.6056678	-6.143522	6.019023	1.9967642	-3.074155	8.379706	6.445191	-6.7468605	3.5625722	3.667917	-6.7324953	3.4237084	3.4811692	-9.821015	-1.9297266
1650956225.6694274	1	4.6926355	-9.212888	2.9161377	3.122039	-9.26556	2.4420857	2.8778305	-9.691729	-0.6751649	3.4859576	-9.696517	-1.1875241	3.074155	-9.251195	-0.9624691	3.5577838	-9.56723	-1.2210429	4.261679	-9.097966	-0.842759	3.514688	-9.509769	-0.91458505	5.410896	-9.002198	-0.33039984	5.3965306	-9.653421	-0.272939	6.622362	-10.577583	2.0159178	4.855441	-6.7229185	2.6767175	3.0693667	-10.160992	-0.38307226	3.940856	-8.1402855	-2.5378537	4.620809	-8.619126	-2.0925324	4.879383	-8.805874	-2.1404164
1650956237.6883874	1	5.3965306	-10.749966	2.0829554	4.5298295	-6.5361705	1.0342951	2.2457612	-10.184934	1.7525556	2.7581203	-8.09719	0.7086837	2.27928	-9.385271	0.81402856	2.2457612	-9.605537	1.0295067	2.834735	-9.653421	0.79487497	2.743755	-9.753978	0.7374141	5.3965306	-17.860744	0.22505496	3.0023289	-1.6807296	8.825027	6.5265937	-3.2034419	5.813122	7.603985	-5.1571107	6.0716953	5.2241483	-8.949526	0.2777274	3.845088	-6.6989765	6.895301	4.2999864	-9.390059	-1.2354081	5.535394	-7.264008	-2.1691468
1650956248.628062	1	3.6487634	-9.390059	4.4005427	4.8841715	-8.192958	2.9831753	2.4851813	-8.911219	5.3438582	-9.476251	-13.560759	-0.8762778	1.6759412	-7.350199	5.046977	-9.208099	-11.84651	5.1906295	-12.076353	-15.1696615	0.7182605	14.020445	-4.3957543	0.18674773	24.71295	-8.916007	-0.9864111	2.9879637	-5.9041014	3.1507695	3.6822822	-6.9048777	3.1316159	-1.1444284	-2.96881	8.772355	0.1388637	-7.345411	7.297527	-3.3758245	-6.981492	6.445191	-3.5529952	-6.8809357	6.2249246	1.7046716	-10.433931	3.4572272
1650956259.40649	1	-21.399374	11.951855	10.6398325	4.453215	-7.383718	-1.8962077	1.6998832	-5.2863975	2.4612393	8.461109	-15.164873	-2.873042	4.807557	-4.390966	-0.25378537	4.256891	-8.298303	1.4700398	4.855441	-10.5919485	1.0630256	4.256891	-7.929596	1.9009962	-1.6089035	-6.555324	-1.8148049	-11.956643	7.675811	-2.5474305	4.1180267	-13.062764	11.252748	-0.14844051	-9.993398	2.5330653	0.41180268	-9.155427	5.209783	2.1883004	-9.184157	3.1794999	1.958457	-9.586384	2.6288335	2.3750482	-9.490616	2.4995465
1650956271.1013937	1	1.6232687	-4.453215	9.232041	11.118672	-11.080365	-2.7341783	2.1452048	-7.4124484	-2.4037786	-0.15322891	-10.328587	3.1268275	2.4995465	-9.672575	-1.2545617	2.7724855	-10.850522	5.511452	2.5330653	-7.1490865	-1.0726024	2.0207062	-7.589619	-5.6646814	28.807035	-10.960655	-8.968679	-0.33518824	-5.401319	4.3287168	1.3790601	-10.769119	0.91937345	2.0015526	-5.257667	6.6079965	1.4700398	-6.603208	3.9217024	-0.45010993	-10.520123	-4.3047748	0.5315128	-10.7356	-2.4181437	3.7588966	-17.118542	-6.612785
1650956282.0764077	1	0.2633622	-10.151415	-1.0199299	-0.25857377	-12.143391	-1.1540052	2.8874073	-9.749189	-0.1436521	0.8810662	-9.021352	4.2425256	4.6255975	-6.129156	12.6461735	-6.1100025	-2.231396	4.9224787	-5.5641246	-5.3438582	3.1747115	5.9807158	-9.433155	-0.05267244	8.499416	-4.0318356	1.9632454	8.24563	-5.1666875	1.6998832	7.326257	-7.1107793	2.006341	5.3678	-5.9663506	1.0055647	-3.940856	-7.335834	5.1523223	-3.9025488	-7.7667904	4.999093	-4.0414124	-7.5848308	5.4444146	-4.5298295	-7.61835	5.0996494
1650956293.091105	1	-0.9720459	-11.688493	2.7246015	-0.45010993	-8.336611	2.2361844	2.719813	-9.519346	4.0797195	1.8818425	-10.089166	2.3463178	3.0214825	-10.998962	-0.80445176	3.8786068	-8.973468	2.3558946	2.8682537	-10.989386	1.2880806	5.046977	-5.45878	5.93762	3.6535518	-8.887277	3.7014358	4.76925	-9.466674	-1.2785037	5.93762	-7.723695	-2.6623523	3.8067808	-9.600749	4.309563	2.5713725	-8.475474	3.1986535	2.4756045	-9.332599	2.9400797	2.2697031	-9.437943	2.72939	2.207454	-9.500193	2.7581203
1650956304.5124364	1	2.4133554	-9.528923	2.4133554	2.1164744	-9.457097	2.1452048	4.3143516	-10.429143	3.1747115	9.069236	-2.3654714	5.257667	8.743625	-2.8395233	5.161899	4.098873	-9.3421755	5.2624555	1.2354081	-6.4260373	7.5704656	1.4556746	-6.301539	7.9487495	3.7780502	-7.192182	6.3350577	2.2505496	-9.878476	0.8523358	6.5026517	-8.212111	-4.3382936	5.4922986	-8.111555	1.292869	1.091756	-10.34774	-4.606444	3.265691	-10.237606	1.2593501	3.5769374	-9.131485	2.8060043	0.78529817	-7.2592196	7.101202
1650956315.9424632	1	-0.9911995	-6.3781533	1.1252748	0.4261679	-9.44752	3.0933087	2.3989902	-10.01734	2.4277205	2.9592333	-8.968679	4.2904096	4.6016555	-8.647857	-2.6192567	3.572149	-8.599973	-3.4572272	4.0940847	-8.513782	3.7541082	3.7205894	-11.822568	1.3551182	0.8619126	-5.6359506	6.4404025	0.15322891	-2.303222	9.222465	-0.32561144	-2.4995465	9.739613	-0.3878607	-2.6527755	9.653421	-0.22505496	-2.6192567	9.495404	-0.22026655	-2.992752	9.677363	-0.37828386	-2.8491	9.648633	-0.31603462	-2.801216	9.528923
1650956326.9397447	1	-0.2633622	-2.8634653	9.653421	-0.36391866	-2.920926	9.528923	-0.44532153	-2.8778305	9.495404	-0.4405331	-3.064578	9.643845	-0.39743748	-2.7341783	9.548077	-0.48362875	-2.96881	9.44752	-0.45010993	-2.9017725	9.557653	-0.30166942	-3.0597897	9.557653	-0.2633622	-2.9735985	9.394848	-0.59376204	-2.2170308	10.596737	5.1906295	-7.3549876	-3.98874	-2.255338	0.8619126	7.5321584	0.38307226	-4.429273	9.112331	0.25857377	-4.0557775	9.165004	0.4213795	-4.4819455	8.896853	0.34476504	-4.3766007	9.246407
1650956338.354207	1	0.24420857	-3.9025488	9.270349	0.2777274	-3.9600096	9.308656	0.21068975	-3.9743748	9.193734	0.25857377	-3.8977604	9.212888	0.23463176	-3.8546648	9.184157	0.22026655	-3.9360676	9.188946	0.3878607	-3.892972	9.251195	0.22026655	-3.8402996	9.255983	0.25857377	-3.9264908	9.165004	0.25857377	-3.8786068	9.208099	0.16759412	-3.9600096	9.260772	0.17717093	-3.98874	9.102755	0.18195933	-3.940856	9.294291	0.18674773	-3.8786068	9.279925	0.17717093	-3.8259344	9.217676	0.29688102	-3.8115692	9.313444
1650956349.410563	1	0.22984336	-3.8498764	9.232041	0.29209262	-3.7828386	9.198523	0.25857377	-3.7972038	9.323022	0.18195933	-3.8738184	9.251195	0.25857377	-3.8498764	9.308656	0.2825158	-3.8019924	9.193734	0.17238252	-3.8163576	9.351752	0.21068975	-3.8546648	9.208099	0.22026655	-3.8402996	9.428367	0.16759412	-3.9025488	9.308656	0.24420857	-3.8067808	9.279925	0.23942018	-3.8546648	9.308656	0.23463176	-3.8259344	9.332599	0.1436521	-3.8642416	9.270349	0.23463176	-3.8259344	9.375694	0.20590134	-3.7732618	9.409213
1650956360.8752053	1	0.29209262	-3.8355112	9.3182335	0.22026655	-3.8115692	9.323022	0.272939	-3.9121256	9.308656	0.30166942	-3.821146	9.294291	0.19153613	-3.8642416	9.184157	0.2825158	-3.8498764	9.26556	0.22984336	-3.892972	9.255983	0.25857377	-3.8259344	9.375694	0.22026655	-3.8738184	9.308656	0.23942018	-3.8019924	9.212888	0.25378537	-3.6774938	9.141062	0.1436521	-3.8594532	9.332599	0.23942018	-3.8115692	9.361329	0.18674773	-3.7732618	9.313444	0.23463176	-3.86903	9.279925	0.18674773	-3.9217024	9.3661175
1650956371.855556	1	0.1388637	-3.8259344	9.414001	0.17717093	-3.7924154	9.294291	0.1436521	-3.892972	9.232041	0.14844051	-3.7301662	9.217676	0.32561144	-3.8115692	9.299079	0.30166942	-3.8259344	9.299079	0.2681506	-3.8498764	9.165004	0.22026655	-3.6727054	9.26556	0.29209262	-3.6870706	9.299079	0.23942018	-3.763685	9.222465	0.22026655	-3.7732618	9.346964	0.1388637	-3.6583402	9.279925	0.30166942	-3.6535518	9.3421755	0.22505496	-3.7349546	9.3661175	0.1340753	-3.643975	9.32781	0.19153613	-3.7253778	9.308656
1650956383.2594602	1	0.33039984	-3.691859	9.361329	0.15801731	-3.6152446	9.452309	0.22984336	-3.7924154	9.255983	0.22026655	-3.6822822	9.299079	0.21068975	-3.739743	9.337387	0.22505496	-3.6822822	9.23683	0.17238252	-3.7014358	9.323022	0.18674773	-3.6296098	9.3421755	0.23942018	-3.6248214	9.3421755	0.17238252	-3.7349546	9.428367	0.21547815	-3.7732618	9.26556	0.21068975	-3.6774938	9.385271	0.2633622	-3.7253778	9.414001	0.17238252	-3.6822822	9.471462	0.36870706	-3.643975	9.346964	0.14844051	-3.7493198	9.361329
1650956394.2975173	1	1.8291701	-5.1571107	7.2065473	3.9552212	-7.2831616	2.657564	4.280833	-5.410896	9.457097	3.514688	-10.31901	-0.37349546	4.6351743	-9.868899	-3.1747115	3.1124623	-4.6926355	8.418014	2.5474305	-2.1547816	9.452309	2.9975405	-2.7964275	9.591172	2.2218192	-0.79008657	9.428367	1.3263878	-8.264784	7.0964136	1.4748282	-10.515334	-1.9297266	4.1659107	-8.259995	-0.58418524	4.429273	-9.744401	2.8395233	1.8100165	-10.304645	3.5051112	2.4516625	-10.333375	-1.1875241	3.9695864	-8.37013	-0.62249243
1650956405.724049	1	-0.34955344	-6.588843	4.1706996	-9.428367	-1.3551182	0.05746084	-3.8402996	-2.920926	0.94331545	4.5681367	-2.2266076	3.4524388	4.175488	-10.682928	1.5945383	2.0446482	-10.0269165	1.2401965	2.6048915	-9.624691	1.661576	2.3558946	-8.925584	1.2162545	2.552219	-9.543288	1.292869	2.4612393	-9.706094	1.0390835	2.4708161	-9.634268	0.92416185	2.5474305	-9.639056	1.2018893	2.5713725	-9.682152	1.0773908	2.4756045	-9.720459	1.2018893	2.5091233	-10.01734	0.9864111	2.72939	-9.667787	0.9528923
1650956416.7007723	1	2.4612393	-9.753978	1.1109096	2.4851813	-9.9790325	1.1923125	2.633622	-9.682152	1.1540052	2.5474305	-9.763555	1.1061212	2.3127987	-9.562442	1.0726024	2.1691468	-7.019799	-0.90979666	1.8100165	-9.878476	1.2737153	1.9009962	-9.792285	1.0103531	2.030283	-9.878476	1.091756	2.231396	-9.758766	1.2018893	1.9297266	-9.892841	1.1540052	2.1021092	-9.825804	0.9911995	2.5713725	-9.77792	1.0103531	2.2122424	-9.619903	1.2401965	2.1404164	-10.223241	0.78529817	2.255338	-9.725247	0.8571242
1650956428.170405	1	2.1021092	-9.811439	0.9528923	1.757344	-10.036493	0.5506664	2.1404164	-9.773131	0.8523358	1.9440918	-9.648633	0.89543146	1.9201498	-9.696517	0.8379706	2.078167	-10.0748005	0.94810385	1.9393034	-9.749189	0.9528923	1.9153614	-9.720459	0.9576807	2.1547816	-9.639056	0.89064306	2.078167	-9.811439	0.7374141	1.9728222	-9.682152	0.89064306	1.9009962	-10.170568	0.842759	2.1308396	-9.816227	0.9576807	2.255338	-9.888053	0.7517793	2.3415294	-9.682152	1.1109096	1.9871874	-10.151415	1.13964
1650956439.1922228	1	2.231396	-9.380483	1.3503298	2.0590134	-9.730036	1.0247183	2.1260512	-9.753978	1.292869	2.4037786	-9.744401	0.842759	1.6232687	-9.878476	1.1252748	2.0494366	-9.787497	0.9576807	1.8195933	-9.662998	1.1109096	2.1308396	-10.1226845	1.1061212	1.6903064	-9.753978	0.78050977	2.0446482	-9.749189	0.842759	2.078167	-9.892841	0.9720459	1.9680338	-9.821015	0.94810385	1.9776106	-9.77792	0.9624691	1.8866309	-9.739613	0.91458505	2.0446482	-9.840169	0.8619126	1.958457	-9.811439	0.93373865
1650956450.6539748	1	1.9680338	-9.873688	0.9768343	1.9440918	-9.801862	0.93852705	1.958457	-9.706094	0.93852705	1.8866309	-9.883265	0.8762778	2.0159178	-9.873688	0.89543146	2.183512	-9.591172	1.0007763	1.8914193	-9.864111	0.6943185	1.9393034	-9.811439	0.641646	2.0398598	-9.868899	0.7326257	1.9488802	-9.849746	0.6607997	2.0159178	-9.801862	0.7326257	1.958457	-9.959879	0.6703765	1.8483237	-9.768343	1.1540052	1.8770541	-9.931149	0.91937345	1.3838485	-9.868899	0.5602432	1.9297266	-9.682152	0.9911995
1650956461.6241355	1	1.6424223	-9.667787	0.8331822	1.9057846	-9.9790325	0.8571242	2.0159178	-9.782708	1.091756	2.0973208	-9.864111	0.90500826	1.9488802	-9.787497	0.90979666	1.7046716	-9.983821	0.7374141	1.934515	-9.720459	1.043872	1.6759412	-9.524135	0.866701	1.8579005	-9.811439	0.7278373	2.1164744	-9.773131	0.9864111	2.336741	-9.624691	1.1348516	1.9728222	-9.682152	1.4796166	2.1260512	-9.849746	1.2641385	2.0494366	-9.370906	1.2689269	2.0254946	-9.5385	1.6711528	2.0685902	-9.864111	1.8770541
1650956473.1027305	1	2.1883004	-9.653421	0.7661445	2.906561	-9.734824	0.7661445	1.9057846	-9.495404	0.22505496	2.0159178	-9.892841	-0.15801731	1.7190368	-9.935937	0.05267244	2.5091233	-9.662998	-0.39264908	0.9672575	-10.228029	0.5315128	1.8674773	-9.763555	0.33518824	1.283292	-10.160992	0.16280572	2.2170308	-9.964667	0.023942016	1.7717092	-9.65821	0.40222588	1.9201498	-9.821015	0.19632454	1.436521	-9.744401	0.05267244	1.6280571	-9.9790325	0.29209262	0.5793968	-9.77792	1.2641385	1.115698	-9.811439	0.58418524
1650956484.034793	1	1.6232687	-9.782708	0.9816227	1.6089035	-9.730036	1.5897499	1.685518	-9.821015	0.9576807	1.6998832	-10.055647	0.7374141	1.6328455	-9.80665	0.7086837	1.7860745	-9.883265	0.78050977	1.6280571	-9.993398	0.33997664	1.3599066	-9.892841	0.17717093	1.7286136	-9.682152	0.33518824	1.757344	-9.720459	-0.10055647	1.4748282	-9.844957	-0.47884035	1.3551182	-9.873688	-0.5315128	1.5849615	-9.888053	-0.41180268	1.4269443	-9.921572	-0.16759412	1.7621324	-9.892841	-0.25378537	1.541866	-9.89763	-0.038307227
1650956495.4991198	1	2.9735985	-9.725247	-0.8858546	1.6567876	-6.8809357	3.5194764	2.3080103	-10.228029	0.9720459	1.6232687	-9.753978	1.2210429	1.9153614	-9.878476	0.8523358	1.436521	-9.969456	1.0103531	1.7956513	-9.758766	1.1587936	1.7381904	-9.931149	1.1204864	1.8962077	-9.921572	0.20590134	2.1739352	-9.677363	0.78529817	1.8148049	-9.859323	0.5793968	1.0151415	-9.801862	1.0103531	2.3415294	-9.859323	0.7374141	1.5370775	-9.787497	0.9576807	1.7764976	-10.266336	0.7182605	1.7046716	-9.758766	0.8571242
1650956506.492912	1	1.6184803	-9.878476	1.0773908	1.7046716	-9.854534	0.94810385	1.6903064	-9.821015	1.13964	1.6041151	-9.921572	0.90979666	1.733402	-9.830592	0.7374141	1.6903064	-9.859323	0.866701	1.7429788	-9.849746	0.79487497	1.5993267	-9.825804	0.90979666	1.6184803	-9.892841	0.8571242	1.6567876	-9.878476	0.8858546	1.5801731	-9.883265	0.7182605	1.6089035	-9.921572	0.7757214	1.6663644	-9.854534	0.7517793	1.7286136	-9.907207	0.89064306	1.6424223	-9.950302	0.8619126	1.7381904	-9.854534	0.866701
1650956517.9585187	1	1.5227122	-9.940725	0.7661445	1.5131354	-9.974244	0.7517793	1.4556746	-9.916783	0.7469909	1.5945383	-9.821015	0.8475474	1.5753847	-9.859323	0.770933	1.6232687	-9.911995	0.7326257	1.5705963	-9.878476	0.8619126	1.8100165	-9.830592	0.9528923	1.3072342	-9.825804	1.1204864	1.685518	-9.840169	1.3455414	1.4939818	-9.916783	1.2880806	1.5993267	-9.9550905	1.0965444	1.5705963	-9.797073	1.1061212	2.1308396	-9.854534	0.59376204	1.8914193	-9.816227	1.0247183	3.596091	-9.993398	0.320823
1650956529.4548624	1	3.620033	-9.677363	-0.3878607	2.2840683	-9.964667	-0.25857377	2.1883004	-9.883265	-0.0047884034	2.0159178	-9.849746	0.11492168	2.2361844	-9.768343	0.110133275	2.2697031	-9.825804	0.2633622	2.3127987	-9.873688	-0.062249243	2.1643584	-9.811439	0.0047884034	2.2505496	-9.835381	0.22984336	2.2744915	-9.821015	0.16280572	2.27928	-9.859323	0.05267244	2.27928	-9.758766	0.11971009	2.2409728	-9.864111	0.12449849	2.2170308	-9.797073	0.18195933	2.1260512	-9.864111	0.047884032	2.2888567	-9.758766	0.2633622
1650956540.401169	1	2.207454	-9.854534	0.22984336	2.1212628	-9.888053	0.2633622	2.087744	-9.907207	0.31124622	2.2505496	-9.825804	0.24899697	2.0398598	-9.734824	0.4261679	2.1739352	-9.840169	0.24420857	2.1164744	-9.821015	0.33039984	2.1164744	-9.782708	0.22984336	1.9728222	-9.816227	0.29688102	2.1260512	-9.782708	0.2873042	2.1404164	-9.892841	0.31124622	2.2697031	-9.821015	0.40701428	2.1739352	-9.825804	0.34476504	1.9632454	-9.849746	0.5506664	2.0398598	-9.797073	0.39743748	2.408567	-9.452309	1.2210429
1650956551.8909495	1	2.1739352	-9.844957	0.7613561	2.0111294	-9.787497	0.842759	2.1883004	-9.749189	0.58418524	2.2697031	-9.763555	0.4261679	2.3127987	-9.691729	0.4309563	2.5330653	-9.935937	0.15322891	1.685518	-9.667787	0.60812724	2.9640217	-9.77792	-0.15322891	1.5179238	-10.0029745	-0.07182605	3.4955344	-9.284714	0.22984336	2.8107927	-9.141062	0.4261679	1.3359646	-9.921572	0.770933	2.9496565	-9.44752	0.9816227	2.8538885	-9.80665	1.3072342	1.8722657	-9.998186	1.0247183	2.9831753	-9.3182335	1.6950948
1650956562.8478065	1	0.6799533	-9.548077	0.60333884	2.4612393	-10.304645	0.56982	2.4708161	-9.730036	1.163582	1.5945383	-10.1226845	-0.50278234	1.4077905	-10.113108	-0.04309563	2.2505496	-9.696517	1.5562311	2.1212628	-10.113108	1.2449849	1.2641385	-9.988609	0.51714754	2.5713725	-9.787497	0.39264908	2.0590134	-9.787497	0.7757214	1.6711528	-9.744401	1.1731589	1.541866	-9.773131	0.8810662	2.27928	-9.792285	1.0295067	2.1164744	-9.864111	0.90500826	1.6376339	-9.667787	1.1827357	2.0638018	-9.730036	1.0869676
1650956574.3096752	1	1.7908629	-9.873688	0.94331545	2.0829554	-9.773131	1.0342951	1.9967642	-9.868899	1.0630256	1.9728222	-9.840169	1.0390835	2.0111294	-9.758766	1.043872	2.0254946	-9.931149	1.1109096	2.006341	-9.89763	0.9816227	1.910573	-9.825804	1.0821792	2.0350714	-9.816227	0.92895025	2.0685902	-9.830592	0.93852705	1.9871874	-9.792285	0.92895025	1.934515	-9.782708	0.9864111	1.9967642	-9.844957	0.92895025	1.9632454	-9.849746	0.9528923	2.0111294	-9.849746	0.9720459	1.9728222	-9.730036	0.91937345
1650956585.304398	1	1.934515	-9.801862	1.1252748	2.0015526	-9.835381	1.0199299	2.0207062	-9.873688	1.0869676	2.0398598	-9.868899	1.0486604	2.0398598	-9.825804	0.9816227	2.0638018	-9.763555	0.90500826	2.111686	-9.830592	1.0007763	2.0159178	-9.873688	0.93852705	1.3838485	-9.811439	0.79966336	1.7764976	-9.758766	0.94810385	1.9632454	-9.667787	1.043872	1.9057846	-9.854534	1.067814	1.958457	-9.844957	1.1013328	2.0398598	-9.792285	1.1061212	1.8962077	-9.753978	1.0390835	1.8914193	-9.734824	1.0295067
1650956596.7904792	1	2.336741	-8.99741	1.3551182	1.6998832	-9.356541	1.7046716	1.9057846	-9.519346	0.90500826	2.1308396	-9.883265	0.62728083	2.2840683	-9.452309	1.3120226	2.1068976	-9.835381	0.79966336	1.4796166	-9.706094	1.7621324	1.9153614	-9.730036	1.4030021	1.5993267	-10.0029745	1.283292	1.9728222	-9.878476	0.9576807	1.9776106	-9.792285	0.8283938	1.8339585	-9.859323	0.7757214	1.9153614	-9.773131	0.9768343	1.9440918	-9.873688	0.90021986	2.0925324	-9.801862	1.1683705	1.8818425	-10.065224	0.9816227
1650956607.7568157	1	1.9536686	-9.80665	1.3742718	2.2936451	-9.643845	1.283292	2.1212628	-9.854534	1.115698	1.9919758	-9.682152	1.3694834	1.8531121	-10.414778	0.7757214	1.9393034	-9.739613	1.1204864	1.3599066	-9.734824	1.5849615	2.360683	-9.701305	0.90979666	2.1068976	-9.768343	0.6895301	1.9776106	-9.849746	0.78050977	2.0015526	-9.825804	0.93373865	1.9728222	-9.773131	0.80924016	2.006341	-9.825804	0.81402856	2.0207062	-9.816227	0.9528923	1.9297266	-9.782708	0.8379706	1.9440918	-9.811439	0.8475474
1650956619.232954	1	2.0159178	-9.830592	0.94331545	1.9249382	-9.739613	1.0007763	1.7286136	-9.572019	1.3072342	2.1212628	-9.844957	1.0199299	2.0254946	-9.892841	0.90979666	2.111686	-9.457097	1.283292	2.2840683	-9.974244	0.22505496	2.1499932	-9.835381	1.1731589	1.9680338	-9.792285	1.1971009	2.1499932	-9.749189	0.93852705	2.2170308	-9.677363	1.1109096	2.2457612	-9.643845	1.4508862	2.2122424	-10.117896	1.2114661	2.0254946	-9.3182335	1.4317327	1.9201498	-9.835381	1.2354081	2.0015526	-9.907207	1.0390835
1650956630.1776514	1	2.0638018	-9.773131	0.89543146	2.207454	-9.883265	0.7565677	2.0733786	-9.825804	0.9528923	2.054225	-9.753978	0.8331822	1.9919758	-9.878476	0.79487497	2.231396	-9.830592	0.6991069	2.1404164	-9.739613	0.90979666	1.9871874	-9.787497	0.866701	2.1883004	-9.763555	0.80924016	1.9967642	-9.844957	0.79008657	2.1691468	-9.811439	0.8762778	2.1547816	-9.811439	0.82360536	2.1452048	-9.725247	0.8810662	2.1691468	-9.854534	0.7182605	2.135628	-9.792285	0.8619126	1.1013328	-11.429919	2.4037786
1650956641.6374333	1	1.9249382	-9.892841	0.9720459	2.0829554	-9.782708	0.46447513	2.3127987	-9.749189	0.35434186	0.8523358	-10.022128	3.0502129	1.2880806	-9.988609	1.6711528	2.1452048	-10.223241	1.13964	2.2649148	-9.639056	1.8052281	2.0398598	-9.730036	1.9536686	2.0685902	-9.667787	1.9680338	2.0111294	-9.643845	2.078167	2.078167	-9.763555	1.9536686	2.006341	-10.093954	2.1787236	1.508347	-6.172252	3.3854012	1.6567876	-9.165004	2.5474305	2.920926	-9.404425	2.1212628	1.8579005	-9.5385	2.528277
1650956652.5798645	1	2.0159178	-9.653421	2.480393	2.006341	-9.586384	2.4995465	1.9776106	-9.461885	2.504335	2.1404164	-9.5385	2.3175871	2.1260512	-9.514558	2.303222	1.9967642	-9.504981	2.5139117	2.3558946	-9.528923	2.408567	2.255338	-9.591172	2.1499932	2.4277205	-9.572019	2.3942018	2.1499932	-9.691729	2.3989902	2.3511062	-9.691729	2.0159178	1.6089035	-9.548077	2.231396	2.6384103	-9.672575	1.6567876	2.2218192	-9.198523	3.2704794	1.6950948	-3.9121256	6.1866174	2.5330653	-9.481039	2.2744915
1650956664.0933115	1	2.4468741	-9.56723	2.2122424	2.552219	-9.481039	2.231396	2.5378537	-9.490616	2.2888567	2.4612393	-9.514558	2.360683	2.6192567	-9.466674	2.1739352	2.3894134	-9.557653	2.1068976	2.6048915	-9.466674	2.3175871	2.5761611	-9.490616	2.3127987	2.3511062	-9.509769	2.0111294	2.5187001	-9.56723	1.9919758	1.2401965	-3.2800562	9.203311	2.2888567	-22.021868	6.8186865	4.5920787	-8.432379	3.7062242	3.3135753	-11.018116	6.191406	2.3558946	5.3486466	5.9567738	0.24420857	5.6407394	7.8769236
1650956675.092229	1	-2.4420857	-9.89763	0.79487497	5.4061074	-8.944737	-0.47405192	-8.025364	-3.4524388	-0.30645782	-9.864111	0.25378537	-2.3798366	-10.04607	-2.384625	-0.60812724	-0.4309563	-3.2225955	12.871228	2.6862943	-7.9487495	4.1276035	-0.047884032	-6.325481	4.7788267	5.2145715	-8.030152	1.412579	9.074024	-7.5704656	2.231396	6.7708025	-4.4819455	2.896984	6.9144545	-6.766014	2.255338	7.201759	-6.5218053	-1.0486604	7.8912888	-5.3725886	-1.0295067	9.198523	-3.0693667	0.9528923	9.5385	-2.3127987	4.10845
1650956686.5095584	1	9.14585	-4.654328	2.2601264	8.389283	-1.6711528	4.0940847	9.346964	-2.3558946	2.753332	8.973468	-2.0685902	3.7014358	8.590396	-2.5570073	4.1611223	8.336611	-3.394978	3.064578	7.2304893	-5.93762	3.1411927	7.0724716	-7.455544	-0.6560113	8.767567	-7.345411	-0.6895301	8.949526	-3.2225955	3.8881836	8.279149	-3.7588966	4.390966	8.327033	-3.3423057	4.175488	8.78672	-3.169923	4.2760444	8.66701	-3.1842883	4.1611223	8.671799	-3.1890767	4.1659107	8.767567	-3.064578	4.223372
1650956697.5419023	1	8.576031	-3.1555579	4.3239284	8.499416	-3.5434184	4.3957543	8.695741	-2.9161377	4.156334	8.810662	-3.3423057	4.735731	7.9487495	-1.4460979	6.435614	7.5800424	-7.1251445	1.3455414	7.551312	-6.3542113	-0.62249243	8.039729	-6.1770406	1.7908629	7.9631147	-6.483498	0.92416185	8.480263	-6.751649	-0.9576807	8.149862	-5.3678	-0.12449849	8.389283	-4.721366	3.1603463	8.647857	-2.9783869	4.1946416	8.872911	-2.6479871	4.2281604	8.590396	-2.767697	4.1706996	8.868123	-2.72939	4.0653543
1650956708.999026	1	8.968679	-2.8682537	4.3287168	8.805874	-2.6719291	4.0462008	8.78672	-2.8443117	4.4819455	8.6813755	-3.8642416	4.2999864	8.025364	-4.9895163	3.8738184	7.642292	-6.603208	1.2689269	8.494628	-6.167464	-1.2018893	7.8050976	-6.0142345	0.10534488	7.0006456	-8.250419	1.7286136	4.295198	-9.275137	-2.882619	5.315128	-6.9479733	-3.0262709	3.5673606	-9.3182335	-1.7381904	7.321469	-7.1107793	-1.2354081	7.0581064	-5.693412	-1.8243817	5.463568	-9.270349	3.0550013	0.2825158	-18.368315	-4.4340615
1650956719.9561715	1	2.5617957	-9.639056	-0.12928689	2.0638018	-9.801862	0.033518825	2.6479871	-9.672575	-0.272939	2.3558946	-9.734824	-0.1340753	2.7820623	-9.835381	-0.19632454	2.5091233	-9.758766	-0.01436521	2.882619	-9.768343	0.033518825	3.7062242	-9.797073	-0.02873042	2.480393	-9.600749	-0.4213795	2.4181437	-9.849746	-0.11971009	2.4995465	-9.562442	-0.12928689	3.0550013	-10.060435	0.11492168	2.585738	-9.691729	-0.18674773	2.4708161	-9.758766	-0.05746084	2.4277205	-9.734824	-0.25378537	2.4899697	-9.758766	-0.19632454
1650956731.369261	1	2.4229321	-9.720459	-0.22984336	2.5234885	-9.773131	-0.19153613	2.4516625	-9.816227	-0.023942016	2.336741	-9.715671	-0.30166942	2.777274	-9.749189	-0.11971009	2.6288335	-9.586384	0.22984336	2.6431987	-9.691729	0.1436521	2.825158	-9.5385	1.1731589	2.60968	-9.682152	0.01436521	2.480393	-9.768343	-0.22505496	2.6862943	-9.849746	0.04309563	2.6862943	-10.031705	0.17238252	2.896984	-10.25676	0.0047884034	2.4660277	-9.787497	-0.1388637	2.753332	-9.749189	0.3878607	1.9680338	-9.868899	-0.40222588
1650956742.428925	1	2.585738	-10.419566	-0.36870706	2.6479871	-9.246407	-0.49320555	2.72939	-9.610326	-0.23463176	2.777274	-9.864111	-0.21547815	2.8107927	-9.662998	0.06703765	2.7389667	-9.868899	0.0047884034	2.767697	-9.662998	-0.16759412	2.6288335	-9.466674	-0.22984336	2.753332	-9.682152	-0.1436521	2.585738	-9.749189	-0.29688102	2.743755	-9.739613	-0.01436521	2.6240451	-9.653421	-0.062249243	2.6144683	-9.763555	-0.24420857	2.585738	-9.715671	-0.0047884034	2.60968	-9.734824	-0.08619126	6.8426285	-6.0238113	11.793838
1650956753.857623	1	5.233725	-6.5744777	1.2497733	7.0820484	-5.109226	3.5529952	7.967903	-6.6367273	5.4683566	7.6135616	-1.3120226	5.947197	6.823475	-8.159439	3.0502129	7.3789296	-6.6846113	-0.14844051	4.831499	-5.4683566	-0.9672575	7.9104424	-5.33907	4.1132383	8.75799	-2.6240451	4.6830587	8.954314	-2.135628	4.223372	8.882488	-2.4277205	4.0701427	8.8777	-2.2505496	4.3239284	9.083601	-1.4508862	3.821146	9.002198	-1.8483237	4.209007	9.299079	-1.5179238	3.8642416	8.7532015	-4.0414124	3.7493198
1650956764.8717296	1	9.5385	-2.2888567	2.8299465	7.747637	-1.3982137	2.753332	9.136273	-3.4141316	4.309563	9.165004	-1.685518	4.0078936	7.656657	-3.2225955	4.548983	7.5704656	-6.943185	2.1787236	8.111555	-5.770026	-0.33997664	9.040505	-5.1762643	-2.2649148	9.768343	-3.739743	3.7732618	8.848969	-5.923255	2.6671407	10.879252	-10.548853	-0.6943185	-0.5410896	-1.7812861	9.44752	0.94331545	-7.225701	7.2544312	0.34955344	-6.167464	8.12592	0.6703765	-0.40701428	9.9790325	-1.0151415	-1.3072342	10.180145
1650956776.2910535	1	0.2825158	-2.6719291	9.801862	0.2681506	-2.6623523	9.730036	0.5363012	-2.0015526	10.16578	0.2681506	-2.5187001	9.691729	0.39743748	-2.6144683	9.725247	0.36870706	-2.585738	9.605537	0.37828386	-2.6862943	9.624691	0.272939	-2.9400797	9.643845	0.32561144	-2.8921957	9.65821	0.34955344	-2.767697	9.782708	0.23942018	-2.9017725	9.639056	0.272939	-2.7724855	9.624691	0.36870706	-2.9831753	9.586384	0.2633622	-2.944868	9.595961	-0.521936	-0.9528923	10.113108	-0.24899697	-3.0454245	9.615114
1650956787.7734656	1	-0.36391866	-2.9257145	9.552865	-0.12928689	-2.8634653	9.595961	-0.18195933	-2.9161377	9.610326	-0.16280572	-3.0071173	9.437943	-0.23942018	-3.040636	9.528923	-0.22026655	-3.5098996	9.562442	-0.18195933	-3.265691	9.696517	-0.23463176	-3.2752678	9.543288	-0.32561144	-3.1555579	9.476251	-0.21068975	-3.3662477	9.495404	-0.14844051	-3.265691	9.44752	-0.1340753	-3.6152446	9.481039	-0.05267244	-3.6583402	9.323022	-0.1340753	-3.667917	9.380483	-0.10055647	-3.7732618	9.433155	-0.047884032	-3.691859	9.452309
1650956798.7550728	1	0.10055647	-3.6822822	9.212888	0.1388637	-3.8355112	9.399636	6.459556	-1.1348516	-3.1028855	1.5705963	-8.7771435	-3.572149	1.5275006	-9.141062	-3.9217024	1.5227122	-9.433155	-2.5378537	2.2649148	-8.872911	-2.777274	5.267244	-9.14585	-4.5202527	3.1603463	-11.99495	-3.5577838	1.8722657	-19.809626	-0.10534488	2.825158	-5.9424086	5.592855	2.255338	-8.968679	2.6479871	2.0494366	-9.706094	3.8019924	-0.34955344	-5.209783	9.351752	0.5315128	-5.133168	8.7053175	0.6943185	-5.142745	8.710106
1650956810.25504	1	0.7326257	-4.817134	8.504205	0.45968673	-4.936844	8.868123	0.61291564	-4.745308	8.853758	0.33997664	-4.9943047	9.141062	0.5793968	-4.999093	8.762778	0.7517793	-4.807557	8.499416	0.31603462	-5.0374002	8.882488	0.5793968	-5.0278234	8.6334915	0.4357447	-5.2624555	8.714894	0.3878607	-5.3247046	8.858546	5.1666875	-4.8458643	3.9121256	6.603208	-3.0214825	5.4204726	5.482722	-8.312668	3.1747115	5.4779334	-8.537724	-1.043872	5.7125654	-7.575254	-0.89064306	5.78918	-8.441956	-0.8283938
1650956821.2290747	1	6.3111157	-7.776367	-0.9624691	6.5840545	-7.335834	-1.3359646	7.2592196	-7.7667904	-1.982399	4.429273	-5.0374002	-0.4261679	7.6375036	-3.490746	5.521029	7.8769236	-3.9600096	6.4739213	7.9152308	-0.58897364	4.9895163	8.341399	-4.453215	2.566584	7.1155677	-4.3047748	4.7500963	-1.2210429	-1.7908629	9.562442	-1.5993267	-6.339846	5.142745	-0.02873042	-0.842759	6.8522053	-0.45489833	-1.3072342	10.6637745	-0.4405331	-1.5801731	9.710882	2.0973208	-4.5537715	8.868123	1.3455414	-4.1515455	8.853758
1650956832.6757722	1	1.9871874	-3.2225955	9.126697	1.8531121	-3.4572272	9.260772	1.8531121	-2.7485435	9.710882	2.1021092	-3.0310593	9.543288	1.8914193	-3.2944214	9.409213	1.958457	-3.572149	9.380483	1.9057846	-3.1172507	9.500193	1.9393034	-3.3183637	9.557653	1.8387469	-3.1747115	9.260772	1.9536686	-3.0550013	9.519346	2.6719291	-1.6711528	10.156203	7.7093296	-6.435614	0.10534488	7.240066	-4.735731	4.5777135	6.4068837	-6.129156	5.118803	7.9391727	-2.5234885	5.5162406	5.827487	-9.677363	1.8579005
1650956843.6412826	1	6.4882865	-7.52737	-1.2449849	5.497087	-8.250419	-0.4213795	5.93762	-8.283937	-1.9201498	5.6407394	-8.298303	-1.412579	6.3829417	-8.058883	-1.6089035	5.9041014	-8.231265	-0.31603462	5.971139	-7.7907324	-2.0398598	5.8705826	-8.331821	-1.8435353	6.38773	-7.4268136	-0.8762778	5.415684	-6.967127	-1.6184803	7.9248075	-6.6367273	-1.8722657	7.2927384	-6.5265937	-2.0254946	9.016563	-5.8226986	-1.0630256	6.6893997	-4.6782703	0.29209262	7.264008	-6.9048777	0.2873042	7.7189064	-6.339846	0.94331545
1650956855.1148028	1	7.2544312	-5.6982	3.2034419	7.61835	-2.4708161	6.8330517	7.216124	-2.882619	6.26802	7.7093296	-5.0900726	3.41892	7.216124	-7.0485296	2.231396	7.479486	-8.121132	-0.49320555	7.8912888	-4.6830587	2.2888567	8.987833	-5.511452	2.480393	3.4237084	-5.803545	6.9048777	5.439626	-6.603208	5.889736	-2.4899697	-9.375694	5.2241483	-7.589619	-3.394978	-2.681506	-9.188946	-2.6240451	0.12449849	-5.377377	-7.61835	5.6120086	2.1308396	-6.9288197	6.4020953	6.50744	-6.5984197	1.7908629
1650956866.0734832	1	2.8634653	-9.270349	1.2785037	2.7629087	-10.94629	1.0726024	2.7820623	-9.662998	1.1348516	2.0590134	-9.811439	0.9959879	2.1643584	-9.528923	0.9576807	2.0925324	-9.768343	0.56982	2.327164	-9.782708	0.50278234	2.2984335	-9.878476	0.49320555	2.1499932	-9.782708	0.51714754	2.3558946	-9.859323	0.80445176	1.6807296	-9.988609	0.7086837	1.9680338	-9.888053	0.5650316	1.8914193	-9.653421	0.2633622	2.0159178	-9.629479	0.22984336	2.3511062	-9.720459	0.1388637	2.0015526	-9.868899	0.46926352
1650956877.5953126	1	2.1308396	-10.271125	0.15801731	1.1444284	-6.603208	1.1061212	-5.4444146	-3.7780502	4.343082	-6.531382	-9.409213	12.808979	6.114791	-7.273585	0.545878	6.981492	-6.8091097	1.6807296	-7.7332716	-5.463568	3.4093432	-8.896853	-6.0716953	6.38773	-9.232041	-2.8778305	3.3183637	-8.346188	-4.132392	3.715801	-8.283937	-3.6774938	4.7788267	2.3463178	-2.6623523	2.743755	7.8290396	-25.81907	23.319525	5.717354	-3.7924154	6.7803793	-0.21068975	-10.0269165	3.5242648	1.8914193	-9.227253	0.15322891
1650956888.5449502	1	0.545878	-8.920795	4.1419687	1.8195933	-13.072341	2.954445	7.129933	-2.1404164	2.9831753	7.9631147	-2.825158	6.8809357	3.6008794	-3.8259344	7.3071036	4.525041	8.810662	7.3885064	5.693412	-0.6368576	9.945514	4.9943047	0.4309563	10.491392	5.8562174	-1.8435353	8.12592	5.291186	-7.85777	4.6016555	6.4068837	1.5801731	4.8602295	7.2831616	-3.5098996	3.8163576	3.596091	1.6136919	7.4842744	7.675811	-0.29209262	6.2584434	5.386954	-4.596867	5.78918	-3.0214825	-11.511322	2.992752
1650956900.0328708	1	-4.606444	-7.953538	2.7820623	-3.620033	-8.7053175	3.074155	-3.8498764	-8.178593	3.8019924	-4.4005427	-9.41879	2.695871	-3.9121256	-6.6510925	1.7525556	-9.303867	-1.9009962	4.865018	-8.571242	-2.0015526	1.1013328	-4.9081135	-5.81791	-0.39743748	-3.7014358	-9.725247	-0.30166942	2.2936451	8.403648	4.1132383	3.265691	-9.174581	4.5202527	-3.3183637	-6.6606693	-1.8914193	-4.3526587	-8.154651	-3.7541082	-4.525041	-8.580819	-2.2649148	-4.462792	-8.63828	-1.8914193	-4.4723687	-8.676587	-2.0494366
1650956910.9242918	1	-4.5920787	-8.676587	-1.9776106	-4.477157	-8.671799	-1.8770541	-4.501099	-8.652645	-2.1021092	-4.462792	-8.6334915	-1.9057846	-4.630386	-8.662222	-2.030283	-4.6016555	-8.63828	-1.8579005	-4.673482	-8.738836	-2.0015526	-4.381389	-8.619126	-2.0925324	-4.309563	-8.66701	-2.4133554	-4.295198	-8.566454	-2.2170308	-4.237737	-8.7532015	-2.2936451	-4.3239284	-8.6813755	-2.3127987	-4.31914	-8.662222	-2.3654714	-4.1802764	-8.676587	-2.384625	-4.1946416	-8.700529	-2.4277205	-4.1946416	-8.695741	-2.6048915
1650956922.476315	1	-4.2042184	-8.662222	-2.4133554	-4.209007	-8.719683	-2.4708161	-4.213795	-8.714894	-2.4037786	-4.1706996	-8.719683	-2.542642	-3.8786068	-9.610326	-2.1739352	-3.2800562	-9.174581	-2.1787236	-3.5242648	-9.303867	-1.8148049	-4.5202527	-8.48984	-2.815581	-5.1235914	-8.954314	-4.189853	-3.8786068	-9.006987	-2.231396	-3.8115692	-9.021352	-0.17717093	-2.5761611	-9.294291	-2.5474305	-4.8506527	-7.129933	1.3359646	-4.5920787	-8.422802	-2.5091233	-4.8362875	-8.949526	-1.9536686	-4.4484267	-8.647857	-2.054225
1650956933.442293	1	-4.5058875	-8.724471	-1.8674773	-4.6399627	-8.714894	-1.7525556	-4.6112323	-8.6334915	-1.757344	-4.390966	-8.710106	-1.7764976	-4.3766007	-8.599973	-1.7621324	-4.5920787	-8.714894	-1.6759412	-4.5633483	-8.647857	-1.7669208	-4.501099	-8.686164	-1.6376339	-4.4436383	-8.686164	-1.8052281	-4.3861775	-8.647857	-1.8243817	-4.654328	-8.647857	-1.7860745	-4.687847	-8.6095495	-1.8052281	-4.7165775	-8.834604	-1.13964	-4.673482	-8.686164	-1.9297266	-4.4723687	-8.662222	-1.7764976	-4.548983	-8.652645	-1.7621324
1650956944.8876543	1	-4.5537715	-8.724471	-1.7381904	-4.525041	-8.66701	-1.8052281	-4.572925	-8.690952	-1.8195933	-4.525041	-8.66701	-1.8866309	-4.4340615	-8.743625	-1.7764976	-4.477157	-8.7771435	-1.7764976	-4.1180267	-9.275137	-2.7006595	0.7278373	-9.299079	-2.4708161	3.442862	-5.9567738	8.643068	3.3327289	-5.0374002	8.848969	-1.541866	-6.6750345	-1.0534488	-3.5865142	-9.279925	0.9816227	-4.510676	-9.552865	2.4133554	5.6215854	-1.6376339	2.566584	4.0414124	-4.5441947	7.8625584	2.0733786	-6.967127	6.2345014
1650956955.8999906	1	-3.8067808	-9.279925	-0.009576807	-3.739743	-9.23683	0.062249243	-3.7588966	-9.241618	0.023942016	0.7565677	-4.999093	1.9728222	-9.56723	-2.3750482	4.76925	-9.940725	-0.4165911	1.364695	-6.3350577	-6.325481	4.8745947	-6.325481	-5.209783	3.0502129	-1.8818425	-5.9807158	6.679823	4.7022123	-8.887277	-0.2777274	-0.4261679	-10.251971	0.2633622	1.2497733	-9.725247	0.272939	1.7046716	-10.01734	-0.39264908	0.90500826	-10.371682	0.5410896	1.5514427	-9.562442	1.4748282	0.92895025	-10.093954	0.6464345
1650956967.3280728	1	1.7238252	-9.782708	0.9576807	1.7860745	-10.275913	0.41180268	1.8100165	-10.007763	0.49320555	2.231396	-9.801862	0.8571242	2.1691468	-9.227253	2.0925324	3.3039982	-2.4612393	7.4603324	2.2361844	-8.748413	3.8642416	2.0254946	-9.3661175	2.8107927	2.4612393	-9.414001	2.8443117	2.4660277	-8.7771435	3.0214825	2.336741	-9.562442	2.4037786	2.255338	-9.414001	2.3223755	2.3415294	-9.504981	2.3558946	2.336741	-9.390059	2.336741	2.4516625	-9.44752	2.585738	2.3463178	-10.084377	3.466804
1650956978.3392563	1	2.078167	-9.390059	3.0693667	2.078167	-9.409213	3.490746	1.7621324	-9.639056	2.6001031	2.0829554	-8.724471	3.5865142	2.183512	-9.56723	2.896984	1.9440918	-9.433155	2.6719291	2.0254946	-9.509769	2.7581203	1.9057846	-9.562442	2.7868507	1.9488802	-9.504981	2.7868507	2.0015526	-9.481039	2.7629087	1.9201498	-9.380483	2.6862943	2.0494366	-9.653421	2.4516625	1.9057846	-9.959879	2.2218192	1.9632454	-9.572019	1.9488802	2.1739352	-9.562442	1.7238252	2.633622	-9.768343	1.436521
1650956989.7395692	1	2.6910827	-9.639056	0.8762778	1.8148049	-9.696517	2.2361844	1.8052281	-9.610326	2.1404164	4.8698063	-9.921572	-1.316811	6.789956	-7.6949644	3.9312792	7.465121	-6.622362	1.3503298	4.5202527	-9.437943	1.3742718	7.73806	-2.7006595	3.8786068	6.909666	-6.3829417	3.1794999	7.632715	-6.531382	-1.0965444	6.861782	-6.1195793	-0.93373865	7.905654	-3.8977604	4.912902	7.7189064	-0.20111294	4.783615	7.2209125	-7.85777	2.9257145	5.803545	-7.9631147	0.062249243	6.229713	-8.039729	0.05267244
1650957000.7719812	1	7.216124	-8.015787	1.3551182	6.7947445	-5.81791	2.2026656	8.719683	-6.5696893	3.643975	7.297527	-5.3247046	4.4196963	7.417237	-5.1810527	4.6782703	7.3310456	-5.5018754	4.357447	7.2448545	-5.3247046	4.5202527	7.4268136	-5.377377	4.4436383	7.2065473	-5.377377	4.4675803	7.489063	-5.3582234	4.5154643	7.4507556	-5.281609	4.4915223	7.4507556	-5.281609	4.256891	7.589619	-4.9943047	4.0701427	8.537724	-5.118803	3.1890767	8.882488	-3.86903	3.122039	8.226477	-3.715801	3.9360676
1650957012.262297	1	7.2113357	-7.2831616	2.1691468	7.422025	-7.479486	-0.8762778	6.703765	-5.913678	-0.15322891	8.829816	-2.5953147	3.0119057	8.384495	-4.146757	4.4101195	8.1642275	-3.1651347	4.1371803	7.6375036	-4.261679	3.2992098	7.5800424	-6.4068837	3.5482068	7.762002	-7.1251445	0.2777274	8.078036	-5.1235914	-0.46926352	8.293514	-4.4005427	3.7253778	8.09719	-4.0222588	4.1611223	8.058883	-4.8027687	3.466804	8.441956	-4.3861775	3.6966474	8.485051	-4.3239284	3.4811692	8.259995	-4.4005427	3.8498764
1650957023.1910064	1	8.465898	-4.271256	3.8067808	8.499416	-4.185065	3.7014358	8.413225	-4.2042184	3.6966474	8.628703	-4.2042184	3.5290532	8.5473	-4.1180267	3.4763808	8.255207	-4.237737	3.6727054	8.738836	-4.3047748	3.6008794	8.6813755	-3.6248214	3.7110126	8.719683	-4.3622355	3.0262709	8.801085	-4.074931	3.0358477	8.6334915	-4.43885	3.9312792	8.341399	-4.6255975	3.6583402	8.5473	-4.2664676	3.4620156	8.51857	-4.050989	3.3662477	8.901642	-3.8115692	2.9017725	8.374918	-3.7780502	3.0119057
1650957034.628723	1	8.834604	-4.175488	3.964798	8.513782	-4.0940847	3.5194764	7.9104424	-4.0797195	4.333505	7.513005	-5.8945246	3.8259344	6.7947445	-6.555324	3.1842883	7.1107793	-6.3781533	3.0310593	6.885724	-6.8282633	2.7820623	6.8665705	-6.8282633	2.767697	6.8522053	-7.0006456	2.7868507	6.9383965	-6.813898	2.6192567	6.919243	-7.0006456	2.5187001	6.8569937	-6.8522053	2.753332	6.7324953	-6.981492	2.4181437	7.038953	-7.192182	1.3742718	7.043741	-7.335834	1.2210429	7.0245876	-7.2304893	1.7477672
1650957045.6369057	1	7.5082164	-5.8322754	-3.323152	7.536947	-5.0996494	3.3854012	7.675811	-5.267244	3.5913026	7.762002	-5.544971	3.5625722	7.771579	-5.449203	3.490746	7.747637	-5.5018754	3.5577838	7.7093296	-5.5162406	3.5625722	7.8290396	-4.3382936	4.55856	7.3645644	-3.8977604	5.185841	7.4363904	-5.3486466	4.429273	7.201759	-5.386954	3.6343982	7.326257	-5.9902925	3.2321723	7.1969705	-6.5744777	2.873042	7.4842744	-6.167464	2.3080103	7.383718	-6.789956	1.2689269	7.9391727	-6.291962	-1.4269443
1650957057.108456	1	9.232041	-5.415684	3.6870706	7.9583263	-4.098873	2.791639	8.283937	-4.7979803	3.8163576	8.250419	-3.8738184	2.8395233	9.299079	-5.674258	2.4851813	8.700529	-2.7006595	3.9073372	8.240842	-5.0182467	3.5529952	8.887277	-4.793192	1.8531121	7.843405	-2.9975405	5.971139	7.8146744	-4.477157	4.9320555	8.365341	-4.2281604	4.6160207	8.183381	-4.453215	4.0222588	8.446744	-4.2760444	3.5817258	8.580819	-3.9743748	3.1124623	8.1881695	-4.1419687	3.8115692	8.552089	-3.490746	4.185065
1650957068.077445	1	8.465898	-2.4516625	3.9983168	8.939949	-1.7812861	6.042965	8.576031	-0.40222588	5.12838	8.408437	-0.02873042	5.521029	8.264784	-2.4756045	4.8698063	8.37013	-3.4237084	4.285621	8.7771435	-2.4181437	4.185065	8.384495	-2.2888567	4.003105	8.599973	-2.705448	4.711789	8.652645	-2.6623523	4.003105	8.762778	-5.1810527	2.7581203	8.1163435	-4.7740383	3.6870706	7.5944076	-4.5681367	4.0174704	9.126697	-5.449203	2.3223755	9.102755	-5.1379566	2.1691468	8.619126	-4.7165775	1.6759412
1650957079.514465	1	8.939949	-4.0940847	1.9776106	7.867347	-5.559336	3.8259344	7.6949644	-4.9081135	4.55856	7.881712	-5.281609	3.4141316	6.8761473	-6.7851677	3.5673606	6.339846	-8.327033	-1.0295067	7.762002	-5.7987566	-0.8571242	6.172252	-5.8322754	-0.038307227	7.589619	-5.3725886	3.0597897	8.130709	-4.855441	3.193865	7.97748	-5.1666875	3.289633	8.394072	-4.7644615	3.3183637	8.513782	-4.3239284	2.255338	8.748413	-4.486734	2.992752	8.403648	-4.6686935	2.9113493	8.408437	-4.6016555	3.040636
1650957091.0542336	1	8.288726	-4.8841715	2.8538885	8.42759	-4.596867	2.8921957	8.422802	-5.109226	3.7828386	8.365341	-4.711789	3.0789435	8.1642275	-4.7405195	3.3854012	7.675811	-3.7684734	5.5737014	6.3781533	-7.383718	1.7717092	5.81791	-8.173804	-1.9871874	7.7428484	-7.1155677	-1.6280571	7.3645644	-5.2145715	0.7469909	7.40766	-4.5872903	-0.23942018	8.724471	-5.463568	2.3654714	8.202535	-4.6926355	3.763685	8.566454	-5.171476	3.845088	8.240842	-5.3103395	2.8921957	7.4603324	-5.6646814	4.156334
1650957101.7865283	1	7.1490865	-6.019023	3.6008794	5.7508726	-7.383718	3.5003228	6.05733	-8.959103	0.320823	7.6470804	-4.3526587	0.9576807	9.888053	-4.2185836	4.525041	8.298303	-4.2904096	3.8498764	8.465898	-4.1946416	4.0078936	8.24563	-4.256891	3.7828386	8.513782	-4.1611223	3.763685	8.327033	-4.0557775	3.7588966	8.470686	-3.4237084	4.357447	7.513005	-1.5227122	6.3829417	7.967903	-2.0159178	4.2664676	7.1826053	-4.783615	5.056554	5.7269306	-8.556877	0.6655881	6.5936313	-7.7189064	-0.89064306
1650957113.4483736	1	6.6893997	-7.656657	-0.94810385	6.5122285	-7.6135616	-0.9911995	6.5840545	-7.551312	-1.163582	6.3829417	-7.40766	-1.1683705	7.393295	-6.9862804	-0.60812724	6.9383965	-7.3789296	-0.80445176	6.9000893	-8.274361	-0.79966336	6.909666	-7.029376	-1.0151415	7.762002	-6.435614	-0.20590134	7.747637	-6.6367273	-0.6991069	7.0820484	-7.1634517	-0.7230489	6.885724	-7.249643	0.023942016	7.0245876	-7.603985	-0.10055647	6.8569937	-7.2544312	-0.10055647	6.9479733	-7.3071036	0.19632454	6.9527617	-7.422025	-0.019153614
1650957124.4598565	1	6.8522053	-7.273585	0.0	7.005434	-7.1730285	0.18195933	8.303091	-6.9767036	-0.21547815	7.9152308	-5.5401826	-0.6512229	8.384495	-5.4922986	-0.63206923	9.394848	-3.2034419	1.091756	7.9870567	-4.606444	5.046977	7.881712	-2.72939	5.2145715	7.6853876	-4.4436383	6.1195793	6.7085533	-3.6296098	5.9567738	7.4842744	-4.122815	5.7748146	7.201759	-5.21936	6.1626754	7.2352777	-0.51235914	6.8665705	6.7085533	-1.8770541	7.2352777	5.305551	-9.088389	-0.076614454	7.632715	-5.995081	-1.2066777
1650957135.8919675	1	6.291962	0.5315128	8.595184	6.823475	-6.6271505	2.5905263	5.257667	-4.2664676	7.0581064	4.831499	-1.0821792	6.8043213	3.9935284	-1.5035586	6.847417	7.7572136	-9.495404	4.10845	6.191406	-3.6343982	3.8115692	6.579266	-6.3542113	6.742072	5.6407394	-6.799533	5.305551	5.60722	-4.050989	6.8091097	6.435614	-7.809886	2.2026656	5.8322754	-6.5218053	2.7341783	6.019023	-4.3143516	6.8426285	6.315904	-3.9504328	4.572925	6.7612257	-9.830592	-1.7621324	7.599196	-5.7269306	-1.3263878
1650957146.8773258	1	6.813898	-6.3829417	2.303222	5.7125654	-1.757344	7.445967	8.365341	-1.2354081	4.582502	8.580819	-2.5330653	4.6591167	8.6095495	-3.6296098	6.0046577	6.9862804	-4.0078936	1.484405	6.789956	-7.053318	-2.1404164	7.0964136	-7.086837	0.4309563	8.475474	-6.483498	3.6056678	8.42759	-0.94331545	5.257667	8.202535	-0.8762778	6.2345014	8.599973	0.08619126	5.626374	8.66701	0.39264908	4.8458643	8.623915	-0.8379706	5.363012	5.875371	-7.038953	-0.30166942	6.325481	-6.0142345	0.51235914
1650957158.272643	1	6.4308257	-7.2448545	2.954445	6.4643445	-7.216124	3.1890767	6.421249	-7.1826053	2.920926	6.325481	-6.6750345	3.1890767	6.694188	-5.9519854	4.525041	7.1107793	-3.3039982	4.7788267	7.345411	-5.0421886	4.0414124	5.1810527	-10.251971	6.0046577	1.7429788	-2.5091233	8.944737	1.5227122	-3.9600096	8.99741	1.067814	-1.6472107	10.649409	4.711789	-3.667917	7.541735	3.620033	-0.5267244	9.461885	4.936844	0.24420857	7.7189064	1.4987702	-0.7326257	10.089166	2.0494366	-0.24899697	10.82658
1650957169.3205757	1	1.9009962	-2.4756045	9.093178	2.4516625	-2.054225	9.782708	-0.7565677	-4.510676	12.6222315	5.0613422	-7.369353	4.1611223	5.267244	-8.130709	2.4468741	6.603208	-0.521936	6.564901	6.8186865	-1.6903064	6.8330517	4.663905	-5.21936	2.767697	3.5625722	-9.998186	-2.5091233	-4.9320555	-7.1347213	5.5880666	-6.861782	-0.0047884034	6.909666	-6.6654577	-1.1875241	6.6989765	-5.8945246	-2.0829554	7.7332716	-4.10845	-2.207454	13.144167	-2.6240451	3.0454245	12.794614	5.425261	-9.524135	1.2401965
1650957180.7891457	1	3.596091	-8.259995	2.3175871	2.6001031	-8.1881695	0.11492168	3.2561142	-3.7924154	3.916914	-8.389283	-1.8100165	3.4859576	-7.2687964	1.934515	6.1243677	-9.792285	-6.751649	0.12449849	6.861782	-1.1444284	-0.82360536	2.9831753	-5.7987566	8.781932	4.745308	-3.5338416	2.6671407	5.93762	-7.479486	0.31603462	5.5401826	-2.3654714	1.7142484	8.63828	-6.181829	2.2266076	7.043741	-4.8698063	5.2768207	6.83784	-2.896984	8.078036	6.205771	-2.1883004	5.793968	6.253655	-3.3854012	7.800309
1650957191.7423997	1	-11.257536	-7.335834	25.862167	-3.7780502	-5.080496	8.552089	-3.691859	-4.213795	7.795521	-3.5051112	-5.0661306	7.97748	-5.6886234	-7.680599	6.7851677	4.673482	-5.568913	1.6041151	-4.0701427	-1.9776106	-1.4987702	-11.927913	-3.9839516	0.01436521	-3.289633	-6.373365	5.482722	-9.390059	-5.2289367	0.16759412	-7.8769236	-9.911995	-1.6950948	-12.258312	-6.0381765	0.81881696	-2.0159178	-6.7612257	0.91458505	2.6862943	7.651869	7.4028716	-22.831108	-24.147919	-12.5025215	-13.8480625	-3.0502129	3.3758245
1650957203.244146	1	-14.341269	-5.793968	0.7613561	-9.524135	-2.5474305	5.133168	-12.047623	1.0007763	0.46447513	-8.719683	-5.583278	1.2449849	-5.3486466	-6.6510925	0.60812724	-4.4005427	-5.93762	5.8322754	-9.040505	-7.297527	3.9264908	-3.6535518	-5.93762	1.6184803	-8.327033	-5.9184666	-0.5410896	-7.843405	-6.493075	0.37349546	-6.2249246	-8.676587	-2.8299465	-5.57849	-7.422025	-2.0685902	-5.9519854	-8.020576	0.8475474	-5.2385135	-7.120356	1.4796166	-5.3342814	-7.9583263	1.508347	-5.415684	-8.178593	1.8818425
1650957214.199963	1	-3.8307228	-9.011775	2.4612393	-3.8498764	-8.872911	2.0015526	-3.8402996	-9.107543	1.910573	-3.940856	-8.858546	2.0111294	-4.1419687	-8.916007	2.1068976	-4.0462008	-8.700529	2.3415294	-4.0078936	-8.743625	2.4181437	-4.027047	-8.801085	2.2409728	-3.7780502	-8.762778	1.9536686	-3.7972038	-8.987833	2.1308396	-3.8019924	-9.016563	2.1499932	-3.6343982	-9.160215	2.2888567	-3.845088	-8.949526	2.1787236	-3.5769374	-8.762778	1.9776106	-4.367024	-8.686164	1.5610195	-4.936844	-8.279149	1.8339585
1650957225.7097905	1	-4.4005427	-8.796297	2.7820623	-4.1659107	-8.6574335	2.3702598	-4.2664676	-8.403648	2.7820623	-4.1180267	-10.362105	1.0534488	-2.3127987	-10.170568	0.11492168	-1.661576	-10.529699	-0.033518825	-1.3503298	-8.863335	-0.22984336	-2.0207062	-9.825804	0.39264908	-2.4995465	-9.131485	0.062249243	-1.1492168	-9.428367	-0.047884032	-0.110133275	-9.911995	0.31603462	-1.8195933	-9.203311	-1.0965444	0.5746084	-9.964667	0.5793968	0.095768064	-10.500969	-0.6751649	0.49320555	-9.911995	0.20111294	0.31603462	-8.983045	0.18195933
1650957236.655324	1	-0.45968673	-9.11712	0.33039984	-3.2034419	-10.898406	-1.2593501	-0.91937345	-10.879252	-2.1308396	-1.3934253	-11.444284	-0.320823	-2.5139117	-11.133038	-0.5506664	-8.930372	2.657564	3.3423057	-10.1226845	4.1515455	1.7956513	-4.7309427	-9.80665	-0.6943185	-7.0341644	-7.1347213	-0.5410896	-6.871359	-8.623915	-0.23463176	-8.686164	-9.423578	0.45489833	-6.1866174	-8.987833	-1.3311762	-4.31914	-9.44752	0.15322891	-3.7253778	-7.350199	-0.21068975	-3.964798	-8.121132	1.292869	-3.9360676	-9.605537	-0.31124622
1650957248.1210332	1	-5.66947	-7.0485296	3.371036	-6.9383965	-7.369353	3.6296098	-2.3894134	-9.864111	3.098097	-3.5051112	-11.712435	3.9073372	-2.0254946	-8.983045	2.0829554	-3.2034419	-8.499416	4.4915223	-1.0390835	-9.198523	2.4277205	-3.2752678	-9.490616	2.3175871	-4.5537715	-5.9998693	7.321469	-3.169923	-4.271256	7.7093296	-2.7341783	-4.5202527	7.029376	-7.536947	-5.0134583	6.4787097	-5.559336	-5.3103395	7.16824	-0.6368576	-4.9224787	8.015787	0.7038953	-5.1379566	8.561666	1.1779473	-5.305551	8.2169
1650957259.1257415	1	-0.5506664	-6.5696893	6.8091097	-2.801216	-6.133945	7.455544	-7.7907324	-3.8259344	6.7803793	-6.349423	-3.0502129	4.084508	-13.460202	-3.3039982	0.8331822	-9.77792	-2.7150247	5.5641246	-4.2904096	-3.6296098	1.2545617	-8.087613	-3.145981	2.4899697	-7.4986396	-0.60333884	-2.5953147	-10.151415	0.63206923	-3.41892	-8.413225	-9.193734	4.6495395	4.865018	-7.5225816	3.1651347	3.620033	-9.892841	3.145981	-0.79008657	-9.528923	0.320823	0.21068975	-9.160215	3.9217024	-0.076614454	-9.998186	1.2258313
1650957270.624267	1	-0.29209262	-9.768343	1.1061212	-0.545878	-9.892841	1.3215994	-0.50278234	-9.988609	1.1540052	-0.62728083	-9.921572	1.163582	-0.48841715	-9.89763	0.9624691	-0.44532153	-9.983821	0.9816227	-0.50757074	-10.012551	0.90500826	-0.39743748	-9.969456	1.0390835	-0.36870706	-10.01734	1.1875241	-0.5793968	-9.89763	1.0007763	-0.50757074	-9.921572	1.1061212	-0.48841715	-10.031705	1.0199299	-0.5602432	-9.9790325	1.163582	-0.5410896	-9.9790325	1.1587936	-0.5554548	-9.89763	1.1587936	-0.46926352	-9.935937	1.0486604
1650957281.5577643	1	-0.50278234	-9.993398	1.2162545	-0.60812724	-9.902418	1.0869676	-0.5506664	-9.902418	1.1875241	-0.56982	-9.916783	0.9959879	-0.5267244	-9.931149	1.2545617	-0.39743748	-9.911995	0.9816227	-0.5315128	-9.9790325	1.1300632	-0.39743748	-9.950302	1.0007763	-0.545878	-10.012551	0.9576807	-0.6655881	-9.892841	1.0103531	-0.50757074	-10.012551	1.0869676	-0.45010993	-9.950302	1.13964	-0.46926352	-9.940725	1.0247183	-0.49799395	-9.854534	1.0726024	-0.41180268	-9.950302	1.0295067	-0.521936	-9.964667	0.9720459
