1651134702.38548	1	-1.3503298	-11.784261	8.418014	1.0247183	-13.752295	-4.1132383	14.762648	-5.78918	-4.8745947	8.173804	2.1404164	-7.264008	5.1140146	-12.0332575	-0.4309563	-1.6376339	-25.665842	-4.5872903	-3.2034419	-2.7102363	-9.768343	-16.25184	-10.505757	2.801216	-1.2545617	-1.115698	1.0103531	-6.114791	-10.749966	-1.6663644	11.8896055	-12.732365	0.7182605	-3.2321723	2.1691468	-19.378668	0.047884032	-1.6567876	0.22984336	-10.0987425	-7.005434	3.6248214	-8.710106	-4.0174704	3.0071173	-9.078813	-4.548983	1.6376339
1651134713.806239	1	-10.850522	0.36391866	2.0015526	-9.32781	-4.6591167	1.5945383	-9.141062	-2.6910827	0.46447513	-0.6847417	-2.2218192	5.9807158	0.842759	17.118542	5.9902925	-1.5562311	-1.4796166	9.380483	-8.719683	-6.253655	2.9496565	-9.370906	-7.881712	1.7286136	-4.9799395	-3.2992098	2.3702598	-11.473015	-7.067683	2.3750482	-7.297527	-4.3047748	1.2641385	-8.585608	-12.119449	2.1883004	-6.7229185	-4.19943	0.5410896	-9.054871	-6.4499793	1.2641385	-7.824251	-7.1107793	0.7182605	-5.410896	21.844696	12.89517
1651134724.7484522	1	-74.50755	-63.771957	-61.430428	-0.90021986	18.92377	-16.543934	-1.4939818	-6.555324	12.722788	-50.479347	-144.02081	-9.969456	-2.3319526	20.90617	-0.7661445	11.401189	2.0350714	-17.448942	-7.991845	-2.6671407	-0.06703765	-8.456321	-1.1540052	-2.006341	-11.999739	-6.555324	0.4261679	-8.63828	-2.60968	-4.0557775	-8.896853	-3.1986535	-1.4413095	-9.270349	-2.3942018	-0.78529817	-9.950302	-4.31914	-2.4660277	-99.45993	-36.29131	-14.66688	2.087744	13.728353	-4.2521024	-15.184027	-2.72939	-0.91458505
1651134736.2719336	1	-9.179369	-3.4284968	-0.019153614	-9.222465	-3.3662477	0.019153614	-9.188946	-3.5338416	0.090979666	-9.14585	-3.5338416	-0.18195933	-4.0797195	-4.9655743	-5.947197	-10.084377	-0.33039984	-1.8387469	-8.034941	-4.501099	1.1348516	-8.896853	-3.2752678	-2.2266076	-10.127473	-3.064578	-0.770933	-13.187263	-2.6623523	-1.8148049	-7.603985	-3.3566709	0.24899697	-9.500193	-2.6527755	0.91937345	-5.793968	-6.909666	-2.944868	-5.45878	32.158916	2.6862943	-6.612785	8.920795	-8.916007	-4.414908	5.171476	2.4420857
1651134747.235983	1	6.483498	-19.64682	-25.814283	-0.91937345	-3.0885203	-6.6271505	-8.671799	-1.70946	-1.460463	-9.749189	-2.72939	-0.15801731	-8.39886	-0.16759412	1.8626889	-9.294291	-1.958457	-0.8762778	-10.170568	-4.5872903	1.7908629	-10.007763	-0.6991069	0.1340753	-9.80665	-1.9632454	-0.33997664	-8.801085	-1.7908629	0.25378537	-9.68694	-1.508347	0.82360536	-9.184157	-2.1404164	0.047884032	-0.5410896	0.8475474	1.7860745	-7.565677	2.0254946	33.600227	7.752425	6.215348	6.081272	5.3247046	4.405331	7.1634517
1651134758.6806917	1	0.7230489	10.409989	14.331692	-10.333375	-2.27928	-6.291962	-9.251195	-4.6830587	-1.5131354	-9.380483	-4.7548847	-1.2066777	-10.773908	-3.9935284	-2.5761611	-4.831499	-6.0525417	-1.0965444	-16.333244	-7.627927	-5.3725886	-37.737408	16.879122	12.799402	4.050989	-20.738575	11.903971	9.289502	32.977734	16.505627	16.275784	3.1986535	13.977349	-12.464214	-31.598675	9.150639	-15.44739	-4.8362875	32.944214	-2.456451	-3.5673606	4.7740383	9.016563	-3.7588966	2.9640217	-13.158532	-17.549498	-17.142485
1651134769.6367028	1	9.002198	-49.966988	20.800825	2.3319526	4.951209	-9.720459	-2.552219	0.9768343	-11.621455	21.485565	-98.36817	-42.880154	17.013197	34.49087	-31.55079	-2.5713725	-13.412318	-4.1706996	-8.197746	-6.6654577	0.18674773	-12.392388	-9.715671	-1.9536686	-29.38643	-105.27784	120.452286	-9.471462	-65.993774	113.16434	-7.867347	-2.3127987	-0.47405192	-13.680469	-1.541866	-2.801216	-18.191145	-7.225701	-2.087744	-12.392388	-3.4811692	-3.0885203	-12.023681	-4.9655743	-1.4460979	-0.033518825	-3.6008794	2.456451
1651134781.178566	1	8.7053175	4.333505	-15.672444	19.910181	0.7278373	-8.37013	13.441049	-8.240842	37.45968	0.7613561	1.091756	-12.349293	14.81532	-2.1691468	8.796297	6.50744	-9.490616	14.168885	5.650316	-2.6910827	-6.3542113	3.107674	-21.155167	64.19813	13.22557	-4.477157	-12.512098	-7.067683	-78.25209	30.449457	13.163321	-0.8331822	-12.263102	-10.400413	-21.198261	8.652645	16.304514	1.2545617	-12.368446	15.787366	-11.152191	33.59065	12.20564	0.2825158	-11.999739	4.4723687	-31.239544	62.823853
1651134792.0783465	1	7.40766	-5.616797	1.1300632	5.6407394	-3.8833952	4.280833	-1.9440918	-8.6813755	-3.9073372	-8.7771435	-4.8841715	0.46447513	-8.446744	-5.482722	0.19632454	-8.389283	-5.0134583	0.44532153	-8.561666	-5.9807158	0.20590134	-0.24420857	-3.8833952	-2.6384103	7.1826053	-25.378538	6.2728086	10.012551	1.9393034	-1.6567876	6.4020953	-5.0613422	1.4173675	6.6415157	-0.8619126	0.04309563	10.299856	2.2266076	-7.1251445	11.444284	-2.0685902	-10.16578	8.647857	-3.3279405	-4.793192	0.8475474	-29.501354	18.77533
1651134803.5824578	1	-8.030152	-7.9248075	-0.8714894	-8.0924015	-4.309563	0.94331545	-8.537724	-4.7979803	0.19632454	-10.132261	-5.9519854	0.8283938	-6.775591	-8.274361	-0.63206923	-11.070788	-10.333375	-0.58418524	-9.270349	-4.453215	-0.14844051	-8.508993	-4.8985367	0.11492168	-8.437167	-4.6016555	0.56982	-8.336611	-5.506664	1.6807296	1.3455414	-2.6240451	-1.2497733	6.5505357	-15.773001	0.8762778	10.505757	-14.30775	65.54366	8.078036	13.244724	-3.040636	8.240842	8.317456	-4.76925	8.327033	-52.18881	33.48052
1651134814.5926054	1	11.243171	-1.9776106	-1.1827357	8.312668	6.172252	-2.1404164	7.6853876	-14.805743	0.19632454	3.9743748	-26.077644	56.421757	12.713211	20.149601	-6.8761473	-7.441179	-6.6989765	1.8626889	-10.0508585	-4.146757	-0.31124622	-7.608773	-6.6415157	0.21547815	-7.690176	-5.7125654	0.5650316	-7.9583263	-5.81791	0.19632454	-7.85777	-5.6215854	0.48362875	-8.671799	-5.60722	0.90979666	-7.16824	-5.3678	0.6368576	-9.193734	-5.3342814	-0.29209262	-10.175357	-7.192182	1.1300632	-5.2720323	-4.003105	0.8762778
1651134826.021217	1	-6.4020953	-4.189853	-0.37828386	-3.1124623	-25.081657	9.610326	9.270349	7.383718	-11.602302	8.183381	19.651608	-4.2281604	8.848969	12.871228	-4.9081135	11.281479	5.386954	-1.8052281	6.5744777	-6.555324	-7.4507556	3.2704794	-3.0071173	10.745177	15.365987	15.739482	-0.25857377	4.960786	8.207323	-6.301539	-9.562442	-42.985497	21.887793	11.425131	-1.8722657	-19.421764	-17.975666	-39.557	26.738445	2.9113493	-6.6367273	-7.517793	5.8945246	0.6847417	-5.0134583	1.1204864	-7.5800424	9.964667
1651134836.964889	1	11.410766	-12.847286	-3.4524388	3.3662477	-1.484405	-5.3582234	-9.44752	-5.4300494	0.39264908	-5.0900726	-14.772224	-1.4317327	5.353435	-7.8865004	5.3199162	2.4372973	-5.1379566	6.5601125	-13.455414	-2.3127987	-0.08619126	-10.218452	-4.0653543	4.5537715	-8.90643	-5.0182467	3.6248214	-8.360553	-4.1036615	1.685518	-7.881712	-5.674258	2.0398598	-8.00621	-5.3247046	2.4851813	-8.030152	-5.0757074	2.528277	-8.078036	-5.1810527	2.585738	-7.7907324	-5.3486466	2.695871	-10.654198	-14.092271	1.4700398
1651134848.4703147	1	7.9631147	8.197746	-9.706094	11.372458	2.4372973	1.2641385	4.0318356	4.098873	7.249643	4.7261543	-0.7182605	-11.841722	1.8291701	5.559336	-14.111424	-0.37349546	-14.753071	-9.648633	0.7230489	-11.798626	18.602947	9.155427	-15.562311	3.3614593	14.226347	-4.960786	-10.6877165	8.00621	7.0485296	-3.1028855	7.0006456	-1.5466543	3.074155	5.865794	-6.9048777	5.104438	16.385916	4.759673	-12.6222315	16.812084	5.243302	-7.2209125	5.00867	4.55856	0.2681506	7.762002	-11.420342	11.650186
1651134859.4512858	1	15.011644	-5.2145715	-8.111555	7.8050976	2.777274	-1.5275006	7.824251	-3.8977604	4.2999864	12.871228	-16.385916	5.023035	3.940856	-10.352529	8.5473	-0.36870706	-3.040636	-1.8483237	-10.884041	-6.3542113	0.9911995	-2.896984	-16.76899	-6.9479733	2.753332	-3.6008794	-3.9695864	7.73806	-1.2976574	-2.5091233	16.060305	-1.6328455	-0.2633622	10.697293	-2.4660277	-1.3982137	8.815451	4.596867	-9.840169	15.466543	3.6966474	-10.625467	11.429919	-2.3654714	-6.0764837	12.516887	1.9297266	-8.307879
1651134870.9050324	1	8.6334915	3.107674	2.705448	8.441956	4.8123455	-2.3654714	19.220652	2.3415294	1.5514427	11.549629	-3.0597897	-0.7278373	10.477027	-0.320823	-6.033388	9.423578	-6.14831	0.47884035	10.376471	2.4612393	-1.5035586	8.2169	-3.5625722	3.0502129	7.943961	-0.01436521	-4.285621	11.51611	-4.501099	-5.6886234	7.632715	-5.00867	1.2497733	-8.7053175	-20.973207	6.339846	8.341399	-9.14585	1.9776106	8.135497	-4.7165775	-8.178593	8.647857	-1.7142484	-4.7309427	12.904747	-2.207454	-7.479486
1651134882.379388	1	9.040505	5.2049947	0.095768064	9.998186	1.3503298	-3.169923	9.227253	-0.79966336	6.703765	15.409082	6.694188	-8.829816	12.904747	-2.360683	-4.8506527	6.8665705	0.6847417	-0.9816227	9.825804	-3.083732	-4.122815	3.7588966	0.24420857	-0.2873042	-7.776367	-6.789956	0.93852705	-7.776367	-6.3589997	-0.05746084	-7.872135	-4.5394063	-1.0103531	-8.350976	-7.0485296	2.2026656	-12.473791	-7.0581064	1.2689269	-1.7381904	-6.4787097	6.2871737	-1.2306197	-26.613947	21.935677	12.703634	-8.528147	-5.415684
1651134893.3478222	1	8.710106	7.2592196	-2.4851813	6.540959	-1.7764976	1.388637	9.749189	-2.5809495	-1.7956513	10.5680065	-2.054225	-1.2449849	-6.349423	-62.13911	5.329493	16.754623	5.741296	-3.5482068	11.425131	-0.8283938	0.9816227	11.228806	1.2066777	-8.939949	4.630386	0.4405331	0.05746084	8.662222	-8.743625	11.722012	8.034941	-46.868893	36.008793	12.660539	-7.489063	1.8195933	11.391612	-6.655881	-2.3894134	10.697293	-3.7780502	-2.954445	7.776367	-2.5570073	-2.2744915	7.85777	-1.8962077	-2.8921957
1651134904.816504	1	3.0454245	-5.9184666	4.903325	8.465898	-3.5577838	2.7246015	9.89763	-3.4237084	-5.48751	7.6614456	-7.359776	2.9352913	-0.58897364	-6.411672	1.4077905	-8.848969	-7.005434	1.3072342	-8.250419	-4.735731	2.1499932	-7.3789296	-6.5936313	1.9009962	-8.283937	-2.384625	2.0638018	-9.782708	-3.8259344	3.9600096	8.75799	-8.504205	0.24420857	3.6535518	-6.5984197	-4.831499	1.3072342	1.4748282	2.078167	-3.0119057	-4.654328	0.7757214	-18.933348	-17.84159	5.2241483	-7.5082164	-6.6415157	0.60333884
1651134915.8136468	1	-7.455544	-6.679823	0.46926352	-7.2927384	-6.813898	0.6464345	-7.359776	-6.459556	0.7517793	-7.383718	-6.6271505	0.6751649	-7.3406224	-6.6654577	0.5554548	-7.2209125	-6.694188	0.5746084	-7.3310456	-6.6079965	0.6464345	-7.359776	-6.670246	0.50278234	-7.311892	-6.2105594	0.41180268	-7.2592196	-6.823475	0.60333884	-7.345411	-6.5026517	0.58418524	-7.326257	-6.6510925	0.80445176	-7.503428	-6.7564373	0.8858546	-6.8186865	-7.6614456	0.61770403	-6.229713	-7.517793	0.51235914	10.242394	-5.583278	-2.8491
1651134927.3060718	1	13.354857	8.90643	-3.3087866	8.801085	4.9895163	-13.924677	7.240066	5.4204726	-6.9048777	9.059659	5.056554	-6.4882865	14.346057	14.69561	-15.969325	-0.9720459	-6.483498	-2.8538885	-9.667787	-3.7349546	-0.30166942	-7.3071036	-5.813122	0.1436521	-5.9998693	-6.3302693	2.1260512	-6.1530986	-6.861782	-0.19153613	-81.58961	-11.525687	0.18674773	-69.316925	-76.365456	17.041927	14.020445	23.295582	-2.3511062	-9.485827	-6.517017	2.657564	-6.622362	-4.960786	1.6376339	-8.887277	-8.485051	-1.3503298
1651134938.2137349	1	-3.2752678	-0.2873042	-1.958457	11.865664	0.11971009	-11.051635	2.719813	0.7422025	7.005434	1.958457	0.320823	-1.5849615	6.885724	6.861782	2.7868507	16.180016	19.369091	-3.6104562	3.6343982	10.170568	-7.2592196	5.90889	14.235924	-3.371036	13.733141	16.591818	-4.8219223	8.0924015	4.673482	-2.815581	10.433931	-8.00621	8.418014	3.845088	6.411672	4.1132383	3.4380736	-9.768343	1.3982137	3.787627	-6.3589997	-6.042965	16.754623	4.8985367	-15.016433	7.16824	2.5234885	-6.517017
1651134949.6921792	1	4.0892963	-0.33039984	-2.9879637	-4.8219223	-7.7907324	13.790602	-5.401319	-4.6399627	0.545878	-9.241618	-5.7604494	-2.2649148	-8.676587	-4.8602295	0.58897364	-7.5800424	-4.7070007	0.40701428	-0.5554548	3.3758245	-4.6495395	-8.030152	-6.1004257	0.009576807	-10.089166	-4.6255975	-0.19153613	-7.785944	-5.0421886	1.4796166	-5.6982	-1.2162545	-1.388637	5.3821654	9.251195	0.033518825	12.660539	10.204087	-7.848193	11.291056	4.0318356	-9.174581	6.5744777	0.6847417	-5.0517654	1.3694834	-28.198908	1.5370775
1651134960.683728	1	7.5082164	-29.204472	11.496957	8.135497	-5.48751	-5.6407394	5.616797	-9.279925	-2.078167	5.2959743	-1.5658079	0.047884032	8.183381	-11.9135475	6.7947445	9.840169	-0.4165911	1.3982137	9.3421755	3.394978	-2.1260512	12.339716	0.90979666	-6.6846113	9.141062	-0.7422025	-1.9057846	-5.554548	-20.882227	12.459426	6.6654577	-5.1475334	-5.6982	3.5625722	-1.7764976	-1.3742718	0.63206923	-4.213795	-2.0590134	-4.405331	-8.5473	-0.21547815	-3.2513258	-5.1475334	0.59855044	-0.15801731	-5.707777	5.2624555
1651134972.1502397	1	-9.80665	-0.34476504	-0.9720459	-6.229713	-3.347094	1.5897499	-9.481039	-4.6926355	1.436521	-7.7428484	-4.8841715	0.39264908	-8.901642	-4.1706996	0.92895025	-8.767567	-4.3382936	1.0007763	-8.671799	-4.247314	1.2689269	-28.85013	-28.04089	7.5465236	1.0390835	-0.7757214	1.532289	0.90979666	-4.975151	-7.8146744	17.161638	-6.6175733	-16.682798	6.143522	-3.9025488	-2.96881	8.327033	-3.442862	-2.6479871	-10.7356	-37.84275	17.362751	0.7182605	9.471462	-8.1163435	1.7381904	0.94331545	-11.358093
1651134983.159062	1	6.215348	-1.4796166	-11.075577	5.6886234	4.1946416	-3.8307228	7.517793	2.8634653	-17.118542	7.7667904	0.1436521	-4.122815	-8.231265	-3.7493198	0.20590134	-9.188946	-4.6926355	0.5554548	-10.232818	-4.687847	0.39743748	-8.556877	-5.0517654	0.16280572	-6.4260373	-6.5026517	-0.56982	-23.238121	-10.927136	-8.954314	6.2728086	-3.9264908	-3.3375173	-4.261679	0.7517793	-2.6192567	-5.7029886	2.4277205	-3.8498764	3.0358477	-15.7586355	-0.9672575	4.644751	-8.719683	4.9320555	5.770026	-6.5361705	4.510676
1651134994.6038177	1	-6.8282633	-3.9312792	4.027047	-8.197746	-5.267244	1.982399	-8.743625	-8.00621	3.3662477	-13.278243	-1.6950948	2.1547816	-9.457097	-0.866701	3.2944214	-13.728353	-3.4811692	0.21547815	-15.945383	-20.412964	1.388637	6.05733	7.4842744	1.2018893	18.478449	-9.323022	2.255338	17.48725	3.107674	-17.654844	-1.091756	-8.178593	4.88896	2.7485435	-19.49359	-8.09719	-0.7613561	-3.169923	-3.3423057	-7.953538	-5.803545	0.521936	-7.517793	-5.7365074	2.4947581	-7.690176	-6.2871737	1.6424223
1651135005.5771358	1	-9.615114	-10.084377	2.2457612	7.6375036	18.358738	14.5328045	11.9853735	-33.312923	-11.693281	-2.4708161	-19.019539	-4.1515455	10.893618	-1.3599066	3.4093432	-12.349293	1.0869676	-20.36029	-0.8283938	-4.1419687	4.841076	1.0007763	-9.773131	3.7062242	10.0748005	-5.7508726	6.0764837	-1.9249382	-3.1316159	3.739743	-8.394072	-6.531382	1.1300632	-9.935937	-6.090849	3.1890767	-13.393165	-5.544971	-1.388637	-14.188039	-2.0015526	-1.7717092	-3.6966474	-1.4221559	1.9488802	-1.3120226	-1.9776106	2.3798366
1651135017.0159097	1	-8.628703	-2.3654714	0.6607997	-8.983045	-4.189853	0.7038953	-12.310986	-4.4675803	0.6607997	-9.562442	-5.9041014	0.9768343	-2.8395233	-8.805874	-2.0494366	-15.662868	-8.595184	0.6847417	-0.47405192	-3.1794999	-1.1827357	-7.1490865	-5.1762643	0.79487497	-6.4308257	-3.6248214	-0.05746084	-8.350976	-3.083732	0.9576807	-5.770026	-7.40766	-0.24420857	-5.3486466	-7.398083	0.320823	-4.0701427	-2.3175871	-2.72939	-4.8698063	-5.7269306	0.33518824	-11.544841	-3.7780502	0.34476504	-5.813122	-7.9104424	-0.40222588
1651135027.9921682	1	-8.082825	-5.6982	-1.5131354	-5.1906295	-3.6631286	2.27928	-26.130318	-7.97748	-1.9249382	-8.461109	-7.560889	-0.81402856	-11.070788	-7.1826053	-1.1587936	-1.5179238	7.086837	5.3247046	-16.682798	-1.1971009	-1.1444284	-1.1204864	8.978256	3.8115692	-4.8458643	-0.8619126	-0.60812724	-6.603208	-3.5913026	-0.7278373	-5.7365074	-3.3997664	-5.463568	-7.1634517	-2.6767175	-0.16759412	-6.895301	-2.4995465	-0.9864111	-3.9839516	-0.6560113	0.39743748	-10.390836	-5.9902925	-0.61291564	-0.44532153	-0.6560113	-0.63206923
1651135039.4708009	1	-21.552603	3.5338416	0.038307227	-3.9025488	-1.7286136	-1.5897499	-1.8100165	-4.807557	-0.9864111	-30.760704	1.4221559	-0.81402856	-8.226477	1.508347	0.29688102	-11.051635	2.1452048	-0.5267244	-11.300632	-4.1371803	-0.6751649	-8.75799	-5.3007627	-2.906561	-5.133168	-22.998701	-2.7964275	-14.504074	-1.067814	-1.8339585	-10.108319	-0.062249243	5.60722	-9.509769	-2.231396	-0.12449849	-9.983821	-3.4332852	-0.8475474	-9.744401	-1.9967642	-0.62728083	-9.543288	-2.0685902	-0.5410896	-9.476251	-2.3175871	-0.45010993
1651135050.451485	1	-9.562442	7.40766	-0.9528923	-9.730036	-0.59376204	-0.93373865	-9.169792	-3.2800562	-0.4357447	-9.481039	-2.0590134	0.02873042	-13.962984	-1.4269443	-1.316811	-23.539791	-9.035717	4.927267	-9.212888	-3.5817258	-0.37349546	-3.7541082	-0.16280572	2.566584	-3.1268275	0.5650316	2.719813	-4.912902	-6.8809357	2.5474305	-12.143391	-6.2871737	5.3725886	-6.2105594	-1.1109096	-3.3183637	-4.912902	-2.0159178	-0.47884035	-11.473015	1.5275006	-3.3518825	-4.783615	-0.20590134	-1.0486604	-19.536686	1.2114661	6.090849
1651135061.903205	1	-26.72408	-1.2306197	-3.572149	-2.7724855	-2.408567	-0.25378537	-6.919243	-2.9735985	-2.2409728	-10.443508	0.6464345	1.2258313	-19.991585	-2.4037786	-4.2999864	-7.575254	-1.9393034	-2.1787236	-5.837064	-2.8299465	0.05267244	-1.7956513	-2.9975405	1.8483237	-14.379576	-4.414908	-2.3463178	-9.165004	-7.824251	3.3566709	-6.9000893	-5.6120086	0.7757214	-4.0701427	1.283292	-1.7621324	-18.492813	-8.451532	-4.31914	-13.182474	-2.4756045	-2.4756045	-9.136273	4.8219223	1.283292	-13.177686	2.9161377	-0.521936
1651135072.9122171	1	-12.124237	-9.452309	3.6966474	-28.653807	2.4947581	-1.0295067	-9.959879	-3.3183637	3.9264908	2.873042	-3.7445314	9.998186	1.9297266	0.33518824	-4.8698063	-3.3854012	11.808203	-2.542642	-0.31124622	59.878986	32.015266	10.70687	-4.1611223	-8.532935	7.1059904	-18.157625	-3.5673606	-2.657564	-54.750603	-3.6966474	2.7964275	-5.631162	-0.5650316	1.2880806	-12.301409	-2.8874073	13.632585	7.7189064	3.964798	21.490355	-6.8043213	-7.752425	22.586899	-3.6535518	-4.7548847	-1.091756	-0.07182605	-2.1883004
1651135084.3495927	1	5.81791	-5.0134583	2.432509	-4.936844	-1.2689269	-0.48362875	-4.0174704	6.2488666	-0.9816227	0.41180268	-3.3997664	1.3072342	4.0557775	-6.5840545	-6.191406	23.118412	-5.2385135	-7.73806	8.805874	-1.6519991	-4.1946416	8.226477	-3.620033	1.7669208	1.3838485	-1.9632454	3.6008794	-1.7286136	16.170439	5.032612	0.04309563	13.374011	3.5817258	1.9680338	11.932701	8.384495	8.0445175	-40.198647	-12.215217	9.021352	-11.903971	-3.8977604	8.149862	-4.8937483	0.90979666	13.508086	-14.049175	-2.6623523
1651135095.3522704	1	3.4955344	0.39264908	2.006341	5.2241483	-2.657564	3.1028855	5.2049947	-5.971139	-0.80445176	3.763685	-0.6368576	5.257667	8.628703	-6.9527617	-2.2218192	7.2783732	-5.7269306	-0.4165911	6.6415157	-6.7229185	-0.1436521	5.889736	-0.07182605	6.2871737	12.741941	-7.4603324	-0.9624691	5.803545	5.631162	4.3287168	4.31914	-4.10845	2.0015526	8.111555	-9.289502	-3.064578	5.7365074	-3.5194764	-1.316811	10.773908	-16.620548	-4.7405195	8.690952	-20.681114	-5.2768207	7.953538	-5.9041014	1.9680338
1651135106.824208	1	8.513782	-7.73806	-7.632715	3.5482068	8.90643	10.16578	10.213664	-9.921572	0.4213795	1.2785037	-1.8962077	3.193865	5.746084	-3.0358477	3.715801	5.5737014	-1.1971009	10.91756	5.463568	-7.0724716	-3.2034419	8.231265	-9.461885	1.5897499	9.308656	-14.216769	-11.176133	9.260772	-5.329493	-2.8443117	0.90021986	-5.923255	-0.10055647	-9.016563	-7.9152308	-0.038307227	-6.0046577	-4.2664676	0.5506664	-8.643068	-5.497087	0.1436521	-9.89763	-5.0996494	2.0015526	0.545878	-6.517017	5.032612
1651135117.7692287	1	3.6822822	-3.442862	9.643845	3.6343982	-1.7525556	8.456321	4.5298295	-3.6008794	9.490616	1.7717092	-1.8004397	7.311892	-8.111555	-4.256891	2.255338	-9.275137	-0.45489833	2.9831753	-11.324574	-11.822568	10.82658	4.209007	13.364434	5.544971	0.11492168	8.686164	10.582372	6.694188	2.5234885	0.19632454	3.2130187	9.739613	3.916914	4.5394063	9.32781	2.896984	7.1395097	-28.500578	-0.01436521	1.7381904	8.710106	5.813122	0.2825158	25.536556	-5.0038815	2.566584	17.937359	-8.552089
1651135129.2745678	1	6.670246	2.9783869	7.153875	5.497087	5.5162406	5.2480903	8.475474	4.2999864	6.105214	8.331821	5.722142	3.6008794	6.215348	5.626374	3.41892	5.0517654	5.707777	4.7740383	6.0477533	5.2385135	5.899313	7.536947	3.6343982	6.042965	6.823475	4.074931	5.659893	6.5840545	0.90500826	6.1626754	5.243302	6.0956373	4.8602295	3.169923	8.106767	3.2130187	3.040636	9.045294	0.12449849	3.4572272	7.9104424	0.1340753	2.858677	8.671799	2.2936451	4.3382936	5.90889	2.054225
1651135140.7500615	1	1.9967642	8.935161	-1.2066777	6.679823	-7.091625	0.58418524	-1.7525556	23.764847	-11.33894	8.259995	-23.51106	9.193734	1.757344	11.118672	-1.6136919	-5.3821654	37.73262	-7.599196	-4.2904096	-9.993398	6.4164605	-8.42759	-4.8745947	2.7964275	-7.824251	-5.2768207	2.542642	-8.145074	-4.5537715	3.1842883	-8.432379	-4.3718123	2.7629087	-8.202535	-4.7261543	2.7341783	-8.058883	-4.8267107	2.9640217	-8.034941	-4.9416323	2.767697	-8.173804	-4.9703627	2.801216	-8.054094	-5.0278234	2.8682537
1651135151.721323	1	-8.063671	-5.0278234	2.7389667	-8.264784	-4.673482	2.777274	-8.293514	-5.1235914	3.265691	-8.848969	-4.3382936	2.834735	-8.307879	-4.4005427	2.6527755	-8.159439	-4.8985367	3.0502129	-8.073248	-4.759673	2.9975405	-8.039729	-5.7269306	3.2609026	-7.4363904	-2.7485435	-2.6910827	-26.307487	-6.6175733	-15.787366	-14.221559	-0.93373865	0.37349546	1.2401965	-0.4405331	4.984728	-19.383457	-4.783615	-5.449203	4.4196963	-4.9081135	-9.203311	-14.00608	-3.9217024	-13.2351465	-0.32561144	-7.1826053	-2.1547816
1651135163.189608	1	-16.701952	-1.8387469	4.0222588	6.2967505	-5.861006	1.0821792	-8.456321	-4.8985367	1.0582372	-8.456321	-3.3566709	3.2944214	-8.020576	-3.7349546	2.6288335	-8.772355	-2.8203697	3.394978	-8.791509	-3.98874	2.4277205	-8.6574335	-3.4620156	2.60968	-8.662222	-3.6391866	2.585738	-7.9822683	-3.1124623	3.2944214	-8.700529	-3.4859576	2.9257145	-8.810662	-3.715801	2.1499932	-9.02614	-3.7205894	2.6431987	-8.461109	-3.667917	2.9352913	-8.954314	-3.3614593	3.074155	-8.537724	-3.9073372	3.620033
1651135174.12109	1	15.102624	-8.025364	-4.213795	3.4859576	-3.3279405	3.9360676	-1.9009962	-6.2345014	9.734824	0.35434186	-5.616797	1.0965444	4.5058875	-9.3182335	5.5258174	-11.449073	-11.128249	4.7644615	-8.240842	-2.9257145	2.6862943	-11.042058	-3.064578	3.5242648	-8.844181	-3.466804	2.72939	-9.246407	-3.3087866	2.743755	0.49320555	4.0078936	-7.6710224	-7.599196	66.060814	8.327033	3.0885203	1.1587936	3.98874	-2.633622	28.998571	-8.480263	9.792285	-12.038046	4.271256	10.658986	-28.376078	2.360683
1651135185.6001616	1	-10.04607	50.55596	-27.662607	-3.2800562	12.459426	7.929596	9.610326	-5.985504	2.7485435	1.7956513	7.0581064	-8.513782	-0.17717093	8.240842	3.1364043	13.522451	3.217807	6.8426285	14.585477	-4.3861775	4.122815	9.753978	2.9640217	4.9464207	4.8506527	0.91458505	2.2026656	1.283292	13.637373	-10.500969	-4.027047	28.988995	-6.0956373	-8.049306	-3.5625722	2.2409728	-7.953538	-4.280833	2.207454	-9.68694	-4.31914	3.5625722	-7.929596	-4.1036615	1.1587936	2.3415294	-0.62249243	-2.954445
1651135196.5893257	1	19.934124	-12.3876	-5.3725886	6.8043213	-4.0078936	-2.777274	-6.0238113	-0.6847417	5.602432	25.76161	-8.882488	-11.803414	4.735731	-3.4620156	-5.3007627	-22.663513	6.114791	-2.0254946	-2.0829554	-3.0119057	-0.110133275	23.769634	-12.0332575	-12.545617	34.18441	-9.102755	-16.682798	19.005173	-11.353305	-0.8379706	19.958065	-8.240842	-8.350976	2.6288335	1.4508862	-1.1061212	-8.820239	-1.1875241	0.1388637	-3.2513258	-1.3982137	-1.2258313	0.5315128	1.115698	-2.8395233	5.085284	-10.82658	3.1411927
1651135208.061749	1	-10.184934	-2.992752	2.408567	-8.604761	-3.6535518	2.6527755	-8.834604	-3.0071173	2.7581203	-8.925584	-3.3327289	2.585738	-8.863335	-3.2513258	2.5187001	-8.868123	-3.2609026	2.5234885	-8.959103	-3.1603463	2.4851813	-8.90643	-3.1794999	2.6384103	-8.872911	-3.2561142	2.3942018	-8.887277	-3.1028855	2.4947581	-8.834604	-3.0358477	2.6767175	-8.825027	-5.080496	4.3718123	6.3542113	-10.160992	8.796297	2.566584	-25.052927	-0.90979666	1.1779473	-15.739482	10.443508	-8.221688	-3.5817258	2.1787236
1651135219.0300767	1	-8.236053	-4.7022123	2.1883004	-8.255207	-4.759673	2.3463178	-8.322245	-4.7740383	2.2840683	-8.259995	-4.453215	2.2122424	-8.408437	-4.596867	2.2840683	-8.475474	-4.6255975	2.4037786	-8.250419	-4.501099	2.3654714	-8.269572	-4.5154643	2.4995465	-8.274361	-4.9176903	2.2984335	-0.9816227	-4.644751	-3.9839516	1.7860745	-6.8186865	-9.734824	-28.471848	-10.941502	2.5187001	-14.111424	-7.479486	0.9576807	-5.094861	-2.6240451	4.711789	-42.219353	-24.966736	7.599196	1.3024458	-0.92895025	-0.62728083
1651135230.508674	1	-16.82645	-4.405331	6.9862804	-16.04594	0.33997664	4.903325	-1.4700398	-9.198523	5.080496	-6.0860605	7.7189064	6.4978633	-5.2528787	-1.5275006	-0.22026655	4.9081135	7.422025	2.2266076	-6.215348	-9.715671	9.68694	6.5696893	0.7374141	1.7764976	18.363527	1.5897499	6.4068837	7.1826053	-31.004911	-3.2321723	8.317456	-3.3183637	-1.4269443	0.60812724	40.203434	-7.422025	2.4037786	7.4507556	-7.062895	-7.675811	-4.76925	0.6512229	-8.101978	-6.9240313	1.8387469	-6.2632318	-5.0996494	-0.062249243
1651135241.4961176	1	-10.16578	-3.8738184	3.6056678	-6.493075	-7.1634517	1.1348516	-8.8777	-5.473145	3.016694	-7.192182	-3.763685	-1.7956513	-10.213664	-1.9297266	1.2689269	-6.622362	-3.2130187	-0.7661445	-9.040505	-4.280833	-0.17238252	-9.064447	-4.6160207	0.6655881	-8.7053175	-4.3382936	0.866701	-6.8809357	18.952501	1.8962077	7.824251	5.650316	-3.3566709	7.1251445	-31.43108	7.85777	-0.37828386	2.1164744	3.3758245	-0.15801731	24.281994	1.1827357	-2.0973208	27.092787	3.1411927	-4.232949	34.313698	6.157887
1651135252.9391038	1	-8.39886	-3.715801	0.6512229	-8.623915	-3.7588966	0.82360536	-8.920795	-4.1946416	0.58418524	-9.346964	-4.0653543	1.5801731	-9.141062	-3.9504328	1.3551182	-8.781932	-3.7253778	0.92895025	-8.882488	-4.175488	0.92416185	5.0900726	-2.6910827	-0.521936	-1.0151415	-2.4468741	-4.8506527	6.2584434	-5.449203	-2.5953147	12.052411	-8.212111	-3.3135753	20.221428	-9.399636	-2.480393	24.186226	-14.216769	-11.57836	-1.388637	1.0055647	0.94810385	5.650316	-2.906561	-1.7812861	18.35395	-3.4955344	-1.934515
1651135263.9321003	1	2.6192567	-1.0247183	-2.5809495	-4.486734	-11.712435	0.1340753	-10.213664	-2.4229321	-0.34476504	-9.255983	-2.5378537	2.858677	-8.858546	-4.1132383	0.641646	-8.796297	-4.333505	0.4261679	-8.8777	-4.735731	0.5650316	-8.738836	-4.4101195	0.45489833	-8.662222	-4.309563	0.58418524	-8.724471	-3.9791632	0.07182605	-8.226477	-4.3143516	1.091756	-8.882488	-3.3806129	0.16759412	-8.212111	-3.6966474	0.090979666	-8.935161	-4.0797195	-0.7038953	-9.11712	-3.0693667	1.5945383	-9.002198	-3.715801	0.8810662
1651135275.3622737	1	5.841852	-11.204864	0.545878	4.1180267	-3.6583402	-4.7405195	-2.1739352	-9.399636	-2.0925324	3.5003228	-5.0134583	-2.030283	-2.4995465	-10.352529	-0.40222588	-2.2266076	-6.0621185	-0.23942018	-0.8762778	-0.11971009	3.8259344	-8.6574335	-4.88896	1.1779473	-8.987833	-3.5913026	0.7278373	-8.925584	-3.9504328	0.60333884	-8.772355	-4.0318356	0.62249243	-8.973468	-4.175488	0.4165911	-8.949526	-4.0797195	0.6464345	-8.791509	-4.132392	0.5602432	-1.5370775	-5.4444146	-0.9624691	-4.903325	-31.76148	6.5361705
1651135286.347668	1	-3.5913026	-5.33907	8.432379	-8.513782	-0.5410896	2.1978772	-7.6231384	-5.5162406	1.8722657	1.364695	-13.2351465	-6.861782	-17.860744	0.8475474	-1.9776106	0.25378537	-0.7661445	-2.2505496	4.831499	6.105214	-0.90021986	-4.4484267	-0.6607997	1.2689269	-9.016563	-3.7493198	4.6399627	-8.259995	-5.0900726	2.3223755	-7.7907324	-5.6790466	1.4269443	-7.9248075	-5.57849	1.6376339	-7.8625584	-5.7843914	1.4987702	-7.7189064	-5.4204726	0.8762778	-7.929596	-5.473145	1.6424223	-7.824251	-5.837064	1.661576
1651135297.811843	1	-8.322245	-5.0134583	1.7190368	-7.819463	-4.8123455	1.5227122	-9.682152	-2.4995465	0.21547815	-14.168885	-3.0119057	-1.4413095	-6.83784	-2.3798366	-6.71813	5.8945246	-0.866701	-6.215348	-1.4939818	-2.336741	-9.65821	0.14844051	-3.9983168	-2.27928	-6.2392898	-6.2728086	-0.79487497	-4.7979803	-5.2241483	1.4413095	-9.41879	-4.8362875	0.51235914	-8.863335	-3.6774938	0.9528923	-8.781932	-6.1195793	-0.94810385	-1.757344	-2.3558946	9.14585	-8.925584	0.7422025	9.68694	1.3982137	-8.09719	4.4436383
1651135308.8367474	1	-8.604761	-5.0038815	-7.0964136	-10.635044	-2.4756045	-0.038307227	-11.549629	-6.2009826	-0.01436521	-8.662222	-3.9312792	2.504335	-8.959103	-3.7014358	1.5275006	-8.532935	-4.156334	0.9816227	-8.935161	-3.122039	0.8619126	-10.208876	-2.4277205	0.60333884	-9.854534	-3.5242648	-1.0773908	-8.202535	-4.19943	-0.82360536	-8.087613	-4.2281604	-0.79008657	-9.11712	-3.9983168	0.047884032	-9.179369	-3.5865142	0.047884032	-8.959103	-3.8642416	-0.10055647	-8.599973	-3.620033	0.3878607	-11.731588	-6.14831	3.4715924
1651135320.2586126	1	-4.9559975	-16.069881	-1.9680338	-7.8290396	-3.193865	1.4796166	-5.080496	-17.03714	-8.853758	0.21547815	-1.9488802	-0.9528923	-0.30166942	-2.6479871	0.5746084	1.3455414	-1.4317327	-0.33997664	-9.65821	-5.2289367	-2.9735985	-8.231265	-2.1930888	-0.39264908	-9.701305	-3.8115692	-1.0199299	-9.437943	-5.2480903	-1.1923125	-8.992621	-3.7541082	-0.61291564	-7.8050976	-3.620033	-0.08619126	-9.572019	-3.6487634	-0.38307226	-9.586384	-6.9479733	-1.3838485	10.7116585	1.5705963	0.78050977	8.892065	4.462792	-1.5993267
1651135331.2406423	1	11.305421	8.432379	0.9959879	8.231265	7.608773	2.9879637	12.497733	-1.9393034	0.35434186	8.451532	4.074931	2.5187001	12.995727	-16.505627	-5.645528	8.1163435	3.6152446	3.6296098	11.3964	2.6862943	1.6567876	-5.602432	-12.138602	1.2641385	-8.101978	-5.741296	1.1348516	-7.8912888	-5.779603	1.2210429	-7.881712	-5.770026	1.163582	-7.0102224	-5.93762	0.5363012	-8.63828	-7.417237	1.7525556	-16.25663	-8.892065	1.3790601	-6.933608	-5.865794	-0.7469909	-7.656657	-3.1507695	-5.1571107
1651135342.7199557	1	-10.486604	-3.7972038	1.8195933	-10.745177	-17.630901	4.0222588	1.6472107	11.080365	-0.770933	-9.495404	-3.739743	0.023942016	-9.102755	-3.7732618	0.61770403	-8.992621	-3.8402996	0.37828386	-9.021352	-3.8115692	0.32561144	-9.284714	-3.7205894	0.47405192	-9.308656	-3.4955344	0.46447513	-9.074024	-3.691859	0.521936	-9.160215	-3.6391866	0.62249243	-8.911219	-3.6774938	0.60812724	-9.246407	-3.6343982	0.6847417	-9.165004	-3.5577838	0.6799533	-9.074024	-3.5194764	0.7613561	-9.083601	-3.6296098	0.7517793
1651135353.692718	1	-9.165004	-3.643975	0.7374141	-9.054871	-3.715801	0.7134721	-9.093178	-3.7301662	0.60812724	-9.169792	-3.6104562	0.7565677	-9.040505	-3.6774938	0.7182605	-7.0485296	-3.4332852	-0.5315128	13.053187	-13.618219	0.30166942	6.943185	-10.960655	7.7428484	-10.103531	-8.250419	1.0007763	-8.954314	-4.185065	0.7565677	-8.959103	-4.122815	0.81402856	-8.90643	-4.146757	0.9959879	-8.944737	-4.012682	0.80445176	-9.107543	-3.892972	0.7757214	-8.935161	-4.0557775	0.9576807	-8.973468	-3.9839516	0.7757214
1651135365.1783888	1	-9.059659	-3.3135753	0.6464345	-9.088389	-3.1411927	1.1923125	-8.303091	-4.7644615	2.3750482	-4.6399627	-2.2601264	-2.4995465	22.606052	-4.8123455	-6.220136	9.758766	-2.6719291	-0.5267244	-2.0207062	-4.146757	-0.79008657	3.7684734	-3.2609026	1.292869	1.5514427	-5.650316	3.6966474	-5.161899	-7.417237	-1.5227122	-7.967903	-5.2289367	0.9576807	-8.169016	-5.233725	1.3790601	-8.2169	-5.2289367	1.3359646	-8.173804	-5.2385135	1.4700398	-8.202535	-8.781932	-1.661576	7.675811	0.7038953	0.60333884
1651135376.233581	1	-8.858546	-3.490746	1.3742718	-8.226477	-5.1523223	1.8100165	-8.317456	-4.9464207	1.7286136	-8.303091	-4.9176903	1.8052281	-4.984728	-8.724471	-11.540052	-2.3223755	-1.0103531	2.3989902	-6.6606693	-16.730682	12.148179	-2.9257145	-11.793838	10.390836	5.985504	-13.603854	8.743625	-1.4077905	-1.1923125	8.418014	1.2545617	-2.873042	-1.1971009	-22.10327	-62.0194	-20.518309	0.10534488	-20.072987	-27.763163	-0.25857377	7.07726	-20.207062	-0.04309563	10.1226845	-11.520899	-6.4739213	-23.72654	-12.272678
1651135387.644902	1	-11.549629	7.52737	7.264008	-8.106767	0.6655881	7.6710224	-13.302185	-17.281347	-19.919758	-1.043872	-8.475474	-3.0789435	-7.762002	-7.2927384	0.5746084	-9.548077	-2.4372973	-0.30166942	-12.933477	6.981492	13.546393	-6.9000893	-1.6041151	-15.078682	-10.31901	-4.8841715	-1.8914193	-9.102755	-1.5705963	0.37828386	-9.299079	-3.0597897	-1.0103531	-11.884817	-6.0860605	1.2545617	-10.328587	0.5506664	1.757344	-1.0869676	0.19153613	-2.930503	-1.3599066	-17.78413	-40.950424	-1.4508862	3.8163576	-2.5570073
1651135399.090443	1	-8.580819	-2.1452048	0.5650316	-10.036493	-4.098873	2.4851813	-8.485051	-6.6654577	-3.1316159	-8.408437	-2.6048915	2.2744915	-8.599973	-3.7205894	0.90979666	-8.643068	-3.8594532	1.6998832	-8.643068	-4.1371803	1.5610195	-9.021352	-3.715801	1.3024458	-9.016563	-3.9600096	1.685518	-9.26556	-3.4476504	1.2354081	-8.738836	-3.7780502	1.3072342	-8.475474	-3.6248214	1.0199299	-9.198523	-3.466804	1.1348516	-5.386954	-0.6368576	-4.4244847	0.7134721	-2.5139117	-4.209007	3.9264908	-5.544971	-20.020315
1651135410.057955	1	-2.183512	20.029892	-27.490225	0.90500826	-24.679432	-34.94098	-3.0885203	2.96881	17.975666	-3.3758245	18.243816	-32.35524	-0.641646	-9.23683	-6.373365	-1.2689269	1.5275006	12.066776	0.17717093	9.222465	10.658986	-14.504074	2.4516625	13.345281	-3.4237084	7.8912888	0.51235914	-9.165004	-4.175488	3.5577838	-9.23683	-3.6774938	0.45968673	-8.896853	-4.189853	0.36870706	-8.331821	-3.667917	0.7182605	-9.490616	-3.5913026	0.05267244	-9.313444	-6.7085533	1.6998832	-9.11712	-3.064578	0.5410896
1651135421.5465744	1	-9.672575	-5.8466406	3.7014358	-11.362882	-2.3463178	-1.0295067	-7.9487495	-1.8626889	-0.9624691	-10.5440645	-2.6527755	-0.110133275	-9.461885	-3.7780502	1.2114661	-9.385271	-3.4811692	1.2066777	-9.811439	-4.7740383	0.35434186	-4.027047	0.10534488	4.6686935	15.049952	9.9790325	3.2369606	-3.3662477	8.566454	11.482592	-4.6016555	-4.3239284	7.297527	-4.9943047	3.3279405	6.1866174	13.292608	17.319654	3.0885203	-5.0038815	2.4947581	6.4787097	-11.425131	1.4556746	7.599196	-10.060435	-4.4963107	2.8203697
1651135432.4774482	1	-8.868123	-3.9791632	1.340753	-8.868123	-3.9839516	1.5466543	-8.939949	-3.8163576	1.5801731	-8.78672	-4.175488	1.6519991	-8.810662	-3.98874	1.3982137	-8.896853	-3.7588966	1.436521	-1.2497733	-6.5744777	-9.054871	-2.5139117	5.9567738	-18.373104	-0.7182605	-8.939949	13.503298	-11.477803	1.4748282	-24.224533	-2.0590134	-4.912902	12.0332575	-13.809755	-9.471462	-0.47884035	-8.192958	-4.5154643	0.6991069	-7.8912888	-4.3766007	1.8674773	-8.341399	-4.256891	1.0007763	-8.441956	-4.3382936	0.7661445
1651135443.9471955	1	-8.643068	-4.3047748	1.091756	-8.590396	-4.4723687	1.0630256	-8.686164	-4.5633483	1.0965444	-8.671799	-4.620809	1.412579	2.801216	3.9456444	-0.019153614	-16.050728	-2.906561	5.401319	-11.631032	3.9121256	2.4372973	6.71813	-42.17147	22.093693	10.031705	-53.041145	11.559206	-40.70622	64.41839	-15.44739	12.765883	-42.190624	19.005173	4.19943	-0.5410896	-3.241749	-5.1810527	-13.728353	3.4141316	-2.4612393	-12.105083	2.2409728	0.019153614	-8.508993	2.1643584	0.110133275	-11.506534	2.695871
1651135454.9214592	1	0.91937345	-9.696517	3.2273839	2.1547816	-9.452309	3.7014358	2.585738	-8.767567	3.2321723	2.873042	-9.437943	3.0550013	3.064578	-9.203311	2.681506	3.6248214	-9.126697	2.858677	1.5897499	-9.634268	1.9009962	-3.53863	-6.1387334	-10.630256	-5.386954	-8.355764	3.4715924	3.2273839	-50.761864	9.619903	-8.283937	-67.49734	32.613815	-17.908628	44.761993	2.9592333	-0.8714894	3.5673606	-11.224017	-9.500193	1.9057846	0.5315128	-3.8163576	-10.979809	-5.2959743	-11.334151	-6.9623384	10.0748005
1651135466.383805	1	-7.551312	39.149986	4.7261543	-9.016563	-4.697424	0.5363012	-8.99741	-2.1930888	3.083732	-11.200075	1.5562311	-0.38307226	-9.92636	-2.6910827	0.18195933	-3.0262709	-4.0557775	3.1651347	11.482592	-15.016433	21.95483	-8.470686	-11.9374895	-0.9720459	-11.252748	-3.0214825	-2.1883004	-8.470686	-4.19943	-0.46447513	-10.117896	-19.507956	12.320562	-11.530476	4.807557	-5.425261	-13.52724	-3.7828386	3.787627	-12.555194	-6.14831	9.040505	-9.624691	-4.036624	1.2018893	-5.0757074	3.1364043	-3.620033
1651135477.3818014	1	-9.80665	0.33518824	-10.242394	-6.751649	4.9799395	-6.229713	-9.715671	-5.8226986	0.78050977	-10.16578	-3.3854012	1.7669208	-16.97968	-9.667787	5.741296	1.2258313	1.7477672	9.141062	-0.110133275	0.41180268	9.768343	-0.1436521	-0.25378537	9.385271	-1.8579005	-1.4796166	8.307879	-2.6479871	-5.142745	8.212111	-5.2720323	-5.78918	6.813898	-1.1444284	-98.78955	0.7182605	13.536817	7.129933	2.5474305	1.8579005	40.78762	-2.882619	4.0462008	-70.82049	13.862428	4.6112323	-78.39095	11.865664
