1649669948.327552	1	-5.243302	2.801216	9.414001	1.9009962	-1.5849615	8.51857	1.6376339	-8.762778	5.9807158	2.2505496	-3.7062242	9.629479	3.217807	-9.260772	4.4675803	1.13964	-10.477027	-0.91458505	3.217807	-7.7907324	7.4603324	0.16759412	-12.349293	4.271256	-0.5315128	-4.2664676	9.083601	-0.521936	-4.405331	9.093178	-0.5267244	-4.3526587	9.165004	2.480393	-7.4507556	4.5681367	2.2170308	-5.7125654	8.743625	0.076614454	2.944868	9.56723	-0.6847417	0.8619126	10.34774	2.9592333	-7.1059904	6.4404025	2.585738	-2.327164	10.127473	3.5769374	-5.9663506	7.493851	6.612785	-7.3406224	5.056554	5.085284	-6.9048777	5.6215854
1649669990.227308	1	6.603208	-8.978256	1.7238252	-0.81881696	1.9201498	9.481039	0.49320555	-1.8626889	9.481039	0.4405331	-1.9536686	9.753978	0.37349546	-2.1260512	9.816227	0.39743748	-2.0590134	9.9790325	0.3878607	-2.1499932	9.868899	0.36870706	-2.1978772	9.720459	0.9864111	-4.9895163	9.212888	1.1923125	-4.156334	8.848969	3.2561142	-2.480393	7.848193	0.9768343	-6.2249246	8.762778	0.4309563	-5.9424086	8.327033	0.59376204	-5.9280434	8.135497	0.5746084	-5.971139	8.221688	0.49799395	-5.899313	8.360553	0.49320555	-5.9184666	8.283937	0.5410896	-5.947197	8.346188	0.62728083	-5.7508726	8.451532	0.6943185	-5.9280434	8.130709
1649670032.2428403	1	-1.0007763	-7.489063	6.861782	-0.90021986	-7.5082164	7.0102224	-0.94810385	-8.0684595	6.38773	-0.90500826	-8.020576	6.3542113	-0.8475474	-8.183381	6.220136	-0.92895025	-7.9391727	6.4260373	-0.8619126	-8.073248	6.3446345	-0.91458505	-7.843405	6.6271505	-1.0821792	-7.9104424	6.315904	-1.2066777	-8.00621	6.325481	-1.1444284	-7.7811556	6.612785	-1.0103531	-7.675811	6.6989765	-0.92895025	-7.833828	6.5265937	-0.89543146	-7.8912888	6.4978633	-0.92416185	-7.9343843	6.4260373	-0.82360536	-8.049306	6.4164605	-1.043872	-7.9631147	6.3063273	-0.9911995	-7.9726915	6.3685765	-0.8523358	-7.8865004	6.6079965	-0.9672575	-8.030152	6.291962
1649670074.478227	1	-1.0534488	-7.9104424	6.3302693	-1.2689269	-7.872135	6.4068837	2.633622	-5.33907	7.086837	2.8203697	-4.7644615	8.978256	7.043741	-4.6016555	7.513005	6.9383965	-5.8466406	5.2528787	6.933608	-5.81791	4.4675803	7.967903	-5.837064	3.4284968	8.015787	-5.813122	3.3327289	8.09719	-5.741296	3.2800562	2.255338	-10.85531	3.4332852	-0.24899697	-10.366894	2.3175871	-3.8067808	4.2760444	-4.9176903	6.090849	0.770933	5.00867	9.437943	-2.9592333	2.8921957	9.639056	-2.432509	2.7485435	8.48984	3.514688	3.4763808	4.5058875	1.9871874	8.350976	-0.5554548	3.4763808	8.963891	-1.6089035	4.43885	8.1881695
1649670118.6605794	1	-1.3503298	4.156334	8.528147	-1.2354081	3.9839516	7.513005	-1.3790601	4.003105	9.107543	-1.3263878	4.7070007	8.101978	-1.4748282	4.4436383	8.173804	-2.0159178	5.161899	7.85777	-2.0254946	4.7884035	7.73806	-2.6144683	3.7253778	8.1881695	9.332599	0.89064306	3.2225955	9.768343	-0.8523358	2.9879637	9.902418	-0.94331545	2.815581	9.677363	-0.90979666	2.7724855	9.739613	-0.89543146	2.8203697	9.801862	-1.7812861	2.8778305	3.289633	-0.15322891	10.371682	3.8833952	1.340753	10.778696	4.309563	2.336741	8.987833	2.5378537	3.3375173	10.19451	2.9831753	2.5617957	9.155427	-0.7613561	0.44532153	10.635044
1649670158.8350315	1	-0.40701428	1.0630256	9.691729	-0.545878	1.2114661	9.859323	-0.7182605	1.1540052	9.399636	-0.842759	1.2737153	10.007763	-0.6943185	1.8291701	10.280702	1.8435353	3.040636	10.093954	3.1411927	1.5849615	9.169792	2.1164744	2.9113493	8.810662	9.011775	0.9768343	2.2409728	9.476251	1.436521	2.825158	9.514558	1.4221559	3.0071173	9.500193	1.4796166	2.7389667	9.485827	1.4891934	2.873042	9.548077	1.3838485	2.9352913	9.481039	1.4748282	2.944868	9.624691	1.4317327	2.9400797	9.591172	1.3934253	2.9017725	9.572019	1.3934253	2.7724855	9.548077	1.5275006	2.8921957	9.457097	1.460463	2.8443117
1649670200.7713034	1	9.557653	1.460463	2.7964275	9.528923	1.436521	2.896984	9.576807	1.4317327	3.040636	9.514558	1.4508862	2.8538885	9.56723	1.3934253	2.791639	9.5385	1.4748282	2.7820623	9.605537	1.4413095	2.873042	9.533711	1.5131354	2.8060043	9.581595	1.340753	2.873042	9.552865	1.4173675	3.0550013	9.524135	1.4700398	2.777274	9.514558	1.3838485	2.9017725	9.576807	1.436521	2.9496565	9.557653	1.5035586	2.7629087	9.476251	1.3982137	2.7581203	9.500193	1.4700398	2.8538885	9.519346	1.4508862	2.825158	9.600749	1.4460979	2.7246015	9.519346	1.460463	2.9161377	9.528923	1.4556746	2.7724855
1649670242.871316	1	9.423578	1.4652514	2.9352913	9.437943	1.4317327	2.8682537	9.624691	1.4413095	2.8634653	9.653421	1.4508862	2.8395233	9.581595	1.3934253	2.8060043	9.591172	1.4891934	2.8874073	9.557653	1.4700398	2.7820623	9.44752	1.460463	2.7581203	9.619903	1.4748282	2.743755	9.481039	1.4221559	2.906561	9.600749	1.4700398	2.8443117	9.586384	1.4221559	2.8682537	9.481039	1.4987702	2.8491	9.562442	1.4652514	2.8921957	9.457097	1.4508862	2.9017725	9.533711	1.4317327	2.8538885	9.581595	1.5131354	2.882619	9.595961	1.4030021	2.8538885	9.552865	1.3790601	2.9352913	9.557653	1.4317327	2.930503
1649670285.9458408	1	9.495404	1.4317327	2.8395233	9.610326	1.436521	2.873042	9.514558	1.4269443	2.7868507	9.442732	1.484405	2.8395233	9.557653	1.4796166	2.920926	9.533711	1.484405	2.9257145	9.639056	1.4796166	2.8682537	9.481039	1.3024458	2.8874073	9.514558	1.4413095	2.8682537	9.533711	1.4413095	2.8203697	9.552865	1.5370775	2.8491	9.595961	1.4077905	2.834735	9.581595	1.4748282	2.7964275	9.576807	1.4939818	2.882619	9.629479	1.4748282	2.9400797	9.514558	1.4221559	2.8060043	9.504981	1.340753	2.9640217	9.595961	1.4508862	2.8299465	9.495404	1.4317327	2.906561	9.557653	1.3982137	2.825158
1649670326.904822	1	9.409213	1.3934253	2.9640217	9.476251	1.4317327	2.8874073	9.591172	1.4030021	2.7485435	9.476251	1.388637	2.8874073	9.471462	1.4796166	2.777274	9.504981	1.4460979	2.8921957	9.572019	1.541866	2.825158	9.504981	1.484405	2.8395233	9.581595	1.5370775	2.954445	9.471462	1.4796166	2.8874073	9.667787	1.460463	2.8921957	9.653421	1.4700398	2.858677	9.605537	1.4508862	2.8921957	7.2544312	5.0182467	-0.24899697	1.9393034	2.4516625	6.9383965	-0.39743748	0.8571242	9.270349	1.958457	8.796297	0.5650316	7.16824	11.262324	-1.3503298	0.7422025	4.3143516	8.173804	7.6470804	5.5018754	7.067683
1649670368.9345772	1	8.465898	-2.0829554	4.209007	2.2601264	-0.5267244	9.801862	8.676587	0.48841715	3.572149	10.141838	-1.3311762	3.763685	6.090849	-1.7477672	7.9343843	0.06703765	1.4556746	10.156203	1.8339585	-2.7389667	9.3421755	3.3375173	6.090849	4.697424	-8.389283	0.79966336	-0.23463176	-9.3421755	-0.9959879	1.7669208	-9.346964	-1.3215994	1.4317327	-9.289502	-1.3024458	1.4269443	-9.275137	-1.292869	1.5131354	-9.203311	-1.2545617	1.4173675	-9.121908	0.32561144	1.3934253	-9.212888	0.46926352	1.412579	-9.212888	0.40701428	1.5227122	-9.169792	0.39743748	1.3694834	-9.222465	0.40222588	1.4652514	-9.3661175	0.4213795	1.4413095
1649670410.9774802	1	-9.241618	0.36391866	1.5227122	-9.208099	0.4405331	1.5705963	-9.188946	0.4357447	1.4796166	-9.203311	0.50757074	1.541866	-9.255983	0.41180268	1.412579	-9.188946	0.41180268	1.4460979	-9.294291	0.44532153	1.3263878	-9.294291	0.4309563	1.4317327	-9.241618	0.4357447	1.5658079	-9.222465	0.45010993	1.5179238	-9.11712	0.39264908	1.5370775	-9.251195	0.4165911	1.3790601	-9.323022	0.39743748	1.436521	-9.275137	0.51235914	1.4508862	-9.284714	0.45010993	1.4939818	-9.107543	0.41180268	1.4796166	-9.251195	0.45489833	1.5370775	-9.32781	0.40222588	1.4939818	-9.23683	0.4309563	1.460463	-9.313444	0.4165911	1.5658079
1649670453.0319593	1	-9.332599	0.46926352	1.4460979	-9.136273	0.39264908	1.541866	-9.232041	0.33518824	1.508347	-9.169792	0.35434186	1.412579	-9.222465	0.35913026	1.3934253	-9.131485	0.44532153	1.5227122	-9.212888	0.4213795	1.4748282	-9.165004	0.3878607	1.4796166	-9.208099	0.45489833	1.5945383	-9.3661175	0.39743748	1.5897499	-9.222465	0.46447513	1.4317327	-9.270349	0.39264908	1.5466543	-9.160215	0.3878607	1.3934253	-9.23683	0.320823	1.5275006	-9.270349	0.36391866	1.5275006	-9.136273	0.46926352	1.5610195	-9.208099	0.40222588	1.388637	-9.246407	0.40222588	1.388637	-9.126697	0.521936	1.5179238	-9.160215	0.40222588	1.460463
1649670495.0803142	1	-9.275137	0.37828386	1.460463	-9.251195	0.4405331	1.412579	-9.251195	0.45489833	1.4460979	-9.141062	0.45489833	1.508347	-9.251195	0.4261679	1.3838485	-9.222465	0.4213795	1.436521	-9.112331	0.45010993	1.4939818	-9.155427	0.37349546	1.5658079	-9.3182335	0.4213795	1.661576	-9.160215	0.48362875	1.6424223	-9.212888	0.4165911	1.4221559	-9.313444	0.44532153	1.5227122	-9.188946	0.4261679	1.4748282	-9.078813	0.46926352	1.4987702	-9.217676	0.3878607	1.5227122	-9.232041	0.51235914	1.6424223	5.3007627	6.799533	3.4620156	9.816227	-3.3327289	1.0342951	9.662998	-2.8921957	1.5227122	11.736377	-2.2601264	1.8818425
1649670537.137177	1	8.350976	-1.9009962	4.0892963	9.337387	-0.62728083	3.3901896	3.821146	-3.3135753	12.167333	-5.415684	-5.535394	8.513782	-0.22026655	-12.191275	6.555324	-5.9807158	-7.728483	5.1523223	-5.602432	-5.3342814	9.284714	-7.005434	-17.166426	10.960655	-14.528016	-17.51119	13.670892	3.1651347	-6.6415157	8.7771435	-1.7190368	2.825158	-43.871353	8.8777	0.7374141	2.9783869	8.039729	3.2561142	-1.2497733	9.983821	0.7134721	-1.2880806	10.180145	1.0486604	-1.4891934	9.849746	1.0534488	-1.6903064	9.902418	0.91458505	-1.661576	9.945514	-1.6089035	1.4173675	5.171476	4.8458643	-0.60333884	0.45968673	5.779603	7.2352777
1649670583.8414466	1	-1.0630256	5.851429	7.350199	-22.275652	-4.4196963	-14.681245	-27.475859	-12.813767	-20.187908	25.292347	15.021221	-8.5473	40.303993	9.232041	-8.954314	-0.5315128	-6.7803793	12.684481	36.090195	-3.347094	-23.831884	1.1731589	2.72939	-46.00698	-1.1492168	-13.517663	-72.65444	0.4405331	-5.0996494	-9.816227	1.3359646	-1.1875241	-15.241488	5.568913	-3.9264908	-46.75876	14.12579	-4.3047748	-57.259727	2.432509	3.2034419	-69.46537	15.433024	-4.7884035	-54.994812	-11.473015	-13.637373	-56.756947	6.220136	-5.7125654	-45.79629	13.168109	-5.889736	-41.003098	-6.8809357	-2.27928	-13.426683	-0.30166942	0.39743748	-13.939042
1649670622.066686	1	-1.0630256	0.51235914	-54.357956	8.288726	-0.2825158	-37.12928	1.6136919	-5.2624555	-19.996372	-0.33518824	7.517793	-39.15956	5.463568	-1.2737153	-29.39122	3.016694	-16.127342	-32.910698	-2.6671407	-2.7581203	-2.96881	2.3654714	-0.4357447	-16.601395	11.204864	-3.3183637	-21.902157	-12.061988	-0.047884032	-4.4484267	12.133814	-5.8083334	1.9201498	9.840169	-1.6519991	2.327164	9.830592	-1.4939818	2.2457612	9.892841	-1.5227122	2.2888567	9.983821	-1.6376339	2.327164	10.007763	-1.5179238	2.3798366	9.868899	-1.5801731	2.3080103	9.734824	-1.5945383	2.6144683	9.844957	-1.6376339	2.360683	9.782708	-1.661576	2.3989902
1649670665.954189	1	10.093954	-1.5610195	2.4037786	9.868899	-1.541866	2.3702598	9.859323	-1.508347	2.303222	9.983821	-1.3982137	2.3080103	9.916783	-1.3838485	2.2361844	9.902418	-1.5801731	2.3654714	9.969456	-1.5370775	2.2457612	9.825804	-1.484405	2.2888567	9.9550905	-1.4508862	2.2218192	10.036493	-1.4700398	2.2649148	9.911995	-1.5035586	2.3558946	10.0029745	-1.4700398	2.2936451	9.792285	-1.5610195	2.2744915	9.988609	-1.5514427	2.3223755	9.821015	-1.5131354	2.408567	9.940725	-1.5610195	2.408567	9.969456	-1.4939818	2.3175871	9.969456	-1.5610195	2.3127987	9.835381	-1.5658079	2.2984335	9.92636	-1.436521	2.3080103
1649670705.305224	1	9.935937	-1.5275006	2.1787236	9.854534	-1.8100165	2.5378537	9.892841	-1.5275006	2.4181437	10.055647	-1.5179238	2.2984335	9.964667	-1.4796166	2.3654714	9.983821	-1.4556746	2.3415294	9.835381	-1.6041151	2.3511062	9.902418	-1.484405	2.3702598	9.921572	-1.4652514	2.3511062	9.931149	-1.4413095	2.2026656	9.868899	-1.5370775	2.3894134	9.854534	-1.5131354	2.3750482	9.935937	-1.5227122	2.3989902	9.80665	-1.5131354	2.2649148	9.883265	-1.5849615	2.2457612	9.840169	-1.4939818	2.1499932	9.888053	-1.5610195	2.3894134	9.959879	-1.6041151	2.3654714	9.993398	-1.412579	2.1021092	9.816227	-1.4317327	2.327164
1649670747.3540063	1	9.931149	-1.5753847	2.3080103	9.864111	-1.532289	2.183512	9.92636	-1.6328455	2.1452048	9.988609	-0.79008657	3.098097	9.9550905	-1.4269443	2.255338	10.01734	-2.9879637	2.111686	9.964667	-1.7429788	2.1212628	9.859323	-1.9967642	1.2545617	9.883265	-1.6998832	1.934515	10.19451	-1.3024458	1.9919758	9.993398	-1.7190368	1.8100165	9.9550905	-1.7190368	1.958457	9.931149	-1.8243817	1.9393034	10.031705	-1.7190368	1.9776106	9.878476	-1.7286136	1.6711528	10.079589	-1.8052281	2.0446482	10.01734	-1.757344	1.8770541	9.993398	-1.7717092	1.8866309	9.9550905	-1.7525556	1.8483237	10.031705	-1.8148049	1.8531121
1649670793.8486376	1	10.041282	-1.6711528	1.8626889	9.969456	-1.7238252	2.0829554	9.993398	-1.8914193	1.910573	10.117896	-1.5993267	1.9153614	10.060435	-1.7669208	1.9776106	9.921572	-1.7956513	1.8722657	10.01734	-1.7812861	1.8052281	9.916783	-1.460463	1.5562311	10.0029745	-1.8626889	1.8004397	10.0748005	-1.757344	2.0159178	9.864111	-1.7669208	1.9201498	10.089166	-1.7908629	1.8866309	9.907207	-1.7525556	1.8100165	9.959879	-1.7429788	1.910573	9.998186	-1.6519991	1.70946	9.9550905	-1.7669208	2.006341	9.935937	-1.7812861	1.9393034	9.9790325	-1.661576	1.8770541	9.725247	-1.8100165	2.2361844	9.969456	-1.7621324	1.8435353
1649670834.0449655	1	9.974244	-1.8579005	1.9919758	9.974244	-1.7717092	1.9488802	10.022128	-1.7142484	1.8722657	9.998186	-1.7812861	1.8243817	9.974244	-1.9776106	1.8579005	9.993398	-1.7381904	2.0015526	9.998186	-1.7477672	2.030283	10.0029745	-1.6328455	1.9488802	10.041282	-1.7669208	1.8914193	10.055647	-1.7764976	1.9440918	10.04607	-1.7621324	1.8674773	10.089166	-1.7956513	1.9153614	10.01734	-1.7238252	1.8962077	9.902418	-1.8052281	1.7046716	9.9790325	-1.6807296	1.4413095	9.964667	-1.8339585	1.8483237	10.022128	-1.733402	1.8387469	9.983821	-1.8914193	1.9728222	10.0269165	-1.6759412	1.7812861	9.9790325	-1.757344	1.982399
1649670873.5040004	1	9.959879	-1.7525556	1.9536686	10.041282	-1.7621324	1.9393034	9.974244	-1.7764976	2.1452048	9.940725	-1.8339585	1.7860745	10.060435	-1.6998832	2.0111294	9.993398	-1.7525556	2.0829554	9.9790325	-1.70946	1.9393034	9.988609	-1.7429788	1.9009962	9.964667	-1.532289	1.6903064	10.012551	-1.7190368	1.8195933	10.0029745	-1.7812861	1.9967642	10.012551	-2.111686	2.3654714	10.041282	-1.9009962	1.5514427	9.89763	-1.8626889	2.0590134	10.031705	-1.8100165	1.958457	9.993398	-1.8962077	1.958457	9.974244	-1.6376339	1.9201498	10.007763	-1.8148049	2.0590134	9.89763	-1.8052281	1.8195933	9.9550905	-1.8291701	1.8914193
1649670915.534929	1	9.763555	-1.7046716	1.8818425	9.9790325	-1.7142484	2.0254946	9.9790325	-1.661576	1.7956513	9.950302	-1.7525556	1.9297266	10.031705	-1.6328455	1.7812861	10.01734	-1.6376339	1.8291701	9.974244	-1.6807296	1.8387469	10.031705	-1.8148049	2.183512	9.892841	-1.7908629	1.7525556	9.916783	-1.685518	2.006341	10.180145	-1.7525556	1.9249382	9.998186	-1.8243817	1.8291701	9.993398	-1.6759412	1.9009962	9.9790325	-1.8004397	1.8722657	10.041282	-1.6903064	1.8148049	9.9550905	-1.661576	1.7717092	9.931149	-1.6472107	1.9297266	10.04607	-1.6472107	1.6663644	10.070012	-1.757344	1.9057846	10.022128	-1.6519991	1.9967642
1649670957.5853992	1	9.935937	-1.6519991	1.7764976	10.065224	-1.7381904	2.0207062	10.084377	-1.7238252	1.9153614	10.055647	-1.70946	1.910573	9.959879	-1.7190368	1.8866309	10.041282	-1.7190368	1.8531121	9.993398	-1.757344	1.8914193	10.065224	-1.6328455	1.9967642	9.9550905	-1.7286136	1.8866309	10.031705	-1.6472107	1.8052281	10.060435	-1.6998832	1.7717092	9.964667	-1.7717092	2.0159178	9.92636	-1.9009962	2.0207062	9.92636	-1.7621324	1.9153614	9.864111	-1.6089035	1.685518	9.9790325	-1.7190368	1.8866309	10.117896	-1.6711528	1.7525556	10.0029745	-1.6950948	1.8674773	10.022128	-1.8195933	2.0111294	9.945514	-1.7429788	1.9297266
1649670999.6341708	1	10.007763	-1.6567876	1.9057846	9.969456	-1.8339585	1.8100165	10.103531	-1.6328455	1.9393034	10.022128	-1.757344	2.0159178	10.089166	-1.6136919	1.8531121	9.959879	-1.8004397	1.982399	10.036493	-1.5993267	1.4173675	10.093954	-1.7956513	2.0446482	9.816227	-1.6903064	1.9536686	10.060435	-1.8626889	1.5993267	9.9550905	-1.70946	1.8818425	10.012551	-1.7764976	1.8722657	10.065224	-1.7286136	1.8243817	10.060435	-1.8004397	1.8626889	9.988609	-1.7717092	1.9536686	10.103531	-1.6711528	1.8866309	9.9790325	-1.4987702	1.8962077	9.993398	-1.6807296	1.9919758	10.0029745	-1.9201498	1.9393034	10.0748005	-1.7190368	1.9153614
1649671252.062796	1	9.921572	-1.661576	1.8722657	10.103531	-1.6711528	1.8531121	10.0029745	-1.6184803	1.8052281	9.998186	-1.6998832	2.0350714	10.13705	-1.7142484	1.8579005	10.065224	-1.7429788	1.9153614	10.065224	-1.6376339	2.0207062	10.036493	-1.6759412	1.958457	10.065224	-1.685518	1.8770541	10.060435	-1.5705963	1.8291701	10.0748005	-1.7717092	1.8866309	10.01734	-1.7525556	1.9153614	9.974244	-1.5993267	1.8579005	10.108319	-1.6280571	1.8818425	9.878476	-1.6472107	1.8579005	10.0987425	-1.6089035	1.910573	9.950302	-1.70946	1.9776106	10.0508585	-1.757344	1.8531121	10.1226845	-1.6807296	1.9201498	9.974244	-1.661576	1.8626889
1649671298.6670508	1	10.070012	-1.7142484	1.8483237	10.036493	-1.7381904	1.9728222	10.060435	-1.6903064	1.8579005	10.01734	-1.6519991	1.9297266	9.916783	-1.7669208	1.9728222	10.0029745	-1.6903064	1.958457	9.945514	-1.6711528	1.8914193	10.0029745	-1.7142484	1.8674773	10.0029745	-1.6711528	1.8243817	10.031705	-1.6184803	1.7956513	9.902418	-1.7717092	1.8531121	10.01734	-1.7286136	2.078167	10.007763	-1.7286136	1.9153614	10.141838	-1.6424223	1.7286136	9.9550905	-1.7190368	1.8387469	9.935937	-1.733402	1.8818425	9.993398	-1.6998832	1.8866309	10.055647	-1.6759412	2.0159178	10.060435	-1.6663644	1.8962077	10.055647	-1.7238252	1.8962077
1649671335.9877002	1	9.940725	-1.5849615	1.7860745	9.993398	-1.685518	1.9393034	10.0269165	-1.6424223	1.8387469	10.0748005	-1.6711528	1.7046716	9.974244	-1.6041151	1.8770541	10.0029745	-1.6328455	1.8962077	10.060435	-1.7046716	1.7860745	10.007763	-1.7477672	1.8866309	9.931149	-1.685518	1.7717092	10.022128	-1.7621324	1.7381904	10.036493	-1.6232687	1.9440918	9.916783	-1.6711528	1.9393034	9.993398	-1.6136919	1.8722657	9.92636	-1.6807296	1.8722657	9.998186	-1.661576	1.7956513	9.998186	-1.685518	1.8052281	10.012551	-1.6184803	1.8291701	9.916783	-1.6567876	1.9536686	10.089166	-1.6903064	1.8531121	9.998186	-1.661576	1.9728222
1649671378.062471	1	10.160992	-1.6232687	1.8914193	10.012551	-1.685518	1.8962077	9.935937	-1.6136919	2.0350714	9.940725	-1.6998832	1.9728222	10.079589	-1.6663644	1.934515	10.113108	-1.6759412	1.934515	10.060435	-1.7142484	1.9776106	10.0508585	-1.6472107	1.9488802	9.998186	-1.6089035	1.8387469	10.04607	-1.6903064	1.8962077	10.041282	-1.6519991	1.9153614	10.113108	-1.6184803	1.8531121	9.998186	-1.661576	1.9440918	10.0269165	-1.6232687	1.9153614	9.931149	-1.6998832	1.9201498	9.993398	-1.6807296	1.8914193	10.0029745	-1.6472107	1.8866309	9.988609	-1.6376339	1.8339585	10.0269165	-1.685518	1.8579005	9.902418	-1.6567876	1.8722657
1649671420.0823383	1	9.974244	-1.6472107	1.9297266	10.079589	-1.6663644	2.078167	9.935937	-1.7717092	1.8291701	9.983821	-1.6998832	1.7525556	10.022128	-1.6998832	1.8100165	10.108319	-1.6998832	1.8674773	10.031705	-1.5897499	1.9297266	10.022128	-1.661576	1.7525556	9.969456	-1.5897499	1.934515	10.041282	-1.6950948	1.8722657	9.983821	-1.6759412	2.0207062	10.036493	-1.6903064	1.8962077	10.012551	-1.6472107	1.7860745	10.007763	-1.6328455	1.958457	10.060435	-1.6998832	1.9153614	9.993398	-1.6280571	1.958457	10.079589	-1.7046716	1.8004397	9.998186	-1.70946	1.910573	10.055647	-1.6759412	1.8866309	10.0748005	-1.6519991	1.7669208
1649671504.243048	1	9.988609	-1.6136919	1.8674773	10.0508585	-1.70946	1.8914193	10.108319	-1.6232687	1.8052281	9.89763	-1.733402	1.8722657	9.983821	-1.661576	2.006341	10.060435	-1.6472107	1.8148049	10.0508585	-1.6759412	1.8339585	10.007763	-1.6424223	1.8579005	10.065224	-1.6950948	1.8195933	9.940725	-1.7190368	1.8626889	9.916783	-1.7046716	1.9057846	10.1226845	-1.6376339	1.9919758	9.916783	-1.6759412	1.9776106	9.9550905	-1.7764976	1.9728222	9.9790325	-1.6280571	1.7429788	9.998186	-1.958457	1.9776106	9.892841	-1.6280571	2.0207062	9.945514	-1.7286136	1.8531121	10.036493	-1.7286136	1.9680338	10.01734	-1.7286136	1.7956513
1649671546.251177	1	10.031705	-1.7046716	1.9297266	10.04607	-1.6089035	1.8148049	10.0508585	-1.7477672	1.8100165	10.055647	-1.7286136	1.9009962	9.9790325	-1.6759412	1.9680338	10.041282	-1.70946	1.7956513	10.007763	-1.7477672	2.0111294	9.744401	-1.7717092	2.030283	10.113108	-1.7046716	1.7764976	10.041282	-1.8387469	1.9057846	9.998186	-1.7669208	1.8962077	10.031705	-1.7669208	1.8770541	10.065224	-1.6376339	1.9967642	9.916783	-1.6376339	1.8866309	10.089166	-1.6759412	1.9057846	10.055647	-1.7046716	1.9871874	10.0029745	-1.6663644	1.910573	9.911995	-1.6328455	1.8722657	10.079589	-1.685518	1.8914193	9.974244	-1.6519991	1.7764976
1649671588.261186	1	9.9790325	-1.934515	1.5131354	10.022128	-1.7046716	1.8914193	10.0987425	-1.757344	1.8243817	9.945514	-1.7142484	1.8531121	9.983821	-1.6950948	1.8148049	9.931149	-1.7046716	1.8674773	10.022128	-1.7525556	1.7525556	10.007763	-1.6759412	1.7477672	10.060435	-1.7190368	1.8674773	10.022128	-1.7142484	1.9488802	9.902418	-1.8626889	1.7429788	10.160992	-1.9201498	2.006341	10.0029745	-1.7046716	1.6998832	9.9550905	-1.7381904	1.8722657	9.969456	-1.7190368	1.8291701	9.993398	-1.7046716	2.0207062	9.859323	-1.7669208	1.9009962	10.01734	-1.733402	1.8291701	9.983821	-1.7812861	1.8291701	9.983821	-1.8100165	1.7764976
1649671630.330376	1	9.959879	-1.6759412	1.9488802	10.0269165	-1.7669208	1.7812861	9.902418	-1.7860745	1.6807296	9.854534	-1.6041151	1.541866	10.089166	-1.6807296	1.8962077	10.065224	-1.685518	1.8387469	10.036493	-1.7142484	1.8962077	9.92636	-1.733402	1.9153614	9.873688	-1.8195933	2.0350714	9.9790325	-1.7717092	1.9776106	10.060435	-1.8579005	1.9249382	9.950302	-1.7717092	1.8531121	10.01734	-1.7956513	1.9249382	10.065224	-1.7286136	1.8722657	10.01734	-1.7717092	1.934515	9.988609	-1.8148049	1.8962077	9.916783	-1.70946	1.70946	10.108319	-1.7381904	1.8866309	10.314221	-1.7142484	1.7381904	9.988609	-1.7908629	1.8387469
1649671676.9445317	1	9.988609	-1.7190368	1.910573	9.89763	-1.7238252	1.9919758	9.993398	-1.7764976	1.8770541	9.931149	-1.8435353	1.8483237	10.093954	-1.7621324	1.9009962	10.0029745	-1.7429788	2.0159178	10.04607	-1.7717092	1.8770541	10.022128	-1.934515	1.8100165	10.0508585	-1.6807296	1.8291701	9.9790325	-1.757344	1.8387469	10.065224	-1.7764976	1.9009962	9.931149	-1.8148049	1.8531121	10.060435	-1.7477672	1.7429788	9.974244	-1.7477672	1.8339585	9.9550905	-1.8004397	1.8052281	10.055647	-1.8339585	1.8674773	9.892841	-1.7669208	1.8052281	10.0269165	-1.8195933	1.7908629	9.983821	-1.7429788	1.9536686	10.0029745	-1.9057846	1.7956513
1649671714.4048414	1	9.988609	-1.7190368	1.910573	10.0269165	-1.7908629	1.8770541	9.921572	-1.7381904	1.8579005	10.117896	-1.733402	1.7717092	10.103531	-1.757344	1.9153614	9.998186	-1.7142484	1.9057846	9.902418	-1.6184803	1.8818425	10.0029745	-1.6903064	1.8962077	9.974244	-1.7669208	1.9488802	10.012551	-1.6998832	1.8052281	10.036493	-1.7190368	1.8100165	9.935937	-1.7286136	1.7525556	9.964667	-1.7429788	1.9009962	9.9790325	-1.7621324	1.8866309	9.998186	-1.7717092	1.8291701	9.964667	-1.7142484	1.8962077	9.959879	-1.7477672	1.9249382	9.959879	-1.7956513	1.7908629	9.983821	-1.7429788	1.9393034	10.036493	-1.7669208	1.8866309
1649671756.444742	1	10.055647	-1.8483237	1.910573	9.969456	-1.7812861	1.8866309	10.041282	-1.6807296	1.8579005	9.993398	-1.6950948	1.8962077	10.022128	-1.7956513	1.9393034	10.01734	-1.7381904	1.8291701	10.022128	-1.7046716	1.8387469	10.0508585	-1.7908629	1.8243817	9.988609	-1.7286136	1.9153614	10.079589	-1.7046716	1.8531121	10.0029745	-1.7381904	1.70946	10.0748005	-1.7381904	1.9440918	9.916783	-1.8100165	1.8914193	9.998186	-1.6998832	1.934515	9.993398	-1.6950948	1.8483237	9.940725	-1.7381904	1.8674773	9.9550905	-1.7286136	1.8531121	10.1226845	-1.70946	1.8339585	10.055647	-1.7812861	1.7956513	9.998186	-1.6567876	1.9871874
1649671798.4978268	1	9.969456	-1.8770541	1.934515	10.060435	-1.7046716	1.9393034	10.0029745	-1.7142484	1.934515	10.0029745	-1.6184803	1.8052281	10.0508585	-1.7669208	1.7717092	9.969456	-1.7286136	1.9153614	10.060435	-1.6950948	1.8770541	9.888053	-1.8339585	1.7717092	9.935937	-1.7956513	1.7046716	10.031705	-1.661576	1.7669208	9.911995	-1.6519991	1.6950948	9.921572	-1.8100165	2.0254946	10.093954	-1.9009962	2.030283	9.950302	-1.7286136	1.9919758	10.0508585	-1.7477672	1.8914193	10.113108	-1.7812861	1.8962077	10.041282	-1.733402	1.6903064	10.0269165	-1.5610195	1.685518	9.959879	-1.9536686	1.9153614	9.959879	-1.4796166	1.1683705
1649671840.5281951	1	10.0748005	-1.6089035	1.9009962	9.892841	-1.8435353	1.9057846	10.0748005	-1.7238252	2.0207062	10.065224	-1.5370775	1.6376339	9.864111	-1.7525556	1.8866309	10.007763	-1.661576	1.934515	10.036493	-1.6950948	1.9680338	9.9790325	-1.6328455	1.8195933	9.935937	-1.6903064	1.9776106	10.041282	-1.6759412	1.8291701	10.055647	-1.6998832	1.7525556	10.060435	-1.7286136	1.9009962	10.022128	-1.7286136	1.9440918	9.993398	-1.70946	1.8291701	9.998186	-1.6759412	1.8962077	9.9550905	-1.6232687	1.8387469	10.041282	-1.6998832	2.0111294	10.022128	-1.7812861	1.7669208	10.041282	-1.6184803	1.9440918	10.01734	-1.6903064	1.8914193
1649671882.5884445	1	10.060435	-1.7429788	1.934515	9.988609	-1.6280571	1.934515	10.012551	-1.6759412	1.8770541	10.079589	-1.7956513	1.9201498	10.041282	-1.7812861	1.757344	9.983821	-1.7860745	1.982399	10.0508585	-1.7956513	1.8770541	10.141838	-1.7286136	1.9393034	9.983821	-1.7286136	1.9536686	9.998186	-1.7238252	1.9297266	9.998186	-1.7381904	1.9249382	10.007763	-1.7477672	1.958457	9.998186	-1.7956513	1.8914193	9.921572	-1.7238252	1.9057846	10.0269165	-1.6328455	1.7190368	10.036493	-1.436521	1.6089035	10.079589	-1.757344	1.9153614	9.959879	-1.661576	1.8004397	9.935937	-1.7190368	1.934515	10.04607	-1.6376339	1.9057846
1649671924.628512	1	10.01734	-1.7142484	1.8818425	10.022128	-1.5227122	1.9009962	10.060435	-1.6376339	1.6950948	10.055647	-1.7764976	1.8291701	10.0269165	-1.7142484	1.8962077	10.060435	-1.7717092	1.8722657	9.969456	-1.6472107	1.9057846	9.859323	-1.7956513	2.0494366	10.036493	-1.7142484	1.9057846	10.089166	-1.6472107	2.0207062	10.041282	-1.6472107	1.7908629	10.055647	-1.7764976	1.8339585	10.089166	-1.6759412	1.934515	10.117896	-1.6711528	1.8291701	9.974244	-1.7621324	1.9536686	9.945514	-1.7190368	1.9153614	10.060435	-1.661576	1.8387469	10.132261	-1.7908629	2.0015526	10.01734	-1.6998832	1.8387469	9.993398	-1.7286136	1.8387469
1649671966.703342	1	10.060435	-1.7429788	1.8962077	10.376471	-1.7812861	1.8674773	10.022128	-1.6472107	2.1260512	10.160992	-1.6663644	1.9680338	10.0269165	-1.7190368	1.934515	9.921572	-1.7190368	1.9393034	9.998186	-1.6807296	1.8962077	10.01734	-1.6807296	1.9919758	10.079589	-1.5945383	1.8291701	9.940725	-1.6950948	1.8052281	9.940725	-1.7286136	1.910573	9.964667	-1.6280571	1.8483237	9.969456	-1.6903064	1.9680338	10.01734	-1.7190368	1.8674773	10.0508585	-1.7046716	1.9536686	10.041282	-1.7621324	1.8148049	10.0748005	-1.6950948	2.0015526	10.031705	-1.6903064	2.054225	10.0269165	-1.757344	1.9632454	9.983821	-1.7190368	1.8483237
1649672008.7095628	1	9.964667	-1.8148049	1.8962077	9.888053	-1.8291701	1.8387469	9.921572	-1.685518	2.054225	10.012551	-1.5179238	1.6759412	9.9790325	-1.6184803	1.685518	10.060435	-1.6424223	1.8818425	10.141838	-1.661576	2.0015526	9.983821	-1.757344	1.9728222	10.041282	-1.6759412	1.8483237	10.0269165	-1.8052281	1.7812861	10.103531	-1.3599066	1.6711528	10.065224	-1.7190368	2.0350714	9.9790325	-1.7812861	1.934515	9.907207	-1.7286136	1.8531121	10.0508585	-1.5562311	1.8100165	9.9790325	-1.6472107	1.9536686	10.022128	-1.7286136	1.6950948	9.9550905	-1.6759412	1.7812861	10.012551	-1.7764976	1.910573	9.988609	-1.733402	1.910573
1649672050.7895048	1	10.0029745	-1.5658079	1.910573	9.983821	-1.6903064	1.8962077	9.950302	-1.5179238	1.7477672	10.065224	-1.6519991	1.8866309	10.036493	-1.6567876	1.7812861	9.9790325	-1.6041151	1.8579005	9.849746	-1.6232687	1.8722657	10.065224	-1.6567876	1.8004397	10.031705	-1.7286136	1.9057846	9.289502	-1.2976574	2.2840683	10.022128	-1.6328455	1.7956513	10.0748005	-1.6950948	1.7956513	10.031705	-1.7860745	2.0207062	9.9550905	-1.6998832	1.9201498	9.964667	-1.6184803	1.7525556	10.175357	-1.7046716	1.757344	9.868899	-1.7908629	1.934515	9.974244	-1.7381904	1.9776106	9.9790325	-1.7238252	1.8674773	10.036493	-1.6376339	1.8243817
1649672092.799223	1	10.01734	-1.5370775	1.7764976	10.012551	-1.6950948	1.9536686	10.084377	-1.7908629	2.0015526	9.993398	-1.8148049	1.8339585	10.0508585	-1.7621324	1.934515	10.079589	-1.5131354	1.5897499	9.988609	-1.5849615	1.8722657	10.036493	-1.6519991	1.8339585	10.065224	-1.70946	1.8052281	10.338163	-1.685518	1.910573	10.041282	-1.6041151	1.8866309	10.0029745	-1.6950948	1.7908629	10.093954	-1.70946	2.0111294	9.854534	-1.5849615	1.8483237	9.916783	-1.7142484	1.8770541	10.0029745	-1.6041151	1.9393034	9.921572	-1.6950948	1.8674773	10.01734	-1.8243817	1.8866309	10.060435	-1.7812861	1.910573	9.864111	-1.7860745	1.8483237
1649672134.8637853	1	9.988609	-1.6903064	1.8962077	10.036493	-1.6519991	1.9057846	10.031705	-1.7525556	1.8626889	10.093954	-1.6280571	1.7908629	10.0748005	-1.685518	1.9728222	9.9550905	-1.7190368	1.8291701	10.0029745	-1.6998832	1.8722657	9.892841	-1.661576	1.9871874	10.113108	-1.6711528	1.8387469	10.108319	-1.6903064	1.9393034	10.036493	-1.6807296	1.8100165	9.9550905	-1.6807296	1.8818425	10.0748005	-1.757344	2.0207062	10.031705	-1.6807296	1.9680338	10.0508585	-1.6759412	1.8100165	10.0029745	-1.6328455	1.9297266	10.060435	-1.6950948	1.8674773	9.9790325	-1.6232687	1.8866309	10.065224	-1.7190368	1.8531121	9.921572	-1.6998832	1.757344
1649672176.8956306	1	9.959879	-1.70946	1.910573	9.916783	-1.6950948	2.0207062	10.0269165	-1.6903064	1.8962077	9.811439	-1.6903064	2.0207062	9.907207	-1.7717092	1.9536686	9.921572	-1.6424223	1.8866309	10.065224	-1.8195933	2.087744	10.0748005	-1.7669208	1.9440918	10.012551	-1.5753847	1.70946	10.01734	-1.484405	1.7908629	9.935937	-1.8291701	1.8674773	10.0748005	-1.7429788	1.9297266	10.012551	-1.7812861	1.7860745	10.041282	-1.8291701	1.7764976	10.0029745	-1.6280571	1.9488802	10.060435	-1.7429788	2.0015526	10.13705	-1.757344	1.8483237	10.060435	-1.6280571	1.8531121	9.974244	-1.6136919	1.7764976	10.079589	-1.7238252	1.9967642
1649672218.9440196	1	9.9550905	-1.7286136	1.8674773	9.964667	-1.6759412	2.1212628	10.01734	-1.9057846	1.8052281	10.132261	-1.6519991	1.8483237	10.0748005	-1.7381904	1.8866309	9.998186	-1.6328455	1.8818425	10.055647	-1.5370775	1.8914193	9.92636	-1.5849615	1.9967642	9.916783	-1.5945383	1.8435353	9.940725	-1.5705963	1.8148049	9.902418	-1.6519991	1.8914193	9.998186	-1.7142484	1.9632454	10.012551	-1.733402	1.7908629	10.0029745	-1.70946	1.733402	10.012551	-1.7669208	1.8866309	10.060435	-1.7046716	1.8483237	10.036493	-1.7669208	1.8674773	9.974244	-1.7429788	1.8674773	9.974244	-1.6759412	1.8483237	10.012551	-1.6807296	1.8483237
1649672260.9909377	1	10.084377	-1.6328455	1.7717092	10.0748005	-1.7046716	1.8339585	9.988609	-1.7477672	1.6807296	9.9790325	-1.6472107	1.7477672	9.988609	-1.6950948	1.8387469	10.0029745	-1.7429788	1.9153614	10.079589	-1.6519991	1.8100165	10.031705	-1.6711528	1.9153614	10.060435	-1.6998832	1.910573	10.13705	-1.7812861	1.9967642	9.873688	-1.6903064	1.8626889	9.998186	-1.7286136	1.8483237	10.007763	-1.6807296	1.934515	10.084377	-1.7812861	1.8770541	10.079589	-1.6711528	1.685518	10.01734	-1.6759412	1.8674773	10.0748005	-1.6759412	1.8243817	10.103531	-1.6089035	1.6759412	10.175357	-1.7621324	1.9057846	9.907207	-1.7956513	1.8148049
1649672303.0695665	1	9.892841	-1.7142484	1.8195933	9.998186	-1.685518	1.8148049	10.089166	-1.7046716	1.8531121	10.079589	-1.757344	1.8914193	9.998186	-1.7142484	1.8579005	9.873688	-1.6711528	1.7812861	10.132261	-1.7190368	1.7477672	9.9550905	-1.6089035	1.8674773	10.060435	-1.6711528	1.7477672	10.022128	-1.5945383	1.7764976	10.041282	-1.6759412	1.70946	10.13705	-1.8052281	1.7908629	10.070012	-1.7190368	1.7812861	10.079589	-1.7286136	1.8291701	10.060435	-1.7669208	1.8483237	9.9790325	-1.5993267	1.8148049	9.988609	-1.661576	1.8531121	10.022128	-1.7381904	1.8531121	10.031705	-1.7381904	1.8914193	9.998186	-1.8339585	1.8243817
1649672345.0599322	1	9.907207	-1.6998832	1.8052281	10.065224	-1.8339585	1.7477672	10.089166	-1.7764976	1.6232687	10.022128	-1.661576	1.6950948	10.022128	-1.6424223	1.6903064	10.041282	-1.6950948	1.9297266	10.079589	-1.5945383	1.9009962	9.931149	-1.7286136	1.7381904	9.9790325	-1.6711528	1.8052281	10.1226845	-1.6950948	1.7525556	10.036493	-1.8052281	1.733402	9.998186	-1.8339585	1.7860745	10.070012	-1.7381904	1.7286136	9.969456	-1.7525556	1.8722657	10.041282	-1.7669208	1.8626889	9.983821	-1.7477672	1.8579005	10.070012	-1.685518	1.8291701	10.084377	-1.7190368	1.8483237	10.060435	-1.7190368	1.6998832	10.084377	-1.7812861	1.8435353
1649672387.1227713	1	10.070012	-1.6998832	1.7621324	9.940725	-1.7477672	1.7525556	10.055647	-1.7717092	1.6711528	9.998186	-1.6089035	1.7525556	10.0269165	-1.7381904	1.8148049	9.974244	-1.7238252	1.757344	10.022128	-1.7669208	1.8195933	10.070012	-1.7046716	1.7621324	10.041282	-1.6998832	1.7860745	9.998186	-1.6903064	1.7956513	10.146626	-1.6184803	1.7956513	9.969456	-1.6998832	1.7669208	10.070012	-1.6998832	1.7238252	10.012551	-1.7525556	1.7860745	9.921572	-1.7764976	1.7956513	10.060435	-1.8004397	1.7477672	10.01734	-1.7669208	1.6998832	9.9790325	-1.7669208	1.685518	9.993398	-1.7956513	1.8674773	9.969456	-1.7046716	1.7621324
1649672429.1839778	1	10.084377	-1.7381904	1.7238252	9.998186	-1.7621324	1.7908629	10.079589	-1.6759412	1.7764976	10.022128	-1.6903064	1.7812861	10.055647	-1.70946	1.8674773	9.892841	-1.7764976	1.6998832	10.0987425	-1.6232687	1.7812861	9.9790325	-1.7717092	1.6998832	10.079589	-1.7525556	1.8866309	9.9550905	-1.7669208	1.5658079	9.964667	-1.7429788	1.4556746	10.012551	-1.7477672	1.8674773	9.983821	-1.7908629	1.8148049	9.959879	-1.757344	1.7238252	9.801862	-1.7908629	1.8052281	10.093954	-1.7812861	1.8387469	9.969456	-1.7812861	1.8291701	10.036493	-1.7286136	1.6759412	9.974244	-1.7525556	1.6184803	10.022128	-1.8291701	1.7525556
1649672475.919325	1	10.208876	-1.7860745	1.6663644	10.031705	-1.757344	1.7908629	9.974244	-1.6807296	1.7477672	10.012551	-1.7764976	1.6998832	10.0987425	-1.6759412	1.7477672	10.007763	-1.7046716	1.8722657	10.0987425	-1.7477672	1.7046716	10.117896	-1.733402	1.7286136	9.969456	-1.7717092	1.7190368	9.974244	-1.8531121	1.7860745	10.041282	-1.6519991	1.8148049	10.141838	-1.7764976	1.7525556	9.9790325	-1.733402	1.7381904	10.0029745	-1.6950948	1.685518	10.012551	-1.8291701	1.6950948	10.065224	-1.7717092	1.7429788	10.0748005	-1.8531121	1.9201498	10.041282	-1.6567876	1.8387469	10.036493	-1.7812861	1.7812861	10.0269165	-1.757344	1.8052281
1649672513.273737	1	10.208876	-1.7860745	1.6663644	10.16578	-1.8339585	1.7908629	9.959879	-1.8100165	1.6711528	10.060435	-1.7142484	1.8674773	10.084377	-1.6711528	1.6759412	10.084377	-1.6089035	1.6472107	9.988609	-1.7717092	1.7669208	10.0748005	-1.7477672	1.7669208	10.04607	-1.8100165	1.7621324	10.0269165	-1.7429788	1.685518	10.13705	-1.685518	1.6567876	10.079589	-1.7525556	1.7238252	10.060435	-1.8052281	1.8387469	10.01734	-1.6950948	1.685518	10.012551	-1.7429788	1.7812861	10.007763	-1.8531121	1.8100165	10.0508585	-1.7525556	1.7046716	9.883265	-1.7669208	1.8483237	9.907207	-1.661576	1.7717092	9.998186	-1.7046716	1.7238252
1649672555.2975905	1	10.04607	-1.7525556	1.6998832	10.055647	-1.7142484	1.661576	10.055647	-1.7286136	1.8818425	10.079589	-1.7429788	1.661576	10.065224	-1.8483237	1.7477672	10.031705	-1.7860745	1.7429788	10.055647	-1.8148049	1.685518	10.156203	-1.8531121	1.7764976	9.998186	-1.6903064	1.7429788	9.974244	-1.8100165	1.6472107	9.993398	-1.8291701	1.685518	10.108319	-1.7621324	1.8052281	9.998186	-1.8100165	1.733402	10.0269165	-1.8626889	1.910573	10.0987425	-1.8387469	1.661576	10.065224	-1.733402	1.685518	10.012551	-1.7525556	1.8291701	10.0748005	-1.7621324	1.7860745	9.9790325	-1.6950948	1.7669208	9.974244	-1.8052281	1.6232687
1649672598.1194956	1	9.878476	-1.8291701	1.8291701	9.988609	-1.6089035	1.541866	10.093954	-1.7764976	1.8387469	10.13705	-1.7717092	1.7717092	10.113108	-1.8243817	1.6519991	10.041282	-1.7956513	1.7621324	10.022128	-1.8674773	1.6998832	10.012551	-1.9009962	1.8770541	10.031705	-1.6711528	1.5753847	10.117896	-1.7621324	1.8100165	10.065224	-1.661576	1.8100165	10.022128	-1.7860745	1.70946	10.093954	-1.8387469	1.757344	9.959879	-1.7717092	1.8243817	10.117896	-1.8052281	1.8483237	10.13705	-1.7429788	1.757344	10.0748005	-1.8243817	1.733402	10.055647	-1.7190368	1.661576	10.113108	-1.7908629	1.757344	9.983821	-1.7142484	1.7860745
1649672639.402421	1	10.079589	-1.8052281	1.8387469	10.156203	-1.6567876	1.7669208	10.012551	-1.9919758	1.7956513	10.070012	-1.7381904	1.6424223	10.012551	-1.7908629	1.6519991	10.0748005	-1.8100165	1.6472107	10.084377	-1.7860745	1.8339585	10.0987425	-1.7238252	1.7860745	10.1226845	-1.8674773	1.7812861	10.141838	-1.7190368	1.6328455	10.036493	-1.8195933	1.6041151	10.065224	-1.6376339	1.7429788	10.141838	-1.7717092	1.6998832	9.9550905	-1.8818425	1.70946	9.916783	-1.8004397	1.7429788	9.993398	-1.7525556	1.7956513	10.041282	-1.7717092	1.8387469	10.041282	-1.70946	1.8674773	10.089166	-1.757344	1.6711528	10.01734	-1.8387469	1.6424223
1649672681.4245632	1	10.0508585	-1.8004397	1.7477672	10.141838	-1.7717092	1.6232687	10.060435	-1.8195933	1.7956513	10.04607	-1.7908629	1.8674773	9.935937	-1.8770541	1.8195933	9.873688	-1.8052281	1.7908629	9.907207	-1.8626889	1.7621324	9.974244	-1.8148049	1.7429788	9.892841	-1.8483237	1.7621324	9.993398	-1.7142484	1.8291701	10.007763	-1.7477672	1.7477672	9.993398	-1.7621324	1.7046716	9.935937	-1.7477672	1.8579005	10.012551	-1.7860745	1.7381904	10.141838	-1.8770541	1.8483237	10.065224	-1.7956513	1.7286136	9.959879	-1.7717092	1.8243817	10.022128	-1.7956513	1.8722657	9.983821	-1.7429788	1.661576	9.988609	-1.8100165	1.6759412
1649672723.5123818	1	9.998186	-1.7956513	1.6950948	10.0269165	-1.8052281	1.8100165	10.065224	-1.6903064	1.70946	10.065224	-1.7860745	1.685518	9.89763	-1.7908629	1.8004397	10.041282	-1.7860745	1.7956513	9.9790325	-1.7286136	1.8387469	9.993398	-1.7525556	1.8291701	10.055647	-1.8531121	1.733402	9.969456	-1.8387469	1.7142484	10.012551	-1.7908629	1.7812861	10.012551	-1.8626889	1.6711528	10.113108	-1.8100165	1.8195933	10.0269165	-1.7908629	1.7908629	10.022128	-1.8052281	1.8195933	10.022128	-1.7286136	1.7525556	10.065224	-1.7238252	1.7908629	10.089166	-1.7669208	1.7860745	9.974244	-1.8195933	1.8770541	10.04607	-1.7621324	1.7477672
1649672765.5309267	1	10.113108	-1.4317327	1.043872	10.036493	-1.7956513	1.7429788	9.983821	-1.8148049	1.7717092	9.974244	-1.7764976	1.6041151	9.9790325	-1.7525556	1.5753847	9.959879	-1.9009962	1.9967642	9.873688	-1.7621324	1.6424223	10.070012	-1.7429788	1.4987702	10.132261	-1.757344	1.5658079	10.022128	-1.8626889	1.6663644	10.04607	-1.8626889	1.7621324	9.902418	-1.8004397	1.6232687	10.031705	-1.7286136	1.5562311	10.0748005	-1.8339585	1.7238252	10.060435	-1.8004397	1.7525556	10.055647	-1.8148049	1.5658079	9.998186	-1.7956513	1.6807296	10.01734	-1.7908629	1.8387469	10.0508585	-1.7812861	1.7908629	10.012551	-1.7956513	1.6998832
1649672807.5645251	1	10.01734	-1.8866309	1.7764976	9.998186	-1.8052281	1.7525556	9.931149	-1.8243817	1.7764976	9.983821	-1.8291701	1.8674773	9.950302	-1.8052281	1.7238252	10.108319	-1.7812861	1.6472107	10.041282	-1.8243817	1.70946	10.089166	-1.7669208	1.6711528	10.055647	-1.8531121	1.6424223	10.022128	-1.7812861	1.7238252	9.9790325	-1.910573	1.661576	9.969456	-1.9201498	1.685518	10.012551	-1.8818425	1.7669208	10.175357	-1.8339585	1.7525556	10.084377	-1.8626889	1.7764976	10.031705	-1.8387469	1.7477672	10.0987425	-1.7046716	1.6376339	10.007763	-1.8148049	1.6424223	10.117896	-1.910573	1.7717092	9.9790325	-1.8483237	1.7477672
1649672849.6241882	1	9.983821	-1.8483237	1.8770541	10.041282	-1.7956513	1.7429788	10.13705	-1.9009962	1.6711528	10.055647	-1.7812861	1.661576	10.1226845	-1.8291701	1.733402	10.079589	-1.8435353	1.6280571	10.1226845	-1.8770541	1.6759412	10.093954	-1.9153614	1.6950948	9.916783	-1.7764976	1.5897499	10.01734	-1.8339585	1.7381904	9.935937	-1.9009962	1.6041151	10.113108	-1.7429788	1.508347	9.964667	-1.9009962	1.6567876	10.031705	-1.8531121	1.6663644	10.022128	-1.7669208	1.6903064	10.012551	-1.6998832	1.5849615	10.089166	-1.7238252	1.5849615	9.974244	-1.7525556	1.5993267	10.055647	-1.8626889	1.6424223	10.0029745	-1.7717092	1.7908629
1649672891.6747615	1	9.940725	-1.7764976	1.7477672	10.113108	-1.8339585	1.5753847	10.041282	-1.8435353	1.7381904	10.0508585	-1.8243817	1.6998832	10.228029	-1.7908629	1.7381904	9.959879	-1.7717092	1.661576	10.012551	-1.8483237	1.6232687	10.0269165	-1.8435353	1.7669208	10.132261	-1.8579005	1.6807296	10.1226845	-1.8435353	1.6663644	10.041282	-1.7477672	1.6089035	10.007763	-1.8243817	1.7525556	10.0029745	-1.9632454	1.5849615	9.998186	-1.8579005	1.5562311	9.964667	-1.7956513	1.7477672	9.959879	-1.8387469	1.733402	9.9790325	-1.7238252	1.5849615	10.108319	-1.9201498	1.7477672	9.888053	-1.8004397	1.541866	10.060435	-1.8818425	1.6089035
1649672933.721277	1	10.0748005	-1.8100165	1.6136919	10.04607	-1.7812861	1.70946	10.0029745	-1.7525556	1.6280571	9.935937	-1.7717092	1.7956513	9.998186	-1.8100165	1.7717092	10.060435	-1.9632454	1.8914193	9.715671	-1.910573	1.7238252	10.0987425	-1.9536686	1.5705963	9.988609	-1.8100165	1.6759412	10.079589	-1.9967642	1.7860745	10.060435	-1.8339585	1.6998832	9.916783	-1.7717092	1.8339585	9.988609	-1.7621324	1.6089035	10.0748005	-1.8100165	1.8052281	10.156203	-1.8962077	1.5562311	10.151415	-1.4891934	2.1212628	9.9790325	-1.9057846	1.7525556	10.036493	-1.8531121	1.661576	9.993398	-1.8291701	1.7812861	10.132261	-1.7764976	1.7477672
1649672975.744761	1	9.988609	-1.8195933	1.6328455	10.012551	-1.8243817	1.6950948	9.945514	-1.7381904	1.6807296	9.993398	-1.8531121	1.541866	9.983821	-1.8148049	1.6328455	9.983821	-1.5993267	1.3742718	9.9550905	-1.8914193	1.7190368	10.060435	-1.5945383	1.541866	10.079589	-1.7908629	1.7286136	10.079589	-1.8531121	1.757344	10.0748005	-1.8100165	1.8004397	9.873688	-1.958457	1.7717092	10.1226845	-1.8483237	1.5610195	9.9550905	-1.7812861	1.5993267	10.093954	-1.8722657	1.7381904	10.036493	-1.8818425	1.7669208	9.892841	-1.9057846	1.7046716	9.959879	-1.8531121	1.8100165	9.92636	-1.8866309	1.8100165	10.070012	-1.8243817	1.661576
1649673017.80493	1	10.022128	-1.8052281	1.7812861	9.921572	-1.8195933	1.5658079	9.988609	-1.757344	1.6280571	10.022128	-1.7860745	1.6807296	10.093954	-1.7860745	1.7956513	10.0748005	-1.8435353	1.7238252	10.141838	-1.7429788	1.4796166	10.012551	-1.8339585	1.8770541	10.0029745	-1.8722657	1.5849615	10.022128	-1.8243817	1.6663644	10.113108	-1.9680338	1.8243817	10.0748005	-1.8243817	1.7190368	9.940725	-1.9153614	1.6424223	9.921572	-1.8770541	1.757344	10.012551	-1.7812861	1.7812861	10.079589	-1.9153614	1.7429788	9.969456	-1.8674773	1.7717092	10.0748005	-1.7621324	1.6472107	9.9550905	-1.8770541	1.7046716	10.146626	-1.7525556	1.7046716
1649673064.94601	1	10.065224	-1.7669208	1.8291701	10.007763	-1.8435353	1.6807296	10.0748005	-1.910573	1.6232687	10.0987425	-1.8531121	1.7860745	10.0269165	-1.7621324	1.7621324	10.007763	-1.8579005	1.8291701	9.9790325	-1.9393034	1.661576	9.921572	-1.757344	1.6376339	10.25676	-1.8866309	1.6328455	10.108319	-1.8195933	1.7238252	10.070012	-1.8483237	1.5610195	9.902418	-1.9057846	1.661576	9.9550905	-1.8483237	1.7669208	10.0029745	-1.7812861	1.6950948	10.0748005	-1.8004397	1.6807296	9.940725	-1.7956513	1.6711528	10.1226845	-1.7764976	1.5370775	10.0269165	-1.8243817	1.7190368	10.103531	-1.8674773	1.7238252	10.012551	-1.8626889	1.6663644
1649673101.8896818	1	9.998186	-1.8483237	1.7764976	9.993398	-1.934515	1.8531121	10.113108	-1.7956513	1.6472107	10.242394	-1.7717092	1.7812861	10.060435	-1.8195933	1.7142484	10.036493	-1.8243817	1.5801731	10.079589	-1.8052281	1.6328455	10.060435	-1.6807296	1.6041151	10.060435	-1.8387469	1.7860745	9.969456	-1.8770541	1.7477672	10.089166	-1.7669208	1.7908629	10.041282	-1.6950948	1.8052281	9.988609	-1.7860745	1.6280571	9.821015	-1.8626889	1.6136919	9.9550905	-1.8339585	1.8004397	10.065224	-1.8339585	1.6376339	9.983821	-1.9201498	1.7669208	10.060435	-1.7525556	1.6136919	10.117896	-1.8531121	1.8531121	10.065224	-1.8052281	1.7046716
1649673146.721343	1	10.151415	-1.8100165	1.7286136	10.055647	-1.8914193	1.8148049	10.117896	-1.8626889	1.661576	10.184934	-1.958457	1.8052281	10.012551	-1.8100165	1.6280571	10.04607	-1.8387469	1.6663644	10.055647	-1.9009962	1.6136919	9.998186	-1.8866309	1.7477672	9.983821	-1.8626889	1.6807296	10.036493	-1.7812861	1.6759412	10.0029745	-1.7621324	1.6759412	10.0508585	-1.7908629	1.8148049	10.089166	-1.8148049	1.7238252	10.084377	-1.8866309	1.4748282	9.983821	-1.7860745	1.7381904	10.0269165	-1.8148049	1.7812861	10.1226845	-1.8291701	1.8100165	10.022128	-1.8531121	1.8770541	10.060435	-1.757344	1.6424223	10.079589	-1.8100165	1.733402
1649673185.999022	1	10.103531	-1.8148049	1.6759412	10.0029745	-1.8818425	1.7812861	10.108319	-1.8914193	1.7190368	10.01734	-1.8100165	1.6089035	10.0029745	-1.7764976	1.6950948	10.117896	-1.8866309	1.7764976	10.084377	-1.8387469	1.6232687	10.055647	-1.8531121	1.7669208	10.031705	-1.7860745	1.6903064	10.060435	-1.7860745	1.6903064	10.007763	-1.7764976	1.6711528	10.065224	-1.8435353	1.5849615	10.04607	-1.8243817	1.7477672	10.156203	-1.7717092	1.7190368	9.9550905	-1.7812861	1.733402	10.156203	-1.757344	1.6376339	10.065224	-1.8626889	1.685518	10.079589	-1.8722657	1.6519991	10.012551	-1.7142484	1.6184803	10.041282	-1.8243817	1.5849615
1649673230.0497975	1	10.0508585	-1.8100165	1.6280571	9.988609	-1.8243817	1.6424223	10.01734	-1.7956513	1.7142484	10.0748005	-1.8866309	1.8483237	9.974244	-1.9153614	1.8148049	10.022128	-1.8100165	1.7908629	10.0029745	-1.8962077	1.6663644	9.89763	-1.7525556	1.8195933	10.01734	-1.7860745	1.7429788	9.9790325	-1.8052281	1.6950948	10.089166	-1.8291701	1.6232687	10.055647	-1.7190368	1.6424223	9.993398	-1.9728222	1.8579005	10.146626	-1.7142484	1.685518	9.993398	-1.8626889	1.6472107	10.0508585	-1.7381904	1.7190368	10.007763	-1.7669208	1.8004397	10.007763	-1.7429788	1.8531121	9.9550905	-1.7477672	1.8243817	10.012551	-1.7381904	1.7477672
1649673270.089898	1	10.16578	-1.7908629	1.7621324	10.175357	-1.7812861	1.5849615	10.146626	-1.8531121	1.6903064	10.070012	-1.7956513	1.6328455	10.13705	-1.7717092	1.6903064	10.041282	-1.7525556	1.5466543	10.022128	-1.7956513	1.7238252	10.13705	-1.757344	1.7238252	10.055647	-1.7812861	1.532289	10.01734	-1.8674773	1.5705963	9.89763	-1.8818425	1.6711528	9.916783	-1.8866309	1.8531121	10.16578	-1.7908629	1.7429788	9.9790325	-1.8100165	1.8052281	10.04607	-1.8195933	1.5275006	9.998186	-1.7812861	1.5658079	10.036493	-1.7956513	1.7429788	9.950302	-1.7381904	1.5849615	10.012551	-1.8195933	1.661576	10.079589	-1.8052281	1.7046716
1649673312.1164005	1	10.13705	-1.8052281	1.6232687	10.1226845	-1.7812861	1.6759412	10.012551	-1.7717092	1.7190368	10.007763	-1.7908629	1.685518	9.993398	-1.9057846	1.7046716	10.060435	-1.8195933	1.7238252	10.007763	-1.8626889	1.7908629	10.103531	-1.6950948	1.6472107	10.0748005	-1.8148049	1.685518	10.031705	-1.5945383	1.9009962	9.993398	-1.7908629	1.6232687	10.031705	-1.7860745	1.7286136	10.022128	-1.7908629	1.6424223	10.036493	-1.8291701	1.70946	10.007763	-1.7669208	1.7621324	9.964667	-1.7764976	1.6519991	10.13705	-1.8052281	1.7525556	10.91756	-1.8818425	1.8483237	10.007763	-1.7908629	1.6376339	10.103531	-1.8195933	1.5801731
1649673354.170294	1	9.959879	-1.7908629	1.6998832	10.0269165	-1.8291701	1.6567876	10.079589	-1.7812861	1.6903064	10.093954	-1.8483237	1.5897499	10.007763	-1.8722657	1.7046716	10.022128	-1.8195933	1.7238252	9.935937	-1.8052281	1.6089035	10.0987425	-1.8100165	1.685518	10.060435	-1.8722657	1.9249382	10.036493	-1.8148049	1.5562311	10.1226845	-1.8148049	1.8052281	10.065224	-1.9201498	1.8004397	10.070012	-1.7525556	1.8052281	10.007763	-1.8291701	1.7286136	10.007763	-1.7621324	1.8435353	9.907207	-1.7908629	1.733402	9.9790325	-1.7286136	1.6998832	10.0508585	-1.9009962	1.6663644	10.084377	-1.8866309	1.7621324	10.055647	-1.7286136	1.6041151
1649673396.205047	1	9.92636	-1.8195933	1.6663644	10.060435	-1.733402	1.6424223	10.070012	-1.8148049	1.6663644	10.084377	-1.8483237	1.7477672	10.007763	-1.8579005	1.6376339	10.012551	-1.8579005	1.7429788	9.959879	-1.6807296	1.5466543	10.0748005	-1.7860745	1.7525556	10.022128	-1.7525556	1.6472107	10.242394	-1.8579005	1.7477672	10.0029745	-1.8100165	1.7046716	9.969456	-1.8626889	1.733402	10.0029745	-1.8100165	1.6711528	10.0748005	-1.7142484	1.6328455	10.127473	-1.8148049	1.8339585	10.012551	-1.8100165	1.7477672	10.146626	-1.8052281	1.6424223	9.821015	-1.8100165	1.541866	9.993398	-1.7812861	1.6807296	10.022128	-1.8531121	1.70946
1649673441.0008638	1	9.988609	-1.8339585	1.8100165	9.959879	-1.8722657	1.7046716	10.0748005	-1.8195933	1.6376339	10.065224	-1.7717092	1.6472107	10.0029745	-1.8579005	1.6663644	10.041282	-1.8435353	1.7429788	9.969456	-1.8243817	1.6903064	10.01734	-1.8195933	1.5801731	10.1226845	-1.8339585	1.6136919	10.0269165	-1.8195933	1.6950948	9.969456	-1.8148049	1.532289	10.093954	-1.7764976	1.6328455	9.998186	-1.7860745	1.6280571	10.031705	-1.7908629	1.661576	10.0029745	-1.7142484	1.5993267	10.04607	-1.8483237	1.6232687	9.921572	-1.7717092	1.6759412	10.0748005	-1.8291701	1.8100165	10.117896	-1.8626889	1.5370775	10.01734	-1.8148049	1.7046716
1649674704.93534	1	-3.0310593	4.2281604	7.9822683	-3.3806129	4.0414124	7.7332716	-2.111686	3.2321723	8.78672	-2.504335	3.0358477	8.690952	-2.360683	2.992752	9.299079	-1.6280571	3.5242648	8.599973	-1.4030021	4.237737	8.576031	-1.8435353	4.232949	8.8777	-1.4652514	4.8123455	8.025364	-0.9816227	4.912902	7.9726915	-5.7987566	4.6255975	5.511452	-9.02614	-0.545878	2.5761611	-8.968679	-0.51235914	2.6288335	-8.944737	-0.5554548	2.4133554	-9.050082	-0.56982	2.480393	-9.074024	-0.521936	2.4851813	-8.954314	-0.56982	2.585738	-9.045294	-0.51235914	2.4995465	-9.097966	-0.5746084	2.504335	-9.078813	-0.5506664	2.4420857
1649674773.6817575	1	-9.078813	-0.50278234	2.480393	-9.02614	-0.5793968	2.566584	-8.973468	-0.59376204	2.542642	-8.911219	-0.47884035	2.5187001	-8.992621	-0.48362875	2.6288335	-9.323022	-0.6368576	2.6288335	-8.99741	-0.50757074	2.4277205	-9.045294	-0.50757074	2.4947581	-8.887277	-0.5267244	2.6431987	-9.050082	-0.45968673	2.456451	-8.978256	-0.47405192	2.5570073	-8.868123	-0.51235914	2.5761611	-9.088389	-0.50757074	2.6001031	-9.050082	-0.4261679	2.552219	-9.006987	-0.50278234	2.777274	-10.496181	2.8491	6.445191	-0.16759412	4.185065	9.677363	-1.067814	3.9552212	9.299079	-1.2354081	3.6391866	9.275137	-1.733402	3.9983168	8.183381
