1650882097.4316964	1	6.5936313	1.6232687	4.4484267	-0.23942018	-4.4963107	8.896853	-2.8921957	-5.0038815	8.274361	-0.07182605	5.8322754	4.280833
1650882107.436982	1	-1.0342951	7.2927384	6.6079965	2.078167	-0.272939	9.883265	2.1787236	-1.3359646	9.572019	1.8674773	-0.4309563	9.801862
1650882117.4146595	1	0.81402856	2.7006595	8.690952	1.436521	1.9680338	9.299079	1.541866	1.6807296	9.682152	0.94331545	1.2497733	9.3421755
1650882127.3373804	1	1.0486604	0.7469909	9.390059	1.7190368	0.6368576	9.634268	1.4269443	-0.2873042	9.399636	1.8866309	-0.6607997	10.280702
1650882137.348986	1	0.9720459	-0.78529817	10.089166	1.9488802	0.44532153	9.246407	-0.23942018	-1.5753847	10.271125	0.6368576	-1.1971009	9.514558
1650883088.456215	1	3.9121256	-7.192182	-6.493075	4.0318356	-7.4746976	-6.411672	2.1691468	-8.298303	-6.315904	3.083732	-7.9104424	-6.167464
1650883098.4490075	1	2.8682537	-7.5800424	-6.603208	2.7389667	-7.7093296	-6.5840545	2.0254946	-8.37013	-6.2488666	1.2018893	-8.647857	-6.3350577
1650883108.3826604	1	-1.2066777	-8.7771435	6.3302693	0.25378537	-11.401189	-5.985504	-0.36391866	-8.676587	-6.205771	1.0486604	-10.117896	2.2409728
1650883118.3657987	1	4.8123455	-3.0358477	8.001422	1.3311762	-9.80665	-4.6112323	0.6943185	-10.01734	-4.3861775	-0.30645782	-7.4986396	-7.0341644
1650883128.3530445	1	-0.6751649	-8.853758	-5.755661	-0.94331545	-10.036493	-2.9161377	-0.8331822	-9.921572	-3.572149	-0.8331822	-9.787497	-3.8594532
1650883138.3162622	1	-1.2689269	-9.725247	-3.9217024	-1.2114661	-9.562442	-4.237737	-1.0247183	-9.428367	-4.620809	-0.8523358	-9.552865	-4.4675803
1650883148.820055	1	-0.44532153	-8.331821	-6.4643445	-0.33039984	-8.063671	-6.895301	-0.4165911	-8.073248	-6.8426285	-0.50278234	-7.991845	-7.1107793
1650883158.7696335	1	-0.5410896	-8.010999	-6.885724	-0.30645782	-7.8050976	-6.895301	-0.545878	-8.049306	-6.8761473	-0.60333884	-7.9248075	-6.9240313
1650883168.717266	1	-0.6799533	-8.24563	-6.8761473	-0.12928689	-7.785944	-7.201759	0.076614454	-7.929596	-7.1347213	-0.5746084	-7.843405	-6.9767036
1650883178.7064023	1	-0.59855044	-7.8146744	-7.2113357	-0.45010993	-7.833828	-7.192182	-0.45489833	-7.680599	-7.0724716	-0.35434186	-7.675811	-7.302315
1650883188.700889	1	-0.2777274	-7.771579	-7.3071036	-0.37828386	-7.699753	-7.273585	-0.4165911	-7.608773	-7.216124	-0.48841715	-7.747637	-7.201759
1650883198.6634974	1	-0.63206923	-7.9583263	-7.0581064	-0.6655881	-7.819463	-7.0006456	-0.7422025	-7.9152308	-7.0102224	-0.4213795	-7.6231384	-7.374141
1650883208.652505	1	-0.58897364	-7.6135616	-7.177817	-0.50278234	-7.7572136	-7.2065473	-0.6799533	-7.881712	-7.216124	-0.6368576	-7.7907324	-7.1490865
1650883218.6228864	1	-0.47884035	-7.728483	-7.321469	-0.5267244	-7.608773	-7.311892	-0.6512229	-7.747637	-7.2352777	-0.5315128	-7.6375036	-7.216124
1650883228.6031735	1	-0.7134721	-7.762002	-7.091625	-0.78050977	-7.9487495	-7.101202	-0.78529817	-7.953538	-7.101202	-0.6607997	-7.632715	-7.240066
1650883238.564643	1	-0.79487497	-7.9583263	-7.086837	-1.3024458	-8.470686	-6.5457473	-1.0342951	-7.6949644	-7.2113357	-1.0295067	-7.666234	-7.1347213
1650883248.5583873	1	-1.3790601	-8.025364	-6.861782	-1.2593501	-7.9966335	-6.871359	-1.2497733	-7.881712	-6.861782	-1.1923125	-7.843405	-6.9288197
1650883258.5479846	1	-1.1971009	-7.8625584	-7.192182	-1.2785037	-7.843405	-7.0820484	-1.2210429	-7.747637	-7.015011	-1.283292	-7.5848308	-7.086837
1650883268.496147	1	-1.1061212	-7.833828	-7.1730285	-1.1252748	-7.7332716	-7.038953	-1.0821792	-7.824251	-7.240066	-1.1348516	-7.728483	-7.1873937
1650883278.4205575	1	-1.115698	-7.6853876	-7.101202	-1.13964	-7.7572136	-7.153875	-1.1779473	-7.642292	-7.1873937	-1.388637	-7.824251	-6.8809357
1650883288.9349458	1	-1.2401965	-7.867347	-7.2113357	-0.6368576	-6.8905125	-7.9248075	-0.6368576	-7.603985	-7.3885064	-0.7422025	-7.6135616	-7.3071036
1650883298.923849	1	-0.79487497	-7.690176	-7.3071036	-0.80924016	-7.747637	-7.0245876	-0.61291564	-7.728483	-7.120356	-0.6464345	-7.503428	-7.2352777
1650883308.845816	1	-1.1013328	-7.6231384	-7.28795	-1.0199299	-7.551312	-7.2065473	-0.93852705	-7.6375036	-7.2065473	-0.7517793	-7.493851	-7.3645644
1650883318.8601	1	-0.7469909	-7.513005	-7.5082164	-0.7661445	-7.40766	-7.469909	-0.7230489	-7.560889	-7.4268136	-0.7182605	-7.469909	-7.513005
1650883328.8367767	1	-0.6847417	-7.513005	-7.4746976	-0.7230489	-7.345411	-7.632715	-0.62728083	-7.3885064	-7.565677	-0.7134721	-7.393295	-7.5944076
1650883338.767677	1	-0.61770403	-7.3645644	-7.714118	-0.7134721	-7.398083	-7.61835	-0.6655881	-7.369353	-7.61835	-0.521936	-7.3406224	-7.867347
1650883348.7913575	1	-0.7230489	-7.201759	-7.4986396	-0.80924016	-7.2352777	-7.599196	-0.7326257	-7.2304893	-7.5800424	-0.6943185	-7.273585	-7.7093296
1650883358.7619865	1	-0.78529817	-7.3310456	-7.6135616	-0.6847417	-7.2209125	-7.5944076	-0.7182605	-7.2065473	-7.627927	-0.81881696	-7.3885064	-7.6470804
1650883368.6890209	1	-0.7422025	-7.455544	-7.6853876	-0.7757214	-7.345411	-7.666234	-0.770933	-7.2352777	-7.675811	-0.6991069	-7.225701	-7.651869
1650883378.7281923	1	-0.9720459	-7.795521	-7.240066	-1.1300632	-7.819463	-7.297527	-1.1348516	-7.699753	-7.2304893	-1.1683705	-7.7093296	-7.201759
1650883388.7146392	1	-1.0342951	-7.627927	-7.225701	-1.1348516	-7.5225816	-7.3166804	-0.9816227	-7.479486	-7.2927384	-0.90979666	-7.5848308	-7.445967
1650883398.63261	1	-1.1779473	-7.843405	-7.455544	-1.1061212	-7.445967	-7.465121	-1.0582372	-7.4124484	-7.4028716	-0.9624691	-7.374141	-7.6470804
1650883408.6378183	1	-0.8379706	-6.943185	-8.034941	-0.8619126	-7.0102224	-7.867347	-0.866701	-6.9288197	-8.010999	-1.0869676	-7.1490865	-7.8912888
1650883419.10029	1	-0.7374141	-7.431602	-7.3789296	-1.0199299	-7.565677	-7.4268136	-0.90979666	-7.369353	-7.4028716	-0.8283938	-7.302315	-7.465121
1650883429.0526783	1	-0.81881696	-7.4124484	-7.4986396	-0.81402856	-7.627927	-7.5465236	-0.79487497	-7.445967	-7.513005	-0.8858546	-7.369353	-7.513005
1650883439.0960617	1	-0.79966336	-7.4124484	-7.517793	-0.92895025	-7.493851	-7.345411	-0.9864111	-7.4986396	-7.40766	-0.90500826	-7.297527	-7.393295
1650883449.0356066	1	-0.94331545	-7.5225816	-7.321469	-1.0534488	-7.326257	-7.086837	-1.091756	-7.6375036	-7.192182	-1.1109096	-7.61835	-7.345411
1650883459.0442598	1	-1.3790601	-7.345411	-7.1490865	-1.13964	-7.4842744	-7.445967	-1.0199299	-7.3885064	-7.517793	-0.94810385	-7.192182	-7.4746976
1650883468.9854758	1	-1.115698	-7.3885064	-7.4746976	-1.0103531	-7.129933	-7.7189064	-0.90979666	-7.153875	-7.9631147	2.2936451	-6.3350577	-8.197746
1650883478.983043	1	-0.44532153	-7.503428	-7.465121	-0.63206923	-7.6231384	-7.321469	-0.31124622	-8.202535	-6.670246	5.329493	-9.088389	-2.8682537
1650883488.9788463	1	2.815581	-10.290278	-2.3894134	3.6343982	-9.323022	-0.4213795	3.5482068	-9.423578	-2.0590134	3.193865	-9.797073	-2.1308396
1650883498.908829	1	3.4859576	-9.830592	-2.3223755	3.572149	-9.495404	-2.432509	3.3183637	-9.586384	-2.504335	3.41892	-9.548077	-2.6479871
1650883508.8827872	1	3.3854012	-8.920795	-4.534618	3.5865142	-8.815451	-4.4101195	3.5529952	-8.839393	-4.3957543	3.4045548	-8.882488	-4.477157
1650883518.8606048	1	6.8905125	-6.885724	-0.9624691	2.719813	-9.14585	-4.036624	2.6862943	-7.9966335	-7.129933	1.9728222	-8.504205	-6.397307
1650883528.8328288	1	2.3702598	-8.101978	-6.325481	1.4173675	-10.242394	-2.5234885	-0.7086837	-9.902418	-3.845088	-1.0103531	-9.9790325	-3.8498764
1650883538.7659664	1	1.7429788	-8.571242	-3.8977604	-2.8874073	-11.496957	-5.5258174	-1.1587936	-9.437943	-4.620809	0.61770403	-10.031705	-3.7541082
1650883548.7946389	1	-1.460463	-6.6079965	-2.944868	-2.566584	-12.832921	-8.470686	0.22984336	-7.0964136	-4.606444	-0.45968673	-11.27669	-7.043741
1650883558.7117765	1	0.48841715	-11.190498	-4.237737	-2.087744	-9.576807	-2.2649148	-1.2689269	-10.007763	-2.896984	-1.3551182	-11.166556	-4.5441947
1650883569.2418647	1	1.2689269	-8.671799	-2.815581	0.16280572	-10.103531	-7.431602	1.4796166	-7.3310456	-5.0517654	3.0214825	-9.390059	-6.919243
1650883619.1446853	1	-2.1930888	-1.6950948	9.3182335	-2.1883004	-6.033388	7.795521	-1.8818425	-5.803545	8.039729	-1.8291701	-5.913678	7.991845
1650883629.0822134	1	-2.657564	-8.710106	4.673482	-0.8331822	-7.264008	7.666234	-9.481039	-4.146757	1.1061212	-8.815451	-1.5562311	3.5338416
1650883639.0673008	1	-2.255338	-7.6375036	6.373365	-4.4963107	-2.8491	0.5746084	-8.298303	-0.5793968	-1.0821792	-11.626244	-2.336741	-0.38307226
1650883649.0103328	1	3.5529952	-9.643845	-1.163582	3.4380736	-9.80665	-1.1827357	3.2752678	-9.768343	-1.3311762	3.074155	-10.01734	-1.5179238
1650883659.0416772	1	2.0590134	-9.854534	-0.24899697	-4.10845	-4.156334	-9.816227	-1.8195933	-7.1634517	-4.7070007	-0.5554548	-8.394072	-4.975151
1650883669.0004606	1	-1.0247183	-9.332599	-4.367024	-2.1499932	-9.892841	-2.4851813	-2.5091233	-8.968679	-4.0557775	-1.2880806	-10.477027	1.3072342
1650883678.9925437	1	3.2034419	-8.274361	-5.0038815	2.6767175	-8.719683	-4.6160207	2.8299465	-8.556877	-5.544971	2.705448	-8.456321	-5.841852
1650883688.8461776	1	2.5809495	-8.384495	-5.793968	2.4995465	-8.255207	-6.090849	2.7820623	-8.001422	-6.5601125	2.5139117	-8.101978	-6.1626754
1650883698.8981893	1	1.3503298	-8.734048	-5.645528	1.5179238	-8.686164	-5.8322754	2.6240451	-8.643068	-4.5633483	2.5330653	-10.275913	-3.53863
1650883709.3950164	1	1.9871874	-9.725247	-3.2513258	2.1643584	-9.624691	-3.3087866	2.1452048	-9.821015	-3.3614593	2.231396	-9.797073	-3.4045548
1650883719.3566923	1	2.2122424	-9.682152	-3.4380736	2.743755	-9.437943	-3.8642416	2.6288335	-9.490616	-3.7541082	2.3223755	-9.552865	-3.6152446
1650883729.3362331	1	2.2601264	-9.629479	-3.5817258	2.1260512	-10.175357	-3.4237084	1.5610195	-2.0015526	7.967903	1.7812861	-5.746084	-9.083601
1650883739.248123	1	2.327164	-5.2289367	-8.992621	4.841076	-7.3166804	-6.1530986	2.1068976	-8.073248	-5.9424086	-0.08140286	-11.080365	-2.6910827
1650883749.28153	1	-1.8195933	-2.4756045	9.543288	-0.24899697	-3.6583402	8.939949	-0.7326257	-1.9249382	9.543288	-3.6535518	1.2210429	8.7292595
1650883759.2239451	1	-5.2480903	-2.528277	7.8529816	-5.329493	-2.6001031	7.905654	-7.771579	-0.78529817	6.1243677	0.10055647	4.5537715	8.145074
1650883769.2501266	1	-2.3894134	0.12449849	9.303867	-2.2218192	-1.0007763	9.423578	-1.8962077	-1.460463	10.084377	-3.0933087	-2.030283	8.968679
1650883779.2435384	1	5.0278234	-4.1036615	8.030152	5.559336	-5.0374002	5.3486466	-4.4915223	-4.644751	7.795521	-4.865018	-4.3622355	7.455544
1650883789.1456733	1	-4.697424	-4.76925	7.4268136	-4.596867	-4.7740383	7.4746976	-4.6399627	-4.783615	7.517793	-4.5872903	-4.8267107	7.431602
1650883799.151485	1	-4.4675803	-5.0134583	7.3885064	-4.4915223	-4.960786	7.5225816	-4.4580035	-5.1475334	7.264008	-4.5633483	-5.109226	7.321469
1650883809.142281	1	-3.8786068	-3.098097	7.642292	-4.807557	-2.4899697	8.207323	-4.606444	-3.0358477	8.09719	-4.596867	-3.0885203	8.073248
1650883819.1182096	1	-4.7022123	-3.3518825	8.1163435	-4.960786	-3.466804	7.881712	-4.793192	-4.3287168	7.4746976	-5.1523223	-3.9695864	7.297527
1650883829.5770044	1	6.7229185	0.8283938	6.3542113	-4.9895163	-2.9496565	7.920019	-4.9799395	-3.7828386	7.513005	-4.5202527	-5.3247046	7.819463
1650883839.0578375	1	-4.9464207	-4.146757	7.5800424	-4.960786	-4.0892963	7.747637	-5.032612	-3.845088	7.6853876	-4.9416323	-3.8977604	7.6231384
1650883849.5189445	1	-5.109226	-3.514688	7.747637	-4.8219223	-3.7732618	7.843405	-4.7979803	-3.86903	7.752425	-4.76925	-3.8786068	7.833828
1650883859.5290997	1	-4.8458643	-3.8546648	7.723695	-4.8267107	-4.027047	7.843405	-4.7165775	-3.9983168	7.7189064	-4.697424	-3.9360676	7.680599
1650883869.4533477	1	-4.7022123	-3.9935284	7.747637	-4.7548847	-3.9552212	7.7907324	4.8985367	-1.6280571	6.349423	-6.090849	-3.2369606	7.144298
1650883879.494503	1	-5.45878	-0.35913026	7.991845	-5.7843914	-1.8052281	7.627927	-5.746084	-1.9871874	7.5800424	-5.746084	-2.3894134	7.398083
1650883889.397108	1	-5.722142	-2.360683	7.5800424	-5.8705826	-2.6240451	7.513005	-5.650316	-2.5187001	7.675811	-5.78918	-2.5809495	7.599196
1650883899.4050615	1	-5.755661	-2.8395233	7.321469	-5.8705826	-2.9161377	7.3645644	-5.717354	-2.8778305	7.4746976	-5.626374	-2.9735985	7.608773
1650883909.406574	1	-5.0757074	-4.390966	7.493851	-5.3342814	-3.6008794	7.541735	-4.606444	-3.0933087	8.264784	5.3438582	-4.309563	6.397307
1650883919.352094	1	5.4683566	-2.1787236	8.106767	1.9967642	-3.8642416	9.021352	4.7309427	-5.439626	7.7667904	3.5673606	4.122815	7.2831616
1650883929.3480651	1	4.453215	-6.244078	5.473145	1.7046716	-8.202535	5.032612	-6.9719152	-4.711789	5.5880666	-9.332599	-5.00867	8.312668
1650883939.2647812	1	-6.4068837	-4.8698063	6.114791	-6.4547677	-6.2249246	5.353435	-6.3350577	-5.554548	5.415684	-6.253655	-5.3342814	5.602432
1650883949.302254	1	-6.220136	-4.6686935	6.3111157	-4.7548847	-6.9767036	5.473145	-5.0517654	-6.5840545	5.626374	-5.0996494	-7.1490865	5.683835
1650883959.2342818	1	-6.0046577	-3.715801	6.967127	-6.1530986	-3.6104562	6.6989765	-6.0764837	-3.643975	6.8522053	-5.9519854	-3.7062242	6.9383965
1650883969.2695618	1	-5.93762	-3.6535518	6.919243	-6.3350577	-3.9264908	6.7133417	-6.3111157	-3.5003228	6.679823	-6.205771	-3.6631286	6.7468605
1650883979.2048128	1	-6.2871737	-3.6056678	6.751649	-6.277597	-3.620033	6.5984197	-6.244078	-3.4955344	6.7612257	-6.3446345	-3.6535518	6.612785
1650883989.6800516	1	-6.2392898	-3.9791632	6.588843	-6.3542113	-4.0557775	6.531382	-6.2345014	-4.0797195	6.4164605	-6.2632318	-4.477157	6.3685765
1650883999.6343129	1	-5.985504	-4.1371803	6.5696893	-4.3143516	-7.0341644	7.61835	-2.825158	-4.9655743	7.6614456	0.545878	-4.865018	4.582502
1650884009.626639	1	0.45010993	-10.04607	0.842759	2.552219	-10.429143	0.9672575	6.6989765	2.1404164	6.14831	7.062895	4.0414124	4.984728
1650884019.6000793	1	-0.02873042	-10.625467	-0.7422025	1.9153614	-10.170568	0.1436521	1.4939818	-10.055647	0.110133275	1.9680338	-10.520123	0.19632454
1650884029.5736525	1	1.1252748	-10.089166	-0.93373865	-1.292869	-10.19451	0.21547815	-1.4796166	-9.730036	0.30166942	-1.9393034	-10.405201	0.1436521
1650884039.555243	1	-1.8004397	-10.089166	-0.7565677	0.5363012	-10.658986	-0.8475474	-0.34955344	-10.553641	1.4077905	0.59376204	-10.204087	0.79008657
1650884049.5202749	1	-1.9393034	-9.710882	-0.17238252	-2.2361844	-10.510546	-0.0047884034	-1.2258313	-10.261548	-0.15322891	-1.4413095	-10.390836	0.16280572
1650884059.5593028	1	5.3582234	-2.4468741	7.52737	6.6175733	1.8674773	5.6120086	5.233725	-6.205771	5.161899	5.9998693	-1.9967642	7.7667904
1650884069.5125425	1	5.281609	-4.3382936	8.202535	5.770026	-2.2266076	7.091625	5.463568	4.548983	5.923255	1.3982137	-12.018892	0.8283938
1650884079.462339	1	-7.6710224	-4.3382936	4.4819455	-2.4468741	-9.11712	1.1109096	-0.7038953	-4.0318356	7.0820484	-3.2752678	-2.7341783	8.614338
1650884089.445745	1	-1.541866	-2.9975405	5.5880666	-2.27928	-5.6120086	7.929596	-2.4851813	-5.5401826	7.666234	-2.4516625	-5.683835	7.7667904
1650884099.395054	1	-2.528277	-3.691859	9.016563	8.010999	-0.05267244	2.6479871	7.9391727	-7.0820484	-0.8810662	4.6830587	-6.6606693	6.4978633
1650884109.3823483	1	-1.7669208	-6.196194	7.9391727	-2.7485435	-5.631162	8.058883	3.6535518	-0.4405331	8.336611	4.5537715	-8.643068	1.70946
1650884119.343514	1	-1.0965444	-9.394848	3.6487634	1.2880806	-9.002198	4.9320555	-0.50757074	-9.279925	4.0940847	-0.4309563	-9.624691	4.3382936
1650884129.834304	1	-0.033518825	-9.548077	4.209007	-5.985504	-7.800309	9.844957	2.2457612	-8.374918	5.9041014	-0.7182605	-8.025364	6.4739213
1650884139.7759757	1	0.0	-8.719683	5.707777	-0.02873042	-8.475474	5.683835	-0.20590134	-8.6813755	5.45878	0.1340753	-8.537724	5.6886234
1650884149.7790184	1	0.50278234	-8.446744	5.631162	0.5363012	-8.418014	5.841852	0.60812724	-8.461109	5.770026	0.9720459	-7.9008656	6.181829
1650884159.7635562	1	0.2681506	-8.66701	5.592855	-0.090979666	-8.202535	6.1195793	0.0	-7.4268136	6.9719152	-0.023942016	-7.762002	6.7468605
1650884169.7684698	1	-0.20111294	-7.5704656	6.6893997	0.17717093	-7.8050976	6.6846113	-0.019153614	-7.536947	6.9719152	-0.11971009	-7.565677	6.885724
1650884179.7332582	1	0.095768064	-7.7093296	6.7947445	0.05746084	-7.7093296	6.6989765	0.076614454	-7.52737	6.943185	0.1436521	-7.5944076	6.9048777
1650884189.6871965	1	0.1436521	-7.6470804	6.871359	-0.30166942	-7.905654	6.622362	-1.115698	-3.4237084	9.390059	-0.5410896	-4.4580035	8.973468
1650884199.6529822	1	0.02873042	-4.936844	8.834604	-0.11492168	-5.0134583	8.714894	0.21068975	-4.8123455	8.738836	0.25378537	-4.8027687	8.690952
1650884209.5840535	1	0.47884035	-5.171476	8.690952	1.1540052	-7.7093296	6.6175733	1.1252748	-7.8146744	6.7085533	1.2737153	-7.603985	6.622362
1650884219.619586	1	1.388637	-7.383718	6.943185	6.181829	-2.0207062	5.4922986	0.01436521	-11.540052	3.3423057	1.2497733	-1.6711528	5.1140146
1650884229.5398123	1	-4.6591167	-4.721366	7.3885064	-4.6926355	-4.55856	7.350199	0.21068975	3.1842883	9.121908	-0.02873042	3.2848446	8.815451
1650884239.5638523	1	-0.45010993	2.9783869	9.093178	-1.532289	2.777274	9.078813	-1.6280571	3.1364043	8.719683	0.45010993	4.3047748	8.073248
1650884249.528539	1	-4.3622355	-3.9360676	8.781932	-1.043872	1.8100165	9.370906	-5.1140146	-3.787627	7.8529816	-4.414908	-4.122815	7.833828
1650884260.0121124	1	-5.094861	-4.3143516	7.991845	-3.3662477	-9.624691	-0.4165911	-3.1316159	-9.988609	0.15801731	2.5905263	-8.456321	1.6807296
1650884269.9721546	1	1.910573	-10.151415	1.3215994	2.2936451	-10.084377	1.0869676	2.303222	-10.117896	1.1827357	0.15801731	-9.811439	-0.9720459
1650884279.9568417	1	-2.4995465	-9.715671	-1.6711528	-1.8291701	-10.031705	-1.8579005	-2.111686	-10.13705	-1.8052281	-1.4460979	-10.539276	-2.1787236
1650884289.9499967	1	-1.2641385	-10.242394	-1.6089035	-2.1404164	-11.760319	-5.3678	-2.4037786	-10.55843	-2.552219	1.8914193	-9.80665	1.910573
1650884299.855602	1	-2.5139117	-9.710882	1.6903064	-1.9057846	-10.888829	0.41180268	-7.752425	-1.4891934	0.48841715	-10.989386	-1.8387469	1.043872
1650884309.8723018	1	0.5506664	-13.177686	-0.91937345	-1.4077905	-8.963891	2.4229321	0.48841715	-10.0748005	0.5506664	6.373365	-4.8027687	-0.4405331
1650884319.799107	1	1.6089035	-6.244078	-2.882619	-2.9975405	-22.859838	-8.288726	-4.189853	-16.141708	1.0103531	1.2018893	-12.023681	0.8858546
1650884329.8246071	1	-1.2737153	-10.1226845	-1.4748282	0.033518825	-15.08347	-3.6535518	6.540959	-7.9152308	-1.5131354	3.3039982	-7.943961	-1.5897499
1650884339.800727	1	1.5658079	-10.802638	-3.2609026	2.8395233	-10.117896	-2.0638018	1.0582372	-10.472239	-2.7820623	-0.8379706	-10.582372	-4.7548847
1650884349.804541	1	-11.990162	-4.9081135	1.340753	-11.324574	-2.7868507	0.5506664	-10.333375	-3.2034419	-1.2354081	-9.782708	-1.0773908	-1.2641385
1650884359.7585998	1	-8.39886	-2.7246015	0.32561144	-6.1530986	-10.01734	0.36870706	4.4963107	5.6551046	5.4300494	-12.5264635	-1.9297266	1.4891934
1650884371.5833862	1	-9.998186	-1.9057846	0.8619126	-8.7771435	-5.755661	0.8475474	-5.559336	-3.0119057	0.0047884034	-9.753978	-1.316811	1.5035586
1650884380.7545795	1	-8.767567	-4.003105	1.5466543	-15.184027	-3.6535518	-3.193865	-7.16824	-6.1004257	3.4715924	-2.5617957	0.40701428	8.111555
1650884389.6810386	1	-8.537724	0.090979666	-0.6943185	-13.939042	-3.5577838	3.4811692	-7.335834	-2.4037786	0.4357447	-9.471462	-4.0797195	0.7374141
1650884400.1740394	1	-9.619903	-2.9592333	0.8714894	-11.8896055	-3.2369606	0.5506664	-9.816227	-1.8674773	1.1444284	0.79487497	-9.998186	-0.7661445
1650884410.1001515	1	3.064578	-9.696517	-5.482722	0.45489833	-8.298303	0.1340753	1.2114661	-9.945514	2.3127987	-2.585738	-10.793061	-3.0502129
1650884420.137732	1	-0.8379706	-5.8322754	7.1107793	-0.5315128	-4.213795	9.241618	-0.7086837	-1.6759412	9.074024	-1.8674773	-4.4963107	8.772355
1650884430.0950427	1	-1.2114661	-4.5633483	9.074024	7.101202	-5.793968	4.237737	4.951209	-11.851298	2.2457612	0.8714894	-9.002198	0.36870706
1650884440.0786514	1	-6.789956	-6.5218053	2.0350714	-3.98874	-7.2352777	5.391742	2.7485435	-4.6112323	5.2480903	8.259995	-5.2289367	2.2936451
1650884450.0452907	1	0.10534488	-4.256891	8.973468	1.9297266	-5.3247046	8.0445175	1.7764976	-5.1379566	8.566454	7.1634517	-5.6551046	4.43885
1650884459.999612	1	7.1107793	-0.01436521	6.5218053	7.1155677	1.4987702	6.531382	6.7851677	1.2593501	6.703765	6.8522053	0.94331545	6.7612257
1650884470.010792	1	6.6079965	1.316811	6.8091097	6.6654577	0.5410896	7.374141	7.086837	2.1787236	5.837064	7.091625	0.33518824	7.0820484
1650884479.9739342	1	3.1507695	2.5809495	7.9008656	6.3781533	1.3790601	6.871359	6.339846	1.7046716	6.895301	6.622362	1.7477672	6.919243
1650884489.9257643	1	4.9081135	1.2354081	8.403648	4.2999864	0.19632454	8.6334915	4.4101195	-0.0047884034	9.040505	6.8665705	0.20590134	7.881712
1650884499.9117792	1	5.851429	1.3790601	7.819463	5.861006	1.5370775	7.3645644	6.0142345	1.1252748	7.4842744	6.042965	1.3694834	7.5800424
1650884509.9106822	1	4.663905	1.0534488	7.0245876	-8.346188	-3.7445314	4.232949	-9.160215	-3.0885203	1.70946	-9.083601	-2.9831753	1.6136919
1650884519.851135	1	-9.375694	-2.96881	1.5179238	-9.179369	-1.8339585	1.5945383	-9.260772	-2.6767175	1.982399	-7.1395097	-3.3375173	1.9919758
1650884529.8248515	1	-9.141062	-3.064578	1.9057846	-8.935161	-8.99741	8.599973	-2.384625	5.2480903	5.3725886	-1.0869676	6.9048777	2.8874073
1650884540.291752	1	-1.283292	8.0924015	2.815581	-1.1779473	7.9631147	2.705448	-0.5650316	4.7644615	8.494628	0.9672575	-5.8083334	9.797073
1650884550.293404	1	0.0047884034	-5.046977	8.686164	-1.5610195	-4.6782703	8.485051	-1.0007763	1.043872	8.743625	-1.2641385	-2.4708161	11.209652
1650884560.2615645	1	-3.3518825	-2.6144683	8.935161	-3.8498764	-2.2744915	9.643845	-4.510676	-2.873042	8.106767	0.22984336	1.5514427	10.1226845
1650884570.2629874	1	-2.4229321	-2.777274	9.126697	-3.3279405	-0.7278373	8.470686	-5.746084	-5.104438	8.12592	-3.0454245	-2.6192567	8.796297
1650884580.2430265	1	-8.030152	-2.96881	4.381389	-8.585608	-3.0693667	4.074931	-7.5704656	0.47884035	-0.0047884034	-8.585608	-3.8163576	3.2992098
1650884590.1795866	1	-7.680599	-4.3382936	4.5441947	-8.7532015	-1.13964	2.882619	-8.1402855	-4.2999864	3.7014358	-9.380483	-3.040636	3.5434184
1650884600.158088	1	-8.508993	-0.6895301	2.2840683	-7.7189064	-4.5920787	4.2760444	-8.0684595	-4.0174704	4.0222588	-8.403648	-3.739743	3.5577838
1650884610.1410651	1	-8.379706	-0.21547815	3.122039	-7.5704656	-3.86903	4.7979803	-6.5744777	-4.9799395	5.449203	-8.101978	-4.2042184	3.6583402
1650884620.115801	1	-2.6384103	-11.180922	-0.0047884034	-6.090849	-2.135628	-0.24899697	-1.2162545	-7.216124	5.770026	-4.060566	-7.5704656	5.2385135
1650884630.0875378	1	0.545878	-4.606444	9.56723	0.9768343	-6.411672	8.221688	0.5793968	-6.4164605	8.322245	-0.047884032	-2.6910827	8.868123
1650884640.0662987	1	-2.4995465	-0.8762778	9.514558	-2.4181437	-1.2497733	9.485827	-3.490746	-0.2633622	9.011775	-10.0029745	-8.863335	-3.916914
1650884650.0611415	1	-39.810787	-1.0151415	-6.742072	-11.056423	-0.4357447	-4.1180267	-9.457097	-4.0701427	-2.456451	-8.954314	-1.9440918	-3.643975
1650884660.0031753	1	-9.097966	1.1683705	-1.2114661	-3.1124623	-8.686164	1.9632454	-5.3582234	-9.457097	0.31124622	-3.1794999	-9.873688	0.8619126
1650884669.9868371	1	-3.9217024	-9.548077	-0.23942018	-0.21068975	-4.9081135	-1.2737153	-5.626374	-8.135497	2.0350714	-4.793192	-8.571242	3.0262709
1650884680.4503312	1	-2.566584	-10.251971	1.13964	-1.8195933	-10.141838	2.1643584	-4.477157	-7.8529816	1.283292	-4.3766007	-8.939949	1.3072342
1650884690.418367	1	-3.5865142	-9.945514	0.6512229	-5.2002063	-9.911995	0.6560113	-3.4237084	-9.964667	0.48841715	-2.1068976	-10.007763	0.02873042
1650884700.4091525	1	-2.3463178	-10.443508	-0.770933	-1.8291701	-10.04607	-1.3311762	-7.120356	-6.766014	-2.528277	-7.297527	-7.153875	-2.27928
1650884710.3744738	1	-6.9048777	-7.4124484	-1.3742718	-3.3806129	-9.184157	-0.22505496	-2.825158	-9.504981	0.51714754	-1.8674773	-11.123461	-0.39264908
1650884720.3703272	1	-1.4460979	-10.783484	-2.9352913	-5.482722	-7.642292	-3.1124623	-4.6495395	-8.39886	-1.7142484	-5.6982	-8.283937	-0.18674773
1650884730.3377514	1	-3.7588966	-5.329493	7.417237	-1.5466543	-6.8905125	8.844181	1.757344	-6.622362	7.7572136	7.4124484	-7.101202	0.6943185
1650884740.3397171	1	6.2728086	-7.383718	6.066907	-0.25857377	-1.4891934	10.0987425	1.5275006	-5.7604494	8.963891	0.6991069	-7.5465236	6.3350577
1650884750.241389	1	0.79966336	-4.912902	9.126697	0.009576807	-5.0182467	8.743625	-8.494628	-4.620809	3.41892	-8.853758	-3.3279405	-0.18674773
1650884760.240143	1	-10.390836	-5.473145	-3.2848446	-4.429273	-7.3789296	5.2241483	-8.37013	-5.535394	1.2593501	-3.5529952	-8.480263	4.9081135
1650884770.2230198	1	-7.441179	-3.0262709	3.7062242	-8.710106	-2.3654714	4.261679	-3.5003228	-10.251971	2.7246015	-3.787627	-6.5265937	-0.16759412
1650884780.175485	1	-4.256891	-7.1107793	7.8625584	-3.4524388	-2.054225	9.830592	-2.801216	-2.8682537	9.222465	-0.56982	0.6464345	8.714894
1650884790.2167826	1	-34.58185	-9.868899	4.0892963	-34.203564	-13.426683	6.6271505	-18.02834	-21.844696	13.627796	-33.303345	-4.4244847	29.611486
1650884800.1470425	1	-5.0900726	-1.8674773	2.2505496	-9.552865	-4.050989	-1.1492168	-8.825027	-2.825158	-4.0462008	-8.90643	-2.767697	-4.0892963
1650884810.1107714	1	-8.834604	-2.7485435	-3.9695864	-8.810662	-2.1021092	-4.1659107	-8.7532015	-2.030283	-4.414908	-7.6375036	-5.185841	-1.8339585
1650884820.5991397	1	-7.666234	-6.2632318	1.8243817	-8.939949	-4.2904096	0.46447513	-9.045294	-4.185065	0.79487497	-9.303867	-1.9919758	-1.6328455
1650884830.5991204	1	-8.2169	-2.8778305	-0.30166942	-8.801085	-5.631162	0.6751649	-8.820239	-4.3287168	2.4181437	-7.714118	-2.3558946	3.7301662
1650884840.5902803	1	-8.5473	-5.932832	3.4572272	-8.78672	-6.7468605	2.1547816	-3.1124623	-3.7301662	8.355764	-7.2927384	-2.3942018	6.033388
1650884850.5256786	1	-3.8019924	-3.107674	8.571242	-1.4939818	-4.76925	9.002198	-2.3894134	-4.7740383	8.523358	-2.6240451	-4.8698063	8.403648
1650884860.495128	1	-7.2448545	-2.9592333	7.7811556	-7.043741	-1.0965444	9.672575	-8.403648	-1.3215994	5.6551046	-6.9958572	-3.6583402	5.9663506
1650884870.4723902	1	-7.7189064	-2.1978772	5.592855	-4.3957543	-5.257667	6.105214	-8.987833	-4.2904096	2.8107927	-9.375694	-5.0374002	3.0550013
1650884880.4214244	1	8.101978	1.8531121	3.98874	-8.082825	-5.1475334	2.6384103	-8.403648	-4.31914	2.0398598	-10.357317	-8.992621	0.21068975
1650884890.4229689	1	-4.951209	-4.1419687	7.608773	-1.115698	-3.2321723	8.197746	2.030283	-7.3166804	8.317456	-9.131485	-5.48751	2.944868
1650884900.3980072	1	-4.548983	-7.680599	3.193865	1.1875241	-4.9416323	-9.519346	2.6001031	-8.1163435	-4.9799395	-0.50757074	-10.486604	1.2401965
1650884910.3701675	1	0.25378537	-10.386047	0.50278234	0.06703765	-10.443508	0.45489833	-1.2593501	-9.006987	-2.0398598	-7.493851	-6.861782	3.0119057
1650884920.3450732	1	-8.801085	-2.944868	3.620033	-8.8777	-2.8778305	2.9831753	-8.925584	-2.8060043	2.8634653	-8.963891	-2.9640217	3.0262709
1650884930.3024251	1	-9.002198	-2.5953147	3.4284968	-9.102755	-2.60968	3.1411927	-9.083601	-3.3854012	2.5474305	3.4955344	-2.1021092	5.544971
1650884940.3341062	1	0.24899697	-6.009446	7.7189064	9.064447	-2.9352913	0.23942018	2.9735985	-7.5800424	-6.5122285	7.3071036	-2.4277205	5.659893
1650884950.302426	1	-12.4785795	-6.7085533	1.5227122	-8.791509	-3.7541082	2.695871	-8.719683	-4.156334	2.815581	-8.288726	-4.185065	2.4516625
1650884960.7647192	1	0.79966336	-10.141838	-0.56982	0.58897364	-10.697293	-0.7038953	0.45489833	-10.352529	-0.79008657	0.35913026	-10.323798	-0.9528923
1650884970.7290988	1	0.44532153	-10.43872	-1.0965444	0.8714894	-10.141838	-0.92416185	0.8571242	-10.290278	-1.541866	0.6847417	-10.333375	-1.4556746
1650884980.7098017	1	1.0965444	-10.333375	-1.5466543	0.842759	-10.433931	-1.4317327	0.7326257	-10.266336	-1.5514427	0.7086837	-10.266336	-1.5562311
1650884990.662858	1	1.5705963	-11.180922	2.7389667	5.3821654	6.7468605	-2.3127987	4.8602295	7.8769236	-1.934515	4.6351743	7.7907324	-1.3024458
1650885000.6544766	1	4.5777135	7.747637	-1.3838485	4.4196963	8.159439	-1.1444284	4.4580035	7.8912888	-0.79008657	4.175488	8.331821	-0.6847417
1650885010.6266935	1	3.2130187	4.271256	5.5976434	-8.930372	-3.53863	1.9201498	-9.035717	-4.486734	5.841852	-10.0029745	-4.7644615	1.163582
1650885020.6176572	1	-8.303091	-5.530606	0.07182605	-7.0820484	-8.408437	-0.79487497	-4.3047748	-8.973468	2.2984335	-4.582502	-8.470686	3.2034419
1650885030.5768647	1	-4.8027687	-8.42759	3.0358477	-4.6782703	-8.853758	2.528277	-1.1204864	-8.346188	4.381389	-7.445967	-5.3582234	-3.0071173
1650885040.556334	1	-7.9152308	-3.2034419	3.5290532	-1.8004397	-2.896984	7.422025	-2.0015526	-7.589619	-7.5321584	-1.6041151	-10.759542	0.49320555
1650885050.523348	1	-2.1164744	-9.974244	0.641646	-8.652645	-4.0462008	2.0111294	-8.801085	-4.2281604	1.5945383	-8.935161	-3.821146	0.90500826
1650885060.4644053	1	-8.451532	-5.281609	2.384625	-8.834604	-4.122815	2.2218192	-8.815451	-4.247314	1.541866	0.80445176	-13.072341	-2.0015526
1650885070.4691076	1	4.390966	2.7485435	7.905654	0.9576807	-2.0398598	9.351752	2.0494366	-1.5801731	8.561666	-2.9257145	-4.8506527	6.991069
1650885080.4392157	1	0.18195933	-9.619903	1.1923125	2.1547816	-6.220136	5.6407394	-3.6583402	-4.510676	8.662222	2.8060043	-3.2465374	8.643068
1650885090.4527557	1	2.9113493	-1.5849615	6.71813	-5.5018754	-3.064578	8.676587	-3.0885203	-6.3111157	6.6606693	-9.021352	-0.545878	2.3127987
1650885100.903397	1	-8.99741	-7.067683	-1.9728222	-6.6367273	-9.787497	5.1762643	-0.94331545	-8.719683	5.3725886	0.9816227	-10.25676	-4.759673
1650885110.8680096	1	2.9400797	-8.829816	1.6567876	2.504335	-9.916783	0.58897364	3.9073372	-10.970232	4.7309427	1.8914193	-9.80665	-1.4221559
1650885120.83947	1	1.5514427	-9.821015	-3.1986535	2.1068976	-9.629479	-2.408567	0.81402856	-10.405201	-0.5746084	-0.7326257	-14.489709	-2.2361844
1650885130.8005905	1	1.6998832	-8.293514	-0.23942018	0.8283938	-13.326127	0.7469909	1.7621324	-7.038953	0.22984336	0.39264908	-13.019669	-1.3024458
1650885140.8307776	1	3.0262709	-9.141062	0.58897364	0.6943185	-15.677233	-0.7134721	0.90021986	-7.5082164	5.1140146	2.3511062	-11.99495	3.016694
1650885150.757243	1	2.4851813	-6.5361705	0.7565677	1.9057846	-11.372458	1.6711528	2.7006595	-9.275137	0.34476504	1.7286136	-6.6079965	1.3838485
1650885161.6291142	1	2.2936451	-7.503428	1.8148049	1.5897499	-12.301409	2.2697031	1.4652514	-7.201759	0.7326257	1.3790601	-13.9917145	1.0247183
1650885170.707671	1	-0.6512229	-11.808203	-0.35434186	1.3742718	-8.6813755	8.173804	-2.1978772	-10.601525	-2.0111294	1.6519991	-7.680599	5.851429
1650885180.7096932	1	-8.413225	-3.6008794	2.6288335	-8.523358	-5.793968	2.767697	-8.394072	-4.745308	2.255338	4.280833	-5.947197	2.9113493
1650885190.690281	1	2.0638018	-9.821015	2.3894134	-1.283292	-7.2352777	7.038953	-0.8283938	-7.4603324	6.9240313	-1.3742718	-7.422025	6.9767036
1650885200.6424215	1	-1.1061212	-13.536817	0.90021986	-0.2633622	-10.548853	2.7581203	-0.91937345	-8.925584	4.453215	-1.6567876	-8.599973	5.5401826
1650885210.6278024	1	-1.8100165	-8.451532	5.5641246	-1.3455414	-8.384495	5.7843914	-1.3024458	-8.379706	6.2345014	-1.1587936	-8.6574335	5.8945246
1650885220.6058097	1	-1.2162545	-7.8625584	6.4308257	0.01436521	-7.129933	7.1730285	-0.90500826	-7.216124	7.0245876	-1.1252748	-6.9000893	7.2592196
1650885230.587923	1	-1.4173675	-7.043741	7.326257	4.31914	-3.6583402	7.16824	2.9831753	-7.0006456	6.9958572	2.2697031	-6.8761473	6.885724
1650885241.0497935	1	1.2210429	-5.530606	8.858546	-0.11971009	-3.2082303	9.246407	0.0	-6.229713	8.0684595	-0.11492168	-6.090849	8.317456
1650885251.0618577	1	1.6232687	-7.1490865	5.33907	0.37828386	-6.339846	8.049306	0.320823	-5.9184666	8.0445175	0.38307226	-6.301539	8.034941
1650885261.005072	1	-0.31603462	-4.8985367	7.905654	-6.363788	-5.425261	5.33907	-9.002198	-2.815581	3.1794999	-9.375694	-2.7868507	3.787627
1650885270.9784367	1	-11.027693	-4.261679	2.7724855	-3.0693667	-5.329493	8.949526	-5.8705826	-3.2609026	7.144298	-2.15957	-5.0661306	8.1642275
1650885280.957596	1	-2.1452048	-0.33997664	10.261548	-0.7422025	0.12928689	9.682152	-0.81881696	-1.4891934	7.872135	-4.8985367	-3.2561142	7.920019
1650885290.9231553	1	-4.4484267	-2.777274	8.7053175	-4.55856	-3.7588966	8.288726	-6.315904	-3.4237084	7.704541	-4.7070007	-2.3319526	4.8027687
1650885301.0302522	1	-10.716447	-3.7732618	-0.272939	-10.199299	-4.4580035	2.8491	-9.361329	-1.910573	3.8786068	1.1061212	3.3806129	8.1881695
1650885310.9888835	1	0.9720459	-8.825027	1.6041151	-1.8722657	-11.822568	4.10845	-8.192958	-3.5051112	4.256891	-7.699753	-4.3287168	4.0892963
1650885320.859347	1	-7.1107793	-6.2249246	4.4196963	-0.272939	-9.653421	2.9592333	-1.091756	-8.6095495	4.6255975	-0.90500826	-9.26556	4.1659107
1650885330.8216743	1	-0.7182605	-9.423578	4.343082	0.40701428	-9.911995	3.4859576	-6.9958572	-7.675811	3.4284968	-6.4643445	-6.9958572	3.3614593
1650885340.836933	1	-9.77792	-4.5202527	-0.047884032	-4.175488	-8.528147	2.4995465	-2.030283	-13.244724	-1.1875241	0.10534488	-8.360553	0.019153614
1650885350.7686512	1	0.7517793	-9.667787	-4.7405195	-0.58897364	-10.323798	-5.3725886	-6.1530986	-7.872135	7.101202	-0.062249243	-2.1739352	9.552865
1650885360.7801669	1	-1.8626889	-3.217807	7.848193	-6.4739213	-9.461885	-2.0685902	4.027047	-9.959879	-4.4675803	-0.7374141	-8.236053	-7.479486
1650885370.7296994	1	-2.3463178	-7.4507556	0.9911995	6.196194	2.6719291	5.032612	2.0638018	-8.762778	-6.2009826	3.0502129	-7.991845	-6.019023
1650885381.1928766	1	3.0502129	-9.959879	-2.27928	2.0590134	-9.44752	-3.2944214	5.1235914	-10.295067	-2.8874073	0.51235914	-9.016563	-3.8977604
1650885391.1668105	1	-2.3894134	-10.247183	2.6479871	-1.3503298	-10.726024	2.0973208	-1.364695	-10.208876	1.532289	-0.81881696	-10.749966	1.2449849
1650885401.136165	1	0.24420857	-10.563218	0.038307227	0.30645782	-10.539276	0.61770403	0.22505496	-10.745177	1.0773908	0.5554548	-10.414778	0.6943185
1650885411.1421478	1	0.18674773	-10.524911	-0.04309563	2.2984335	-10.01734	1.7956513	8.480263	-1.2354081	5.1235914	8.504205	0.35434186	3.9025488
1650885421.10272	1	4.9416323	-9.064447	-0.25378537	4.783615	-8.896853	-0.2681506	4.8219223	-9.246407	0.4309563	4.6112323	-9.136273	0.3878607
1650885431.0739136	1	4.5681367	-9.3661175	0.32561144	4.5154643	-9.222465	0.25378537	4.5058875	-9.313444	0.15322891	4.6160207	-9.32781	0.05746084
1650885441.0683606	1	4.2521024	-9.519346	-0.18674773	4.232949	-9.409213	-0.59376204	4.3478703	-9.667787	-0.4405331	4.237737	-9.576807	-0.5267244
1650885451.1231494	1	4.390966	-9.998186	-0.5410896	4.2185836	-9.457097	0.63206923	4.357447	-10.113108	-1.2210429	4.1611223	-9.313444	-2.2122424
1650885500.816628	1	7.445967	3.7445314	6.0381765	-1.3551182	-10.989386	-1.4508862	-0.21547815	-9.428367	-0.59855044	0.47405192	-10.864887	0.06703765
1650885511.390767	1	6.133945	-4.1946416	5.9807158	10.510546	-11.573571	15.188815	6.1530986	-6.9479733	3.7732618	7.1347213	-3.1890767	5.1475334
1650885521.2984574	1	3.9695864	-7.843405	2.8538885	4.146757	-8.6574335	3.6056678	4.036624	-8.259995	2.2936451	2.2601264	-9.485827	4.9320555
1650885531.3445456	1	-6.181829	-9.102755	-0.22026655	-9.414001	-7.264008	-2.2984335	-7.4603324	-6.2871737	-0.7613561	3.347094	-10.658986	0.07182605
1650885541.328119	1	-6.4068837	-8.063671	-0.1340753	-3.0071173	-10.247183	4.7405195	-1.3790601	-10.831368	1.7190368	-4.237737	-5.3342814	7.2113357
1650885551.2680955	1	-3.8594532	-6.0142345	7.335834	-2.6527755	-6.4308257	7.28795	0.545878	-2.255338	10.338163	-3.1986535	-7.129933	6.5505357
1650885561.244954	1	-0.80445176	-8.954314	5.473145	-1.1875241	-5.00867	9.284714	-0.91458505	-4.4101195	9.169792	-2.0733786	-2.9640217	8.882488
1650885571.2197645	1	-1.3599066	-11.48738	1.4987702	-0.5363012	-8.135497	-3.5003228	-2.930503	-6.9527617	6.540959	-3.4811692	-5.12838	8.159439
1650885581.1965666	1	4.0701427	-5.48751	7.690176	4.098873	-1.8962077	9.141062	-1.8339585	-10.055647	3.241749	-4.2042184	-5.765238	8.523358
1650885591.1561177	1	-2.4995465	-10.180145	5.650316	-1.4269443	-8.75799	3.6966474	-2.231396	-3.1316159	9.021352	-2.6623523	-4.1132383	8.714894
1650885601.1567209	1	-5.544971	-9.11712	-0.11492168	-0.7613561	7.086837	6.14831	-1.3024458	5.3582234	7.4363904	3.2704794	6.813898	4.271256
1650885611.1128333	1	5.2528787	3.7732618	2.4372973	3.0023289	6.6654577	5.0421886	0.019153614	6.0956373	6.8091097	-3.9073372	-3.1124623	8.748413
1650885621.0920568	1	7.800309	2.542642	6.421249	6.2488666	-0.05267244	7.0820484	5.9519854	-0.05746084	7.7572136	5.865794	0.2681506	7.8386164
1650885631.086551	1	1.2449849	0.17717093	9.797073	1.292869	0.1340753	9.753978	0.9816227	0.48362875	9.696517	0.8571242	1.7764976	9.193734
1650885641.0400107	1	-0.56982	-1.8818425	9.610326	-0.6703765	-1.8195933	11.334151	1.6807296	-4.8362875	7.6135616	-1.4173675	4.4963107	7.3549876
1650885651.0402048	1	-3.3997664	-2.633622	8.485051	-2.0973208	-2.777274	8.37013	-3.8977604	4.5872903	8.437167	-2.087744	-10.457873	4.237737
1650885661.482083	1	-4.367024	-2.2649148	9.648633	-0.51235914	-8.781932	4.414908	1.5610195	-3.596091	9.107543	1.8770541	1.0199299	8.959103
1650885671.4664533	1	1.9057846	-2.695871	9.744401	1.9153614	-5.9519854	7.747637	2.6671407	-9.739613	0.8523358	2.552219	-6.033388	7.249643
1650885681.4529436	1	0.90979666	-3.9935284	9.093178	-0.023942016	-2.1499932	10.189722	1.934515	-3.8786068	8.925584	0.94810385	0.090979666	9.279925
1650885691.4368465	1	1.934515	-2.030283	9.576807	2.4372973	-5.353435	7.9726915	2.2457612	-6.7851677	7.4124484	2.4468741	-9.44752	4.5441947
1650885701.405823	1	2.0685902	-8.7771435	5.5976434	2.0159178	-6.3111157	7.575254	1.8531121	-5.45878	8.868123	2.0829554	-4.8506527	8.710106
1650885711.368876	1	2.873042	-4.7309427	8.24563	2.5761611	-2.9017725	9.165004	2.4947581	-7.192182	6.943185	2.2888567	-8.030152	6.081272
1650885721.345818	1	1.7621324	-6.1100025	7.9152308	1.3934253	-4.7548847	8.101978	0.58418524	-0.08140286	9.9790325	-0.22026655	0.076614454	9.667787
1650885731.332162	1	0.93852705	-3.2848446	9.715671	1.5993267	-6.679823	7.40766	1.2306197	-6.0621185	7.953538	0.81402856	-1.8626889	10.041282
1650885741.2880857	1	0.023942016	-8.939949	6.751649	-0.46447513	2.1452048	9.069236	1.4556746	-10.520123	2.0398598	0.19153613	1.5849615	9.548077
1650885751.2638218	1	-0.4309563	-10.103531	1.0965444	0.5793968	-9.849746	5.4779334	0.90021986	-3.1507695	9.619903	1.6472107	-6.9527617	7.675811
1650885761.2563198	1	1.5801731	-7.52737	6.4787097	1.9153614	-10.304645	0.36391866	1.7286136	-10.0987425	3.4093432	1.0342951	-11.027693	0.4213795
1650885771.229695	1	0.08619126	-0.81402856	9.653421	1.2545617	-10.524911	1.5514427	0.30645782	-9.888053	3.2369606	0.51714754	-10.189722	1.4173675
1650885781.1891594	1	0.9624691	-10.500969	0.6847417	5.094861	-6.167464	8.662222	2.303222	-4.280833	8.470686	1.7190368	-5.2289367	8.09719
1650885791.1791835	1	-7.967903	-0.58897364	-6.6846113	-8.212111	-6.789956	0.7661445	-4.295198	-6.7612257	1.2258313	-5.5976434	-12.717999	1.5466543
1650885801.6817985	1	-9.864111	-2.681506	4.1180267	-8.09719	-4.0701427	1.1300632	-5.6646814	-9.461885	1.5275006	-7.3406224	-5.5976434	0.51714754
1650885811.6631408	1	-11.530476	-6.6415157	1.6328455	-5.2385135	-4.596867	1.4460979	-8.1163435	-3.7732618	1.8100165	-13.187263	-5.2002063	0.60333884
1650885821.5992906	1	-11.774684	-7.1347213	0.02873042	-9.725247	-7.28795	2.1164744	-7.513005	-4.4436383	2.408567	-9.624691	-3.4045548	0.5650316
1650885831.545611	1	-8.365341	-4.8219223	1.9057846	-10.764331	-4.3382936	1.292869	-9.911995	-3.5625722	-0.06703765	-11.975797	-7.225701	2.5474305
1650885841.529745	1	-9.165004	-2.5809495	-0.50757074	-11.109096	-5.7269306	2.6431987	-9.672575	-3.0550013	2.2697031	-9.720459	-3.0119057	0.866701
1650885851.5107205	1	-11.745954	-3.7684734	2.0111294	-6.8569937	-2.5330653	1.8004397	-9.552865	-4.8458643	1.8195933	-6.469133	-2.930503	1.3120226
1650885861.4420073	1	-6.066907	-2.6192567	1.2641385	-12.105083	-4.2281604	2.2601264	-8.935161	-5.506664	1.2593501	-13.623008	-5.554548	0.8379706
1650885871.460847	1	-10.577583	-3.596091	0.076614454	-11.506534	-4.759673	0.4213795	-9.892841	-4.367024	0.6512229	-9.227253	-3.4572272	-0.4261679
1650885881.5451992	1	-9.528923	-4.003105	0.5746084	-10.500969	-4.209007	0.30166942	-10.936713	-6.8282633	0.12928689	-11.104307	-3.1411927	1.3742718
1650885891.407438	1	-7.422025	-1.7286136	2.705448	-8.461109	-3.6583402	0.17717093	-8.499416	-7.608773	0.5554548	-5.6886234	-8.1881695	2.8491
1650885901.3885283	1	-4.3478703	-8.255207	4.0414124	-5.5737014	-8.90643	3.0550013	-8.331821	-3.8307228	2.7389667	-8.75799	-3.7349546	-0.009576807
1650885911.3433323	1	-7.201759	-3.098097	1.4700398	-9.414001	-3.8307228	2.6910827	-7.6710224	-3.9264908	3.2465374	-10.175357	-4.1132383	1.2114661
1650885921.3956504	1	-10.658986	-3.9264908	2.5474305	-8.025364	-3.083732	0.9528923	-8.322245	-3.916914	2.0685902	-9.706094	-3.7972038	1.6903064
1650885931.3992338	1	-9.064447	-4.1276035	0.56982	-8.159439	-3.6583402	1.412579	-9.097966	-3.5769374	1.8962077	-9.083601	-3.8067808	1.6089035
1650885941.8020444	1	-9.021352	-3.6248214	1.8052281	-8.978256	-3.7588966	1.5849615	-9.533711	-4.0222588	0.89543146	-9.270349	-3.7924154	2.5234885
1650885951.7737265	1	-9.203311	-9.950302	3.7541082	-4.4005427	-4.960786	1.436521	-0.31603462	-4.5394063	2.078167	-8.025364	-15.275007	2.695871
1650885961.7430315	1	3.1651347	-5.707777	5.932832	-2.327164	-12.5982895	3.1316159	0.545878	-7.0581064	3.5290532	-7.9104424	-6.7947445	1.1923125
1650885971.717981	1	-9.56723	-2.7341783	1.6519991	-8.212111	-3.0454245	0.93373865	-9.998186	-2.992752	5.046977	-7.881712	-2.4851813	0.61770403
1650885981.6868377	1	-16.026787	-2.1978772	2.1404164	-14.18325	-2.3463178	0.04309563	-9.346964	-5.6790466	1.4796166	-7.422025	-1.8579005	-0.24899697
1650885991.6878855	1	-9.299079	-3.4859576	1.5993267	-9.179369	-3.5003228	1.9057846	6.6750345	-5.779603	4.548983	3.6535518	3.1747115	5.865794
1650886001.650273	1	-8.815451	-3.1268275	3.2369606	-2.2649148	-4.027047	9.050082	-8.872911	-3.0310593	1.4891934	-1.1779473	-7.1826053	2.9831753
1650886011.615226	1	-4.1611223	-7.896077	4.903325	-8.805874	-3.5817258	1.0103531	-9.270349	-2.753332	3.2992098	-9.241618	-3.2609026	2.4181437
1650886021.561941	1	-9.078813	-3.074155	2.2601264	-8.834604	-2.753332	1.8818425	-8.959103	-3.1651347	1.9536686	-9.222465	-3.040636	2.3654714
1650886031.5471184	1	-9.121908	-2.9161377	2.2840683	-8.087613	-2.7389667	0.6799533	-9.141062	-2.7629087	3.145981	-9.543288	-3.1747115	1.685518
1650886041.534912	1	-8.963891	-3.8402996	1.6232687	-8.920795	-2.7150247	3.5003228	6.397307	-4.5202527	-1.0055647	6.9000893	-5.813122	4.1276035
1650886051.8746612	1	6.4643445	-8.853758	-0.2681506	8.566454	-8.255207	0.17717093	6.5840545	-5.3965306	3.964798	4.4340615	-9.112331	-0.110133275
1650886061.5291965	1	-8.2169	-2.4372973	2.9640217	-8.805874	-2.954445	2.8874073	-9.490616	-3.5338416	2.5378537	-9.744401	-4.879383	1.0103531
1650886071.957967	1	-8.767567	-2.9496565	3.0071173	-9.126697	-3.5673606	2.6479871	-8.944737	-1.5658079	2.3654714	-6.081272	-7.2687964	1.4030021
1650886081.9356973	1	-9.854534	-2.3127987	3.8498764	-9.011775	-3.2225955	0.93852705	-9.940725	-3.7732618	2.183512	-2.5139117	-1.4030021	9.591172
1650886091.9384727	1	-8.973468	-2.3942018	2.4133554	-8.954314	-3.2752678	1.5466543	-9.112331	-3.2225955	1.3982137	-9.212888	-3.1555579	1.6089035
1650886101.8912902	1	-9.255983	-4.8698063	0.7757214	-8.259995	-2.6144683	3.514688	-9.92636	-2.1260512	4.510676	-11.247959	-2.327164	0.4165911
1650886111.8276892	1	-8.556877	-3.715801	1.9871874	-8.963891	-2.2505496	3.4476504	-9.203311	-3.6631286	1.5179238	-9.131485	-3.5242648	1.4556746
1650886121.8659766	1	-9.14585	-3.6056678	1.5562311	-9.313444	-3.4572272	1.1444284	-8.925584	-3.7253778	1.4556746	-9.619903	-3.9264908	0.44532153
1650886131.7896743	1	-9.155427	-3.8546648	1.1444284	-9.26556	-3.787627	1.460463	-9.208099	-3.6056678	1.6759412	-9.141062	-3.6822822	0.80924016
1650886141.830998	1	-9.868899	-2.801216	3.7205894	-9.284714	-4.2664676	0.9864111	-9.232041	-4.1659107	1.1061212	-8.686164	-4.156334	0.63206923
1650886151.7587752	1	-8.767567	-3.4811692	0.0047884034	-9.255983	-3.2992098	2.4899697	-9.193734	-3.4237084	1.4413095	-3.7972038	-7.441179	4.735731
1650886161.6801653	1	6.2105594	-7.1634517	3.8786068	4.8267107	-5.851429	3.4524388	-3.3806129	-8.054094	-5.674258	-0.6512229	-14.015656	-6.2392898
1650886172.8062034	1	0.38307226	-11.693281	-4.1036615	1.5131354	-11.204864	-1.388637	-0.51235914	-12.229582	0.545878	1.3503298	-9.792285	1.1348516
1650886181.691409	1	0.023942016	-10.232818	-1.8052281	-2.7389667	-9.323022	-0.7134721	-0.320823	-10.113108	0.4309563	1.5610195	-9.921572	-2.528277
1650886191.6800754	1	0.08140286	-9.509769	0.7757214	-2.27928	-9.543288	0.38307226	-1.7717092	-10.223241	0.2777274	-1.7381904	-10.127473	0.842759
1650886201.6355836	1	-1.3599066	-10.448297	0.6512229	-1.2737153	-10.553641	1.2114661	0.033518825	-9.797073	0.93852705	3.4093432	-10.184934	1.4269443
1650886211.637091	1	-2.7006595	-10.759542	-2.3702598	-0.7182605	-7.7093296	-7.4986396	-2.777274	-6.05733	-7.1490865	-1.5945383	-5.3582234	-7.0006456
1650886222.0824406	1	-3.3566709	-5.7365074	-8.030152	-4.9416323	-7.1251445	-7.07726	-9.174581	-6.4260373	-4.3957543	3.7684734	-5.2145715	5.66947
1650886232.052734	1	0.48362875	-10.0029745	-1.7238252	0.4213795	-11.540052	-1.7621324	-0.033518825	-10.927136	0.94810385	-1.1300632	-10.505757	2.1452048
1650886242.0271924	1	-2.4420857	-11.803414	0.89543146	0.59376204	-10.251971	-0.92416185	3.6056678	-9.294291	-0.45968673	1.9201498	-9.021352	-1.5753847
1650886251.6014194	1	-2.3654714	-9.696517	-3.0214825	-2.6431987	-9.624691	-2.0973208	-2.5953147	-9.44752	-1.9776106	-3.5529952	-10.0748005	-1.1252748
1650886261.9799807	1	-3.122039	-10.0269165	-1.532289	5.884948	-4.3622355	6.7085533	6.3111157	-8.183381	3.107674	3.2944214	-9.5385	-2.360683
1650886271.9580925	1	2.8107927	-10.457873	-0.7182605	2.2601264	-10.414778	-1.460463	-0.49320555	-10.769119	0.60812724	3.5529952	-10.036493	-1.7142484
1650886281.942427	1	-2.4420857	-10.759542	0.56982	0.58418524	-9.792285	1.3694834	-0.6991069	-7.7093296	7.680599	0.19153613	-5.6120086	8.714894
1650886291.929983	1	6.991069	-7.2209125	4.7070007	1.484405	-10.414778	-1.4030021	1.6519991	-10.376471	-1.067814	1.7477672	-10.31901	-1.0773908
1650886301.893567	1	3.0119057	-6.3781533	6.7229185	-7.465121	-8.892065	2.231396	-4.7884035	-8.523358	-1.1061212	-5.109226	-9.270349	3.5865142
1650886311.891168	1	3.9600096	-6.114791	6.603208	5.0134583	-9.227253	-0.6368576	4.357447	-8.892065	1.6567876	6.0381765	-6.517017	5.0900726
1650886321.810851	1	3.940856	-10.180145	-2.2026656	4.5537715	-8.240842	4.4963107	2.695871	-9.907207	0.6607997	3.7205894	-9.576807	2.2505496
1650886331.8267	1	-0.4309563	-6.703765	7.589619	4.8602295	-7.7189064	2.4181437	6.1626754	-8.872911	-2.60968	4.525041	-8.054094	-6.4499793
1650886341.7741067	1	1.910573	-5.5976434	8.39886	3.3806129	-6.2823853	8.09719	3.3806129	-7.608773	3.9456444	3.9217024	-9.916783	0.8619126
1650886352.2931397	1	2.6431987	-10.692505	2.456451	-0.2873042	-9.078813	0.93373865	3.8977604	-5.142745	7.5465236	1.6711528	-8.451532	4.6782703
1650886362.2695177	1	4.8027687	-6.7324953	4.247314	6.531382	-5.813122	4.0797195	7.120356	1.5131354	5.861006	6.564901	-3.5242648	7.019799
1650886372.2070482	1	2.920926	-8.944737	-1.0630256	3.2321723	-9.610326	2.4660277	6.9240313	-2.0350714	5.765238	5.6790466	-7.9870567	2.408567
1650886382.187292	1	5.353435	-1.3455414	7.9583263	5.865794	-7.575254	4.4484267	5.544971	-3.1028855	6.7229185	7.2831616	-3.9217024	5.683835
1650886392.1757624	1	7.1826053	-3.8546648	5.1523223	2.2266076	-7.062895	7.1155677	2.2649148	-6.799533	7.1873937	2.3894134	-6.871359	7.153875
1650886402.128343	1	4.261679	-10.0508585	3.3039982	4.9416323	-9.68694	2.0494366	6.861782	-5.482722	4.367024	7.9822683	-5.1140146	5.5497594
1650886412.0675251	1	2.0350714	-10.127473	0.9576807	2.3702598	-10.113108	0.7469909	2.0590134	-10.079589	1.5705963	1.8387469	-10.170568	1.6998832
1650886422.114264	1	4.0222588	-9.65821	0.5602432	5.995081	-7.6375036	3.3614593	3.2513258	-9.251195	0.30166942	-4.620809	-16.917429	-0.076614454
1650886432.0286655	1	-1.3934253	-8.647857	-4.027047	-2.6431987	-8.475474	-3.5194764	-3.2082303	-8.66701	-5.118803	-3.0023289	-10.280702	-4.912902
1650886442.074267	1	-2.255338	-9.169792	-4.7788267	-0.6895301	-10.323798	-5.133168	-2.3175871	-10.007763	-5.2624555	-0.94810385	-7.9104424	-5.305551
1650886451.973497	1	-1.9871874	-10.625467	-5.171476	-1.2689269	-7.8769236	-5.449203	0.7134721	-10.7356	-6.373365	-0.9768343	-10.500969	-3.7828386
1650886462.0210574	1	-1.7429788	-10.338163	-4.9799395	-0.59855044	-9.260772	-6.646304	0.641646	-7.929596	-3.5865142	-0.89543146	-8.710106	-4.3143516
1650886471.9362142	1	-1.3503298	-7.848193	-4.596867	0.05746084	-7.943961	-3.8019924	-0.48841715	-9.878476	-5.5258174	-2.5617957	-11.362882	-4.8362875
1650886482.2540083	1	0.4261679	-7.264008	-3.4045548	-0.06703765	-9.485827	-4.2904096	-0.5410896	-12.081141	-5.8226986	-0.21068975	-8.09719	-3.3518825
1650886492.4081416	1	0.521936	-10.295067	-4.5681367	-1.5562311	-11.674128	-5.2049947	-0.8571242	-9.940725	-6.6271505	-1.6328455	-9.169792	-3.6535518
1650886502.3638778	1	0.095768064	-11.621455	1.7956513	8.7532015	-2.8203697	3.0262709	5.530606	-8.839393	-1.2737153	-0.61770403	-9.188946	-4.343082
1650886512.3525217	1	2.9783869	-9.854534	1.0342951	8.293514	-5.315128	-0.04309563	5.2624555	-8.159439	4.8458643	1.6089035	-3.8738184	8.504205
1650886522.346821	1	-3.4332852	-3.5003228	8.576031	2.4468741	-4.4915223	8.37013	-1.1444284	-5.793968	8.0445175	3.6056678	-4.9895163	8.327033
1650886532.3043694	1	0.8858546	-7.422025	8.623915	3.371036	-3.8163576	7.967903	1.0726024	-2.4277205	6.8091097	2.183512	-3.2465374	8.815451
1650886542.2434502	1	-3.5625722	-3.0502129	10.453085	-5.521029	0.8762778	5.5497594	-8.887277	-4.4436383	4.280833	-5.3486466	-3.7732618	6.727707
1650886552.2532172	1	-7.7332716	-1.4077905	5.2145715	-3.9504328	-1.8770541	8.561666	-3.3135753	-1.9871874	9.533711	-2.8443117	-1.4652514	9.787497
1650886562.2225564	1	-6.2584434	-2.2984335	4.7165775	-5.765238	3.7684734	9.485827	-3.3854012	-6.081272	6.6079965	1.3072342	-6.933608	7.632715
1650886572.215716	1	6.742072	-4.8985367	5.722142	-0.79008657	1.9249382	7.9583263	-4.0078936	-2.7964275	9.02614	-2.566584	-6.181829	9.701305
1650886582.2070365	1	-1.0534488	-6.105214	7.714118	-7.2783732	0.24420857	8.700529	-6.38773	-3.9121256	8.470686	-0.5315128	-3.2465374	6.775591
1650886592.2084577	1	-6.6367273	-4.3526587	7.690176	-2.9352913	-4.951209	8.317456	-2.6910827	-4.414908	8.561666	-2.3127987	-4.4244847	8.968679
1650886602.140171	1	-2.5139117	-3.9552212	8.810662	-2.4372973	-2.825158	8.781932	-1.6280571	-3.0502129	9.442732	-1.0342951	-2.3702598	9.509769
1650886612.0657675	1	-6.631939	-6.813898	0.91458505	-5.6886234	-6.435614	2.1643584	-3.1794999	-1.9009962	8.001422	-1.9249382	-1.043872	7.8865004
1650886622.1126592	1	-1.3742718	-1.934515	9.461885	2.1164744	-3.1172507	7.0820484	-2.006341	-4.4819455	6.6606693	-5.2049947	-0.10534488	10.19451
1650886632.5934656	1	-8.537724	-3.7445314	4.951209	-14.686033	-3.7732618	2.6862943	-10.012551	-9.423578	7.795521	-5.1571107	-2.1260512	7.1826053
1650886642.5491269	1	-2.3989902	-3.265691	8.015787	-7.5561004	-3.4955344	9.667787	-8.130709	-0.2825158	2.4995465	-5.1379566	-7.053318	4.3957543
1650886652.5090735	1	-2.9400797	-3.217807	10.869676	-0.94331545	1.1683705	10.831368	-11.927913	-3.0358477	0.2825158	-11.415554	-4.9799395	2.7964275
1650886662.463357	1	-13.340492	-4.1659107	1.5993267	-14.470555	-3.8642416	2.5713725	-6.4068837	-0.7038953	3.8307228	-4.060566	-6.3111157	7.575254
1650886672.4918706	1	-6.2823853	-6.5936313	6.5744777	-3.9121256	-7.953538	6.670246	-2.8538885	-7.575254	5.602432	-0.89543146	-9.404425	3.892972
1650886682.445497	1	-9.112331	-0.7469909	2.4277205	-8.121132	-5.3247046	5.329493	-11.228806	-1.292869	0.8475474	-8.073248	-5.9424086	3.8355112
1650886692.4046614	1	-0.6799533	-12.679692	-0.40222588	-5.93762	-7.9966335	2.7102363	-6.9527617	-5.2049947	4.711789	-4.6830587	4.4675803	5.7365074
1650886702.3393085	1	-4.4723687	-6.5122285	6.1100025	-8.868123	-3.5242648	1.2114661	-9.078813	-3.6774938	1.0582372	-10.232818	-1.9967642	3.2034419
1650886712.3556902	1	-9.016563	-2.2984335	2.6719291	-9.294291	-2.2218192	2.384625	-9.284714	-2.2266076	2.5187001	-9.303867	-2.6527755	2.5713725
1650886722.3224893	1	-1.4173675	-9.600749	-1.2497733	-2.1308396	-9.749189	-1.4221559	1.0007763	-10.654198	-0.90979666	7.2831616	-5.6646814	4.1371803
1650886732.2910855	1	6.7708025	-8.322245	3.1364043	5.243302	2.8634653	7.6135616	0.6655881	-11.262324	0.31124622	-5.2480903	-9.270349	-0.2825158
1650886742.278802	1	-0.4357447	-3.1651347	9.548077	-0.24420857	-4.280833	9.054871	-1.4460979	-3.6583402	9.241618	-2.3127987	-1.8052281	14.092271
1650886752.254315	1	2.3750482	-6.5265937	8.7053175	-7.029376	-5.415684	8.66701	-3.442862	-5.2863975	7.101202	-2.7389667	-7.7332716	6.2488666
1650886762.2303016	1	-4.213795	-6.5601125	6.4882865	-5.0182467	-5.9902925	5.0038815	-7.929596	-2.2936451	3.9312792	-6.0142345	-3.787627	7.038953
1650886772.6622071	1	-3.7541082	-5.813122	6.8522053	2.3989902	-5.3582234	9.433155	5.0613422	5.267244	4.8027687	0.8619126	-0.7422025	10.673351
1650886782.6762288	1	-4.050989	-6.2345014	10.022128	-3.9312792	-5.3438582	7.393295	-1.4030021	-5.650316	7.350199	-2.5187001	-3.5482068	8.925584
1650886792.6270702	1	-2.5713725	-2.3463178	8.623915	-0.023942016	-5.9184666	7.627927	-1.1827357	-4.654328	9.059659	-3.6008794	0.0	9.126697
1650886802.7156298	1	-2.9640217	-1.1252748	9.308656	-5.142745	-4.735731	5.1475334	-5.209783	-4.0940847	7.0245876	-5.2145715	-6.9527617	7.7428484
1650886812.260558	1	-4.654328	-4.390966	6.4739213	-3.5434184	-4.9895163	7.7189064	-5.439626	-3.0789435	6.397307	-4.050989	-6.6271505	6.4739213
1650886822.5955822	1	-4.6686935	-6.679823	5.9902925	-4.7070007	-7.144298	5.3103395	-4.76925	-7.005434	5.554548	-4.8745947	-6.775591	5.631162
