1650882081.5194852	1	-1.3599066	-3.1411927	9.935937	-0.78529817	-0.31603462	9.859323	-0.6655881	0.31124622	9.653421	1.1971009	6.090849	7.015011
1650882091.509193	1	1.1061212	6.1387334	7.4124484	1.0199299	5.7604494	7.704541	-0.7278373	-9.653421	4.247314	2.920926	-9.868899	1.7717092
1650882101.456287	1	-0.40222588	-10.879252	-0.11971009	5.3582234	-8.298303	2.4037786	2.0590134	-9.701305	2.0494366	2.1930888	-9.624691	1.661576
1650882111.4252625	1	0.7134721	-10.453085	1.3359646	5.554548	-7.73806	1.1683705	2.705448	-10.041282	0.062249243	8.863335	-6.775591	-1.3551182
1650882121.424485	1	7.1395097	-4.9799395	-2.1499932	8.5473	-4.606444	-3.2225955	8.571242	-3.9312792	-4.3382936	6.631939	2.5474305	-0.04309563
1650882131.3694165	1	3.3135753	-6.943185	-4.381389	0.40701428	8.690952	4.759673	-0.8714894	-0.4309563	9.883265	2.9879637	-2.336741	2.767697
1650882141.3599162	1	7.953538	-4.9655743	10.884041	0.91458505	-3.8115692	8.930372	2.657564	-1.7860745	4.807557	3.9217024	-3.217807	1.2018893
1650882151.3680313	1	4.2425256	-0.9911995	-0.35913026	1.6376339	-0.038307227	6.8905125	-1.1492168	-4.510676	7.2831616	2.4756045	-3.0885203	5.530606
1650882161.315662	1	3.2561142	1.0342951	4.9943047	-11.152191	-29.1518	26.776752	1.5945383	-4.3143516	9.528923	6.2488666	-7.359776	9.002198
1650882171.2361326	1	2.657564	-2.4037786	7.9343843	9.150639	-0.521936	5.1571107	6.3206925	0.92895025	7.1155677	0.93852705	0.40701428	9.911995
1650882181.2562635	1	0.7613561	0.6991069	9.950302	0.7422025	0.7422025	9.9790325	0.7517793	1.1779473	9.873688	0.90500826	0.78529817	9.77792
1650882191.7532222	1	0.770933	0.58897364	9.902418	0.79008657	0.521936	9.888053	0.7613561	0.92416185	10.0508585	0.6991069	0.7230489	9.940725
1650882201.7054622	1	0.60812724	0.92895025	9.849746	2.6623523	0.08619126	6.7947445	-0.56982	-10.453085	-2.858677	-1.1587936	-9.730036	-2.9496565
1650882211.7110443	1	2.4277205	-9.586384	-2.3558946	3.371036	-9.346964	-2.3942018	3.3375173	-9.193734	-3.2848446	3.5769374	-9.016563	-3.107674
1650882221.682967	1	3.2561142	-9.504981	-1.6472107	2.6910827	-9.89763	-1.340753	2.920926	-9.490616	0.94331545	2.9257145	-9.758766	0.90500826
1650882231.6224823	1	-0.93852705	-10.146626	1.8866309	0.090979666	-9.988609	0.9720459	0.12928689	-10.141838	0.6464345	0.15801731	-10.117896	0.29688102
1650882241.6093812	1	3.1507695	-8.882488	-1.2114661	2.4037786	-9.677363	-1.043872	4.0653543	-8.221688	-4.2904096	3.3806129	-8.762778	-3.5434184
1650882251.60136	1	3.514688	-8.532935	-4.084508	2.777274	-9.184157	-2.9257145	2.9640217	-9.773131	-0.51235914	3.7541082	-9.040505	-4.0940847
1650882261.5774615	1	4.2999864	-7.867347	-4.2521024	4.9224787	-7.9248075	-3.9456444	4.0222588	-8.394072	-3.8786068	4.175488	-8.0684595	-4.2281604
1650882271.538785	1	3.0023289	-7.240066	-6.3302693	2.8921957	-6.895301	-6.5601125	2.8682537	-7.16824	-6.459556	2.815581	-7.52737	-6.143522
1650882281.504224	1	3.5003228	-7.536947	-5.755661	3.1124623	-7.651869	-5.7604494	3.3183637	-7.1730285	-6.2728086	4.3239284	-7.560889	-3.8881836
1650882291.4568772	1	5.7843914	-1.541866	7.8386164	6.8043213	4.644751	4.9655743	-8.810662	-5.45878	4.333505	3.4237084	-8.145074	3.845088
1650882301.4450324	1	2.777274	-8.724471	4.4244847	3.2944214	-8.441956	4.2425256	-0.6560113	-9.648633	-2.1978772	-0.770933	-10.065224	-0.25378537
1650882311.4253738	1	-0.9624691	-9.835381	-0.44532153	-0.8762778	-9.667787	-1.0151415	-0.78529817	-9.059659	-0.79966336	-0.7278373	-9.9790325	-0.80445176
1650882321.409511	1	-0.110133275	-9.916783	-2.0207062	-1.3359646	-10.218452	-1.8674773	-0.35434186	-9.993398	-2.9496565	-0.37828386	-9.710882	2.1643584
1650882331.898558	1	-0.866701	-10.070012	2.5809495	-0.9959879	-9.974244	1.2401965	-1.091756	-9.792285	1.5753847	-0.92895025	-9.23683	2.8778305
1650882341.875909	1	-0.19632454	-11.118672	0.7757214	-1.2785037	-6.8761473	5.3965306	-0.9816227	-7.9248075	6.2488666	-2.0159178	-4.9464207	9.097966
1650882351.8585298	1	-1.532289	-7.422025	6.6846113	-1.1875241	-8.920795	5.497087	-0.9959879	-8.949526	6.6606693	-1.412579	-7.3789296	7.881712
1650882361.7935483	1	-1.0103531	-6.8905125	6.775591	-1.4987702	-7.1395097	7.493851	-1.5275006	-7.297527	6.14831	-0.89064306	-8.178593	5.4204726
1650882371.769097	1	-0.9768343	-7.398083	6.7372837	-1.2210429	-7.1395097	6.655881	-1.412579	-7.1826053	6.9623384	-1.3359646	-7.350199	6.742072
1650882381.7282224	1	-2.0685902	-3.2800562	9.935937	10.089166	-14.044387	3.0550013	9.581595	-0.21068975	2.4516625	5.3247046	7.800309	1.7764976
1650882391.744294	1	5.1906295	5.473145	3.6104562	4.6016555	7.398083	3.064578	5.161899	8.916007	5.171476	4.2185836	8.350976	2.078167
1650882401.680765	1	4.0318356	8.614338	-0.21068975	3.7541082	8.815451	0.16759412	3.9312792	8.686164	-0.1436521	3.8355112	8.6334915	-0.21068975
1650882411.6690586	1	4.19943	8.695741	-0.2825158	5.1571107	10.472239	2.2744915	5.1235914	8.212111	-0.58418524	4.2425256	8.7292595	-1.9776106
1650882421.6436038	1	4.175488	8.643068	-0.90021986	4.1659107	8.475474	-0.89543146	4.3766007	8.231265	-1.4891934	4.6255975	8.532935	-1.1444284
1650882431.62598	1	3.9456444	8.973468	-0.49799395	4.309563	8.221688	-1.4269443	4.237737	8.480263	-1.6950948	4.012682	8.537724	-1.1827357
1650882441.607546	1	4.1276035	8.470686	-1.4700398	4.0414124	9.476251	1.292869	3.3854012	9.514558	2.504335	4.390966	9.619903	1.7621324
1650882451.553975	1	5.085284	7.5561004	0.7134721	4.4675803	8.341399	1.2593501	4.0940847	-1.6519991	3.4284968	1.1827357	-0.6991069	9.179369
1650882462.0409064	1	0.34476504	-1.6519991	9.89763	1.0534488	1.0151415	11.990162	1.5849615	1.9297266	9.595961	-0.047884032	4.745308	8.389283
1650882472.0591934	1	-0.062249243	-1.091756	10.0508585	0.033518825	-1.1252748	9.964667	0.07182605	-1.1731589	9.92636	0.45968673	-1.6567876	10.041282
1650882481.9867997	1	-8.101978	-0.9768343	4.7644615	4.912902	5.765238	5.118803	-10.170568	-3.7110126	4.745308	1.9728222	4.453215	2.858677
1650882491.9814126	1	5.659893	7.6853876	3.2609026	6.157887	6.727707	3.3183637	4.390966	8.734048	-0.50757074	1.1779473	0.9959879	9.270349
1650882501.9778874	1	-0.45489833	-2.2984335	9.821015	-1.7860745	-2.6767175	11.348516	0.33518824	-6.483498	5.329493	4.486734	-5.9424086	3.9600096
1650882511.8829296	1	4.003105	-7.8625584	3.7684734	0.6607997	-6.3589997	5.2480903	5.415684	-7.9343843	2.3750482	-1.8004397	-6.9623384	10.01734
1650882521.9075298	1	4.486734	-4.4244847	3.394978	-0.39264908	-1.3359646	1.2641385	1.4413095	-9.816227	4.7022123	1.9728222	-4.4819455	5.884948
1650882531.8983831	1	1.910573	-4.3526587	10.146626	2.1452048	-3.466804	9.160215	2.743755	-5.793968	6.5122285	2.6384103	-4.6016555	7.61835
1650882541.8633337	1	2.0925324	-4.8937483	7.6949644	2.1883004	-5.0278234	8.532935	2.2936451	-5.080496	8.327033	1.7477672	-5.57849	6.2728086
1650882551.8486345	1	1.2785037	-4.8506527	8.872911	1.364695	-5.1379566	8.6095495	0.90500826	-4.7979803	9.591172	0.7613561	-6.133945	12.545617
1650882561.8310962	1	2.0638018	-3.5051112	7.4124484	2.1930888	-3.53863	8.7292595	2.3750482	-5.00867	9.428367	2.834735	-5.0421886	7.642292
1650882571.7916577	1	1.3742718	4.0078936	7.9583263	2.3080103	-4.663905	8.09719	3.1316159	-4.5441947	8.992621	2.054225	-4.9559975	9.433155
1650882581.741537	1	2.336741	-3.8163576	7.6231384	2.6001031	-3.892972	8.192958	2.9783869	-2.1404164	9.294291	3.1124623	-4.209007	9.883265
1650882591.737227	1	2.303222	-1.5658079	9.414001	2.6527755	-4.6160207	9.112331	2.695871	-2.9352913	8.561666	2.8395233	-3.8067808	8.676587
1650882601.696247	1	3.0502129	-3.6631286	9.054871	3.5098996	-3.1986535	9.873688	3.620033	-5.0038815	8.954314	2.2505496	-4.5872903	10.342952
1650882612.1444278	1	3.9600096	4.644751	4.5633483	4.156334	-3.7110126	8.719683	4.620809	-6.1530986	7.120356	4.8219223	-5.2049947	7.0724716
1650882622.129262	1	9.093178	4.8506527	-0.62728083	6.9623384	5.4204726	-2.135628	1.0630256	0.48362875	10.376471	0.770933	2.4229321	9.629479
1650882632.1220648	1	4.0414124	-0.9911995	9.251195	4.156334	-1.8579005	9.270349	4.285621	-4.19943	7.3885064	3.4859576	-4.4244847	8.231265
1650882642.081888	1	3.7205894	-3.7014358	8.748413	2.7150247	-4.55856	9.677363	2.96881	-3.8402996	9.112331	7.465121	-2.0829554	6.7372837
1650882652.090994	1	7.393295	0.16759412	10.682928	6.349423	0.2825158	6.909666	1.1013328	-4.735731	11.784261	4.6782703	-5.770026	-4.735731
1650882662.047219	1	2.456451	-9.155427	12.631808	-4.19943	3.2273839	9.677363	1.2689269	-7.177817	-3.514688	1.3263878	-8.499416	-8.437167
1650882672.0584586	1	0.16280572	-9.974244	-8.331821	-0.047884032	-6.7085533	-9.126697	1.7956513	-8.255207	-5.3199162	1.4748282	-8.020576	-5.813122
1650882681.990105	1	1.163582	-7.6470804	-6.766014	-0.009576807	-6.9719152	-7.6375036	1.0151415	-7.029376	-7.0245876	0.7038953	-7.019799	-7.3310456
1650882691.9858608	1	1.6663644	-8.101978	-5.1762643	-0.5363012	-8.7532015	-4.654328	0.36870706	-6.694188	-6.861782	0.36391866	-6.9958572	-7.0820484
1650882701.9699416	1	0.20111294	-7.345411	-5.731719	-4.146757	-9.682152	2.657564	1.1875241	-9.907207	-1.4221559	2.4612393	-7.1059904	7.6470804
1650882711.9351585	1	-2.5570073	4.572925	7.2065473	-3.1747115	-10.01734	4.548983	9.332599	-4.2760444	1.0726024	9.840169	-6.4787097	0.08619126
1650882721.8904257	1	9.279925	-2.255338	2.231396	3.7924154	-9.212888	1.6663644	2.954445	-9.576807	2.2601264	3.265691	-9.251195	1.0869676
1650882731.9041288	1	-12.650962	-7.714118	0.31124622	-11.683704	-4.831499	2.4516625	0.6895301	-10.520123	-4.3047748	2.6527755	-9.222465	-1.8243817
1650882741.850926	1	1.4269443	-8.820239	-0.39264908	2.9400797	-7.503428	-5.070919	3.821146	-6.8761473	0.50757074	4.8458643	-10.160992	-0.21068975
1650882752.3197174	1	0.7278373	-5.391742	-5.9759274	1.7860745	-8.930372	-3.1555579	3.0071173	-7.3310456	-6.823475	-6.8522053	-13.8480625	-1.0773908
1650882762.2871387	1	-6.5601125	-1.5370775	-0.7278373	-14.623784	-1.9153614	-2.4133554	-9.078813	-4.927267	-0.842759	-10.362105	-3.1028855	-1.1109096
1650882772.277371	1	-12.392388	-6.4499793	0.40222588	-9.873688	-5.233725	0.29688102	-11.736377	-2.9161377	-0.8714894	-8.6095495	-2.0590134	-1.8100165
1650882782.2496846	1	-10.625467	-4.2042184	0.45489833	-13.867216	-3.1555579	-0.34955344	-17.664421	-6.8043213	-4.3622355	-4.223372	-1.8291701	0.58418524
1650882812.1635826	1	-1.6567876	-6.0860605	-5.861006	5.616797	-7.7907324	-6.3111157	2.753332	-8.283937	-2.8634653	-2.135628	-6.411672	-5.837064
1650882822.207958	1	2.1308396	-3.691859	-5.439626	4.1515455	-8.949526	-7.417237	-0.9768343	-7.8865004	-3.2034419	2.3463178	-6.1195793	-9.131485
1650882827.6456904	1	2.1308396	-3.691859	-5.439626	4.1515455	-8.949526	-7.417237	-0.9768343	-7.8865004	-3.2034419	2.3463178	-6.1195793	-9.131485
1650882832.086765	1	-6.4308257	-5.7843914	0.90500826	-12.109872	-9.77792	-1.292869	-1.2785037	-13.503298	5.171476	6.2488666	0.30166942	5.056554
1650882852.0402348	1	-2.504335	-7.038953	1.0582372	-3.9456444	-13.9677725	5.45878	-5.4300494	-9.059659	2.3558946	-4.223372	-8.839393	-0.41180268
1650882862.0451136	1	-3.098097	-8.925584	1.5370775	-3.7349546	-9.5385	0.18674773	-4.9320555	-11.674128	-0.90021986	-4.074931	-12.794614	2.255338
1650882872.0436578	1	-2.3750482	-9.648633	6.766014	-16.864758	-0.24420857	-2.1068976	-10.649409	-4.10845	0.29688102	-13.278243	-2.0925324	-1.0247183
1650882882.514991	1	-14.331692	-3.371036	-1.3551182	-6.50744	-4.8458643	-0.5746084	-10.539276	-0.7086837	-0.30166942	-7.5561004	-0.2633622	-3.122039
1650882892.441753	1	-0.7182605	-1.982399	7.273585	1.5897499	-11.473015	2.2170308	-6.991069	-13.192051	-2.0207062	2.528277	-2.7341783	-8.676587
1650882902.4496903	1	-4.4244847	-5.109226	2.327164	0.63206923	-11.731588	3.4093432	-4.606444	-4.548983	4.0222588	-10.740389	-0.770933	1.2258313
1650882912.0137477	1	-11.702858	0.31124622	1.2641385	-11.69807	-3.0693667	-1.8579005	-10.778696	-3.0454245	1.4173675	-6.167464	-1.364695	-0.41180268
1650882922.3968663	1	-3.5625722	-4.414908	2.3511062	-8.619126	-3.1986535	5.511452	-12.871228	-0.90979666	-1.2306197	-9.80665	-0.18674773	-0.58897364
1650882932.3314974	1	-16.290148	-2.2505496	-5.463568	-9.394848	-3.107674	0.20111294	-6.5696893	-0.29209262	-1.5179238	-8.437167	-0.48841715	-1.5131354
1650882942.3380723	1	-10.342952	-2.6431987	-0.58897364	-8.662222	1.1540052	-2.0446482	-6.6367273	-1.316811	-2.15957	-14.882358	-3.1268275	-2.1212628
1650882952.3601372	1	-11.511322	-1.4413095	-0.12928689	-10.596737	-0.5506664	-2.1404164	-12.943054	-2.4037786	-1.2641385	-7.1873937	-3.7349546	1.7669208
1650882962.2919843	1	-12.26789	0.24420857	-3.145981	-14.144943	-3.98874	-3.53863	-12.713211	-7.431602	1.9871874	-17.717093	1.7860745	-1.13964
1650882972.273967	1	-13.388376	-2.2170308	-1.4987702	-12.20564	-1.115698	-0.7757214	-7.5561004	-0.7038953	-1.0486604	-7.9248075	-1.5514427	-0.63206923
1650882982.2088425	1	4.2664676	-4.4244847	8.418014	1.2976574	-7.321469	-5.1379566	0.24899697	-9.797073	-2.0925324	0.2825158	-10.156203	-2.4133554
1650882992.2429838	1	0.61291564	-9.859323	-2.1643584	0.6751649	-9.821015	-2.2697031	0.47884035	-9.840169	-2.1404164	0.49320555	-9.821015	-2.0685902
1650883002.1586778	1	0.641646	-9.916783	-1.4460979	0.545878	-9.921572	-1.1348516	0.6943185	-9.787497	-1.9536686	0.641646	-9.706094	-1.8483237
1650883012.1924531	1	0.8331822	-9.797073	-2.1499932	0.866701	-9.892841	-1.4987702	0.61770403	-9.911995	-1.6041151	0.25857377	-13.737929	0.63206923
1650883022.1741464	1	4.2521024	-10.94629	1.6136919	4.9559975	-8.892065	-3.3327289	5.985504	-10.1226845	-0.2633622	5.2002063	-8.441956	-1.9297266
1650883032.6695452	1	-3.5529952	-7.675811	4.7979803	-3.2609026	-8.374918	3.5290532	-3.5098996	-8.805874	3.265691	-3.3997664	-8.734048	3.1172507
1650883042.5850816	1	-3.715801	-8.954314	3.122039	1.3024458	-10.893618	-3.1411927	1.316811	-9.619903	-2.633622	1.3982137	-9.730036	0.6991069
1650883052.5665925	1	2.4660277	-9.849746	0.37828386	2.2122424	-10.295067	-0.2681506	2.054225	-9.557653	0.6895301	2.5953147	-9.68694	-0.2777274
1650883062.5208776	1	1.934515	-6.033388	3.122039	5.161899	-4.5681367	-6.5122285	5.1523223	-6.991069	-5.0900726	1.1109096	-9.500193	4.8458643
1650883072.4669075	1	0.89543146	-6.9719152	6.9527617	3.5242648	-6.6367273	4.8027687	2.6192567	-8.7532015	2.6623523	-0.46926352	-8.978256	3.8786068
1650883082.49671	1	-4.3143516	-5.209783	12.971785	-0.9576807	-9.964667	1.4221559	-0.45489833	-10.103531	0.2777274	-0.59376204	-9.940725	1.0726024
1650883092.4135418	1	2.1308396	-9.648633	2.2936451	2.6910827	-9.586384	1.9488802	3.2130187	-9.495404	1.0007763	3.3327289	-9.433155	1.7764976
1650883102.4160714	1	-0.56982	-11.358093	-0.80445176	-0.8762778	-11.267113	0.076614454	4.390966	-4.256891	-7.809886	-2.9735985	-10.817003	-0.5315128
1650883112.46	1	2.96881	-8.408437	-4.879383	2.906561	-9.667787	-1.13964	2.9161377	-9.667787	-0.19153613	-0.78050977	0.2681506	11.171345
1650883122.3816347	1	1.7381904	-2.9735985	8.825027	2.7389667	-9.035717	-4.3478703	2.0973208	-7.795521	-6.0285997	1.7812861	-7.067683	-5.21936
1650883132.3399515	1	7.771579	-4.88896	1.8435353	3.845088	-8.552089	-4.8267107	3.1316159	-9.481039	-3.5865142	3.0885203	-8.671799	-3.916914
1650883142.3446288	1	2.6048915	-8.6334915	-4.7261543	2.1404164	-8.173804	-2.6192567	2.0207062	-8.106767	-4.501099	1.9871874	-8.853758	-4.5298295
1650883152.313754	1	2.1978772	-8.734048	-4.390966	2.1739352	-8.7053175	-4.5394063	2.1499932	-8.384495	-4.865018	2.4899697	-8.202535	-5.291186
1650883162.26221	1	1.6519991	-9.059659	-4.295198	2.6192567	-8.676587	-4.3861775	2.5139117	-8.714894	-4.295198	2.207454	-8.801085	-4.6351743
1650883172.7697823	1	2.6192567	-8.054094	-5.4779334	2.3702598	-8.580819	-5.1523223	1.8435353	-9.782708	-2.135628	1.6759412	-9.68694	-2.135628
1650883182.7065763	1	1.2018893	-9.935937	-2.0446482	1.8579005	-9.801862	-2.2457612	1.8100165	-9.610326	-2.2170308	1.9009962	-9.77792	-2.1930888
1650883192.7081976	1	1.7381904	-9.672575	-2.2888567	1.8722657	-9.710882	-2.3319526	1.7860745	-9.706094	-2.1308396	1.8531121	-9.648633	-2.3463178
1650883202.6721635	1	1.9393034	-9.346964	-2.6384103	1.7908629	-9.289502	-3.2369606	1.9728222	-9.414001	-3.323152	1.9057846	-9.232041	-3.5434184
1650883212.6504605	1	1.8531121	-5.674258	5.8322754	-1.091756	-0.8283938	9.763555	-2.0159178	-8.408437	-1.3359646	1.1827357	-5.3007627	-6.167464
1650883222.679759	1	3.3758245	-8.317456	-4.76925	-3.7972038	-8.528147	4.036624	2.3750482	-8.365341	-5.243302	2.3415294	-8.09719	-5.315128
1650883232.6515777	1	2.2505496	-7.943961	-5.770026	2.0829554	-8.647857	-4.1419687	2.0590134	-8.882488	-4.6591167	2.1930888	-8.700529	-4.462792
1650883242.630691	1	2.1164744	-8.619126	-4.6495395	2.3175871	-8.791509	-4.1706996	2.1164744	-8.714894	-4.4580035	2.2936451	-9.303867	-3.4572272
1650883252.6528668	1	2.2409728	-9.179369	-3.3614593	2.4181437	-9.212888	-3.6152446	2.255338	-9.102755	-3.6535518	2.3127987	-9.193734	-3.7253778
1650883263.0255868	1	1.8052281	-9.452309	-2.9257145	2.6240451	-8.034941	-2.3989902	3.7014358	-8.078036	-3.6343982	2.1212628	-9.097966	-3.193865
1650883272.5179403	1	5.6551046	-3.892972	-1.2545617	0.22505496	-31.426292	-15.399506	2.7006595	-9.835381	-0.79008657	2.906561	-9.572019	-0.79008657
1650883282.486611	1	2.8634653	-9.77792	-0.92416185	2.7389667	-9.696517	-1.2976574	2.9831753	-9.677363	0.5602432	2.552219	-9.198523	0.80445176
1650883292.4285836	1	2.456451	-9.811439	-0.05746084	2.542642	-9.346964	-0.47884035	2.815581	-9.710882	-1.733402	3.4284968	-9.969456	-0.6560113
1650883302.4691842	1	2.882619	-9.653421	0.18674773	1.6998832	-9.11712	1.0247183	2.480393	-9.682152	0.49799395	2.3080103	-9.433155	0.009576807
1650883312.8994958	1	6.5744777	-17.745823	5.889736	5.3438582	-5.7029886	2.2266076	1.0534488	-9.495404	-2.0685902	3.5577838	-9.399636	-0.24420857
1650883322.8814538	1	3.0119057	-10.01734	-1.2258313	2.7006595	-8.734048	-3.394978	2.2888567	-8.7532015	-4.3622355	2.3654714	-9.399636	-2.8203697
1650883332.8548627	1	2.2697031	-9.452309	-2.9017725	2.0590134	-9.284714	-1.6759412	1.8291701	-9.414001	-3.0597897	1.7669208	-9.44752	-2.743755
1650883342.831958	1	1.9776106	-9.581595	-1.283292	2.0398598	-9.313444	-2.1308396	3.845088	-9.222465	-2.2026656	4.745308	-7.3885064	4.5537715
1650883352.8261707	1	5.2624555	-8.6334915	-0.2777274	4.4723687	-9.11712	0.45968673	4.6782703	-9.11712	0.10055647	5.0613422	-8.930372	0.2777274
1650883362.754053	1	4.855441	-6.3829417	-1.5610195	4.0462008	-9.830592	-1.0630256	4.10845	-8.159439	-4.1706996	3.6056678	-7.680599	-2.9496565
1650883372.804513	1	4.6686935	-9.193734	-0.019153614	5.21936	-10.448297	-1.5993267	5.521029	-8.983045	0.9672575	5.185841	-8.66701	0.34955344
1650883382.7529757	1	5.3103395	-8.892065	0.06703765	3.7588966	-9.452309	1.3359646	5.5162406	-8.202535	-0.45489833	5.3199162	-8.42759	0.7182605
1650883392.7139976	1	5.616797	-8.796297	0.6703765	5.434838	-8.269572	0.842759	5.415684	-8.542512	0.30645782	5.291186	-10.041282	-0.4357447
1650883402.699548	1	4.2760444	-9.174581	-2.111686	3.4955344	-8.853758	-3.2034419	4.309563	-7.6853876	-2.1452048	2.1212628	-9.969456	-1.3359646
1650883412.6743364	1	2.4133554	-9.749189	-1.2210429	2.2936451	-9.801862	-1.3982137	2.111686	-9.921572	-1.6663644	2.15957	-9.600749	-1.9536686
1650883422.6476333	1	1.5849615	-9.662998	-2.1068976	2.2026656	-9.629479	-1.9919758	2.3558946	-9.65821	-2.0015526	2.2266076	-9.725247	-2.0398598
1650883432.5846488	1	2.2744915	-9.682152	-2.030283	2.3798366	-9.581595	-2.087744	2.2936451	-9.595961	-2.0925324	2.408567	-9.624691	-1.9536686
1650883443.0782616	1	2.528277	-9.595961	-1.8435353	2.384625	-9.581595	-2.1404164	2.4181437	-9.65821	-1.9871874	2.5474305	-9.662998	-2.0638018
1650883453.0416007	1	2.4756045	-9.437943	-2.2122424	2.528277	-9.557653	-2.3223755	2.384625	-9.471462	-2.2649148	2.3750482	-9.581595	-2.6240451
1650883463.075446	1	2.4277205	-9.543288	-2.6192567	2.3750482	-9.509769	-2.6719291	2.504335	-9.423578	-2.6479871	2.504335	-9.44752	-2.504335
1650883473.017914	1	2.4851813	-9.370906	-2.3175871	2.3702598	-9.471462	-2.72939	2.5761611	-9.514558	-2.456451	2.408567	-9.452309	-2.4133554
1650883483.0053463	1	2.6288335	-9.428367	-2.5617957	2.4708161	-9.404425	-2.5474305	2.585738	-9.44752	-2.8060043	2.6527755	-9.32781	-2.695871
1650883492.9625535	1	2.542642	-9.165004	-2.633622	2.5330653	-9.461885	-2.5953147	2.6048915	-9.533711	-2.6623523	2.5187001	-9.581595	-2.5378537
1650883503.009779	1	2.6431987	-7.7572136	1.9009962	-2.6144683	-9.763555	-1.3982137	4.582502	-7.326257	-6.2823853	4.3478703	-8.513782	-3.6822822
1650883512.924261	1	4.5537715	-8.322245	-3.4141316	5.851429	-8.48984	6.1626754	0.062249243	-3.1172507	8.595184	5.415684	-8.48984	2.4133554
1650883522.905441	1	1.2449849	-8.078036	5.7029886	5.8945246	-3.107674	8.197746	4.390966	-9.696517	3.9743748	2.1978772	-8.99741	-0.34955344
1650883532.8741872	1	3.0071173	-9.572019	1.6519991	0.40222588	-4.5872903	0.8619126	1.5945383	-5.2528787	-0.79487497	-9.466674	-2.2936451	5.2624555
1650883542.813419	1	-10.702082	-5.995081	4.3287168	-11.722012	-3.3279405	3.667917	-7.785944	-2.8203697	2.3415294	-10.649409	-3.6391866	2.1691468
1650883552.7869265	1	-5.4539914	-4.4005427	3.1747115	-6.0764837	-4.7261543	3.2848446	-4.936844	-5.48751	2.791639	-5.2385135	-7.326257	3.9073372
1650883562.7987866	1	-4.4484267	-7.9487495	4.697424	-4.865018	-7.642292	4.9799395	-0.92416185	-13.326127	0.80445176	-1.5562311	-9.3421755	2.0973208
1650883572.7540348	1	-6.1626754	-3.9264908	0.49799395	-0.15322891	0.17238252	6.2584434	-12.919112	-3.4380736	-1.0247183	-11.118672	-6.919243	1.2449849
1650883583.2307246	1	2.0973208	-6.679823	1.3934253	-2.834735	-6.7851677	3.4763808	-6.895301	-2.930503	0.38307226	-1.5753847	-1.5370775	-2.6192567
1650883593.1914046	1	6.612785	-5.554548	6.2345014	3.2992098	-7.9870567	3.3375173	3.6535518	-8.959103	3.6248214	3.53863	-8.595184	3.4620156
1650883603.172055	1	1.3742718	0.90021986	0.90979666	-2.552219	-4.477157	8.63828	2.1308396	-9.715671	-2.566584	4.4963107	-9.064447	-1.6280571
1650883613.1333048	1	5.8705826	-8.2169	-0.08140286	5.434838	-9.629479	-1.4077905	5.497087	-8.269572	1.661576	2.657564	-6.26802	-6.9767036
1650883623.1220756	1	1.0390835	-4.548983	9.65821	-13.450625	-7.431602	6.4978633	-6.622362	-7.5561004	3.3087866	-4.9559975	-10.965444	1.8387469
1650883633.100767	1	-8.054094	3.3614593	-2.954445	-4.759673	-4.5394063	6.871359	-2.9831753	-8.7771435	6.8426285	-6.8905125	-1.3599066	5.93762
1650883643.0805807	1	-10.989386	-9.892841	-3.9552212	2.6048915	-11.405977	1.7046716	-2.8921957	-8.485051	5.046977	-2.8299465	-8.590396	4.43885
1650883653.053578	1	-2.566584	-9.385271	3.016694	-0.7469909	-9.821015	2.0973208	-5.6646814	-8.901642	5.6215854	-0.770933	-6.229713	5.291186
1650883663.024388	1	-9.14585	-5.363012	2.633622	-6.3350577	-6.5361705	6.3685765	2.1739352	-18.440142	-8.566454	4.8506527	-7.603985	-2.15957
1650883673.0396297	1	0.60333884	-9.56723	-1.9967642	-1.163582	-8.346188	-9.964667	3.074155	-2.4995465	9.543288	0.08619126	-10.524911	6.0142345
1650883682.9832497	1	4.510676	-1.8579005	9.595961	1.4796166	-7.9104424	1.8579005	4.256891	-3.466804	9.471462	1.6184803	-1.70946	10.338163
1650883692.963418	1	2.834735	-0.23942018	8.968679	1.7956513	-1.0055647	10.376471	3.2609026	-0.8331822	9.074024	-2.6240451	-5.209783	2.4516625
1650883703.2056468	1	-8.451532	-5.1379566	8.2169	-16.342821	-3.6008794	1.4173675	-9.514558	-4.55856	0.05746084	-8.532935	-4.7884035	0.02873042
1650883712.867523	1	-13.804967	-4.548983	0.6799533	-3.2609026	-7.8865004	0.5315128	0.02873042	-4.8123455	1.8148049	1.0582372	-9.433155	4.2521024
1650883722.8909724	1	-5.315128	-11.056423	4.175488	-1.0103531	-7.943961	-5.305551	-6.1866174	-8.916007	-0.04309563	-3.8881836	-8.99741	2.504335
1650883733.3473506	1	-3.107674	-5.6215854	1.4413095	-1.460463	-9.035717	4.213795	-2.7724855	-10.764331	7.843405	11.243171	-98.20058	5.391742
1650883743.3279245	1	-1.115698	-11.166556	-0.48362875	-1.6424223	-6.612785	-3.4524388	-1.3551182	-11.506534	-8.135497	-0.11492168	-8.159439	0.59376204
1650883753.2668834	1	-1.2210429	-9.069236	-2.111686	-1.0869676	-9.107543	-5.2145715	-3.3279405	-12.454638	-0.1340753	-0.45489833	-4.2904096	-1.6232687
1650883763.293692	1	-2.6719291	-3.2561142	10.448297	-0.81402856	-1.3215994	-1.2258313	0.6464345	-0.7278373	6.540959	-3.7588966	0.5315128	13.55597
1650883773.2379148	1	8.283937	-4.6686935	9.404425	2.8203697	-3.5338416	8.532935	0.770933	-5.473145	9.457097	-2.3798366	-0.9528923	8.173804
1650883783.2572322	1	0.91937345	-6.3829417	8.355764	1.0055647	-2.954445	9.337387	0.5746084	-9.629479	-4.189853	1.3503298	-8.236053	-2.6671407
1650883793.2263389	1	0.40701428	-2.336741	10.927136	1.8770541	-2.705448	9.423578	-0.08140286	-2.6623523	9.993398	-0.15801731	-2.930503	9.433155
1650883803.1487677	1	2.3223755	-4.2521024	8.202535	0.7134721	-4.2521024	8.336611	2.2122424	-4.3047748	8.815451	2.4756045	-3.7972038	-2.834735
1650883813.1892946	1	-1.3551182	-6.742072	-1.115698	2.2457612	-5.9567738	-8.690952	1.8626889	-3.8163576	9.715671	1.9249382	-0.37828386	10.43872
1650883823.0995624	1	7.1107793	-0.30166942	6.4068837	11.927913	-5.233725	7.728483	5.8945246	-5.1906295	-5.2145715	2.657564	-7.603985	-3.8786068
1650883833.1342986	1	4.534618	-4.146757	1.9488802	5.4922986	0.7326257	1.9440918	4.548983	0.7182605	-2.882619	1.934515	-12.339716	-2.4468741
1650883843.1064093	1	0.49799395	-4.3047748	8.010999	1.3311762	-4.3478703	8.212111	-1.3359646	-7.967903	-8.686164	-0.5650316	-10.208876	-1.6807296
1650883853.0542898	1	-4.8458643	-0.7134721	5.1906295	6.105214	-8.09719	1.2976574	6.2823853	-8.259995	1.3982137	-5.813122	-7.3645644	3.9073372
1650883863.4881928	1	1.8339585	-5.8705826	8.283937	1.9153614	-5.5258174	6.943185	1.934515	-7.1347213	7.5561004	0.7278373	-8.7771435	0.22984336
1650883873.5020237	1	-2.5713725	-9.864111	-12.708423	2.7820623	-2.5570073	6.9623384	-10.261548	2.2936451	-6.813898	-2.4277205	-10.295067	-0.8331822
1650883883.4823177	1	1.8100165	-11.793838	1.1540052	-6.7324953	-5.377377	5.674258	-0.7326257	-8.6813755	-4.673482	2.9879637	-12.559982	-3.2704794
1650883893.429369	1	1.316811	-1.2114661	3.3375173	5.7987566	-9.184157	9.030929	-1.1204864	-18.847157	-5.4204726	-8.494628	-5.434838	3.53863
1650883903.453642	1	-1.6998832	-8.09719	-4.975151	-1.5610195	-8.030152	-4.4915223	0.58418524	-8.887277	-9.840169	1.9393034	-7.905654	-6.991069
1650883913.3728948	1	5.0661306	-10.228029	0.18195933	5.521029	-7.350199	-2.1883004	-0.51235914	-13.76666	0.82360536	-15.035586	-3.7493198	-5.439626
1650883923.3807728	1	-4.19943	-7.249643	5.2768207	1.0151415	-17.693151	10.563218	3.892972	-0.08619126	-4.43885	2.0925324	-8.839393	-2.5761611
1650883933.3138783	1	-3.0214825	-1.7860745	10.199299	-3.0023289	-5.7029886	5.899313	-3.098097	-11.358093	1.6136919	2.0111294	-9.969456	-2.303222
1650883943.348024	1	-4.8362875	0.19153613	8.173804	-4.8267107	-1.1300632	8.336611	1.0390835	-5.889736	4.7740383	0.61770403	-9.375694	5.233725
1650883953.3036325	1	0.89064306	-9.174581	-2.777274	3.2704794	-9.174581	0.44532153	7.1490865	-32.90112	-9.730036	2.5761611	-6.133945	6.0285997
1650883963.2837465	1	-0.81402856	-12.732365	-0.60333884	-2.8634653	-0.31124622	9.169792	-4.3143516	0.50757074	8.614338	-3.7493198	-1.4508862	8.336611
1650883973.2821562	1	2.8538885	-7.920019	4.534618	7.091625	-5.21936	0.23942018	3.9935284	-14.968549	-10.362105	-2.6719291	-4.7070007	-11.951855
1650883983.208548	1	-2.801216	2.954445	-5.7604494	-3.4141316	1.7190368	22.64436	2.4277205	0.023942016	9.203311	0.92416185	-8.437167	-4.3718123
1650883993.1946688	1	-9.294291	-6.555324	0.090979666	-8.925584	-2.7006595	-1.6567876	-1.067814	-8.7771435	-3.016694	-9.198523	-9.064447	3.5577838
1650884003.6507757	1	-7.503428	-2.1499932	5.267244	-6.9862804	-2.6479871	4.0462008	-3.5098996	-8.872911	3.098097	-5.209783	-7.560889	4.1371803
1650884013.646732	1	-2.5474305	-9.203311	4.4244847	-2.5474305	-11.008539	1.5275006	-0.82360536	-14.958972	5.473145	-1.7238252	-8.882488	1.9488802
1650884023.5896995	1	2.72939	-8.647857	-3.0597897	0.7134721	-8.896853	-3.1603463	-0.1340753	-13.747506	-1.7381904	-3.9600096	-8.317456	4.462792
1650884033.624958	1	-1.3694834	-9.878476	-0.79008657	-6.143522	-7.201759	2.2361844	-4.247314	-7.991845	-1.2162545	-7.7811556	-1.4700398	-1.8243817
1650884043.5817883	1	-8.576031	-1.8148049	1.5275006	-0.12449849	-9.797073	2.2361844	-9.581595	-0.866701	3.490746	-8.255207	-1.3551182	-0.7613561
1650884243.5727336	1	3.6774938	-8.470686	-5.2289367	6.775591	-5.765238	4.9224787	6.751649	-5.3199162	4.582502	6.670246	-6.5601125	4.5154643
1650884253.5866392	1	0.58418524	2.9496565	9.710882	5.6359506	-5.602432	9.959879	5.2863975	-5.9280434	2.1404164	3.2752678	0.14844051	7.177817
1650884263.5071511	1	2.3127987	-8.805874	-4.2521024	2.327164	-9.595961	-6.301539	-3.821146	-7.7093296	4.644751	-3.8019924	-5.185841	3.0454245
1650884273.9867406	1	-6.919243	-4.8123455	1.8818425	-7.2687964	-1.9153614	-0.38307226	-9.064447	-1.9057846	0.34955344	-11.45865	-1.6807296	-0.5554548
1650884283.955534	1	-9.078813	-2.5617957	-0.41180268	-8.384495	-3.4476504	2.4277205	-10.654198	-1.6663644	-1.0726024	-4.256891	-3.845088	-2.705448
1650884293.909272	1	-1.6998832	-10.022128	1.0007763	1.6807296	-6.655881	-1.7908629	3.193865	-9.246407	-2.681506	4.865018	-9.198523	-3.1842883
1650884303.904771	1	0.8331822	-6.919243	-3.4715924	-0.6799533	-10.500969	-4.3478703	-0.16280572	-7.867347	-3.0358477	-0.23463176	-8.178593	-2.6623523
1650884313.9058871	1	1.3503298	-10.290278	-3.466804	1.3838485	-9.361329	-2.6910827	1.5801731	-9.696517	-2.9496565	1.982399	-8.949526	-5.401319
1650884323.8359208	1	1.8722657	-8.336611	-5.3582234	2.7964275	-5.6790466	-3.53863	-6.2345014	-6.742072	0.01436521	4.405331	4.3622355	19.91497
1650884333.8391457	1	-3.8355112	-10.132261	2.183512	1.1300632	-10.539276	8.317456	-0.5554548	-9.160215	-0.51714754	-10.208876	-5.33907	1.7525556
1650884343.8013835	1	2.408567	-11.147403	3.098097	1.5227122	-9.074024	4.31914	-18.626888	-5.425261	-1.7908629	0.39743748	-12.636597	-1.4077905
1650884353.8195865	1	-1.3359646	-8.365341	-0.49320555	-5.9902925	-8.058883	8.7292595	-1.8579005	-8.863335	-1.8962077	-0.009576807	-13.244724	3.5098996
1650884363.8087995	1	0.92416185	-8.073248	2.6623523	-2.753332	-8.403648	5.851429	-0.05267244	-5.3199162	1.1827357	-1.7812861	-12.650962	2.4229321
1650884373.736487	1	-1.4460979	-6.2728086	0.58418524	-0.7517793	-8.37013	1.460463	-4.0892963	-12.703634	4.1611223	0.46926352	-7.062895	4.5681367
1650884383.7083042	1	-7.0581064	-6.6175733	2.6623523	1.7477672	-5.2289367	-6.1530986	-13.939042	-7.7907324	4.1419687	-5.66947	-2.7006595	0.6847417
1650884393.701635	1	-12.014104	-5.3103395	0.6847417	-12.77546	-2.585738	-0.12449849	-0.110133275	0.8571242	1.5658079	-13.838486	-8.169016	-0.80924016
1650884403.681172	1	-9.615114	1.9201498	-6.397307	0.019153614	-10.175357	3.620033	-0.25857377	-9.045294	4.036624	-2.3942018	-2.327164	0.095768064
1650884413.655539	1	5.8226986	-8.298303	0.0047884034	-2.566584	-4.510676	-7.067683	-5.3199162	-8.422802	-1.2785037	-4.9559975	-8.652645	-0.51714754
1650884424.1224864	1	-4.156334	-7.1969705	3.2034419	-4.525041	-8.063671	2.1068976	-4.4915223	-8.738836	3.1124623	-4.7740383	-8.303091	2.542642
1650884434.1356218	1	-4.5777135	-8.307879	2.72939	-3.7924154	-8.954314	2.7868507	-0.9911995	-3.2561142	6.277597	2.2601264	-4.8267107	8.99741
1650884444.1155722	1	-0.82360536	-7.455544	6.823475	-0.9528923	-7.201759	6.8043213	-0.62249243	-7.067683	7.0964136	-0.7038953	-7.1155677	7.0245876
1650884454.0451417	1	-0.8571242	-7.2544312	6.8761473	-0.8475474	-7.2209125	6.8330517	-0.37828386	-7.177817	6.895301	-0.5650316	-7.2304893	6.9479733
1650884464.0149896	1	-1.4700398	-6.823475	7.240066	-1.5610195	-6.7947445	7.177817	-1.7238252	-6.8186865	7.067683	-1.6041151	-7.3071036	7.0581064
1650884474.0147471	1	-1.5658079	-6.8905125	7.1490865	-1.6184803	-7.015011	6.919243	-1.6759412	-6.8091097	7.0964136	-1.6424223	-6.861782	7.1059904
1650884483.9731886	1	-1.2354081	-6.919243	7.2209125	-1.8722657	-6.339846	7.393295	-2.006341	-6.5218053	7.4842744	5.5018754	-7.575254	-9.471462
1650884493.9576266	1	-1.0821792	-6.7612257	7.2687964	-1.115698	-6.7612257	7.264008	-1.7621324	-6.6415157	7.1969705	-1.8148049	-6.6271505	7.0245876
1650884503.920781	1	-1.3503298	-6.5265937	7.345411	-1.6136919	-6.766014	7.0341644	-4.132392	-8.796297	6.3685765	-10.0508585	-6.7803793	-5.21936
1650884513.9185843	1	-9.337387	-2.9017725	0.7613561	-9.715671	-3.0502129	0.842759	-9.289502	-3.0310593	0.45489833	-9.241618	-3.1890767	0.4405331
1650884523.902174	1	-9.203311	-2.2266076	0.6751649	-9.41879	-3.6008794	1.2401965	-9.423578	-3.1794999	1.0199299	-8.643068	-3.86903	-0.58418524
1650884533.829661	1	0.7278373	2.456451	3.8642416	-9.212888	0.94810385	-0.35434186	-26.767176	4.951209	-0.7230489	-8.561666	-2.4851813	-0.92416185
1650884543.8261354	1	-11.324574	-1.508347	-1.2880806	-4.3526587	-9.217676	-1.8483237	-3.8642416	-8.221688	0.82360536	-4.663905	-8.341399	-2.4181437
1650884553.8236609	1	-2.3702598	5.9184666	6.813898	-8.255207	-10.34774	1.6950948	-3.145981	-9.050082	3.0071173	-2.5187001	-1.685518	13.484144
1650884564.3042295	1	10.28549	-8.231265	0.038307227	6.555324	-5.8226986	3.763685	-13.474567	-0.9528923	-1.958457	4.5537715	-5.109226	8.073248
1650884574.2451966	1	-10.036493	-12.531252	3.2321723	-6.253655	-7.431602	0.7278373	-10.04607	-2.8203697	3.0214825	-7.896077	-9.466674	-3.0550013
1650884584.2209263	1	-9.193734	-3.8067808	0.842759	-8.293514	-4.9320555	0.9768343	-9.442732	-3.691859	2.9831753	-9.260772	-0.07182605	2.3654714
1650884594.1982243	1	-8.585608	-2.1930888	1.7477672	-9.3182335	-3.3854012	0.7374141	-9.433155	0.2825158	2.384625	-9.308656	-3.7493198	0.7038953
1650884604.1781938	1	-9.23683	-3.9025488	-0.5506664	-8.978256	0.92895025	2.9879637	-10.160992	-3.016694	0.49799395	2.6192567	-6.8761473	-3.122039
1650884614.1444163	1	-14.097059	-16.548721	1.1204864	-9.461885	-1.5801731	-0.770933	-28.763939	-26.068068	43.335052	-6.9383965	-4.8841715	5.626374
1650884624.119815	1	-6.775591	-5.616797	4.5154643	-6.291962	-4.927267	5.5737014	-6.3589997	-4.3239284	5.995081	-6.7468605	-4.7022123	5.741296
1650884634.1006298	1	-3.0933087	-7.3310456	6.6079965	-2.6719291	-7.690176	6.196194	-2.6719291	-7.666234	5.7843914	-2.9400797	-7.5082164	5.5258174
1650884644.0492487	1	-2.8538885	-7.7907324	5.521029	-6.2009826	-3.6487634	6.919243	-0.9959879	1.043872	9.083601	-1.8100165	-1.1061212	10.01734
1650884654.0507412	1	-5.5641246	-4.4436383	6.9862804	-6.0238113	-4.4963107	6.363788	5.9567738	-0.6655881	7.153875	3.7684734	-4.9416323	8.542512
1650884664.0184598	1	0.6895301	-6.861782	7.5082164	1.5179238	-7.015011	7.1155677	1.0103531	-6.6415157	7.297527	0.30645782	-6.0621185	7.9008656
1650884674.0036256	1	0.4357447	-6.019023	8.0684595	0.49320555	-5.813122	8.465898	-3.016694	-4.7070007	14.073117	-13.220781	-6.7229185	5.2480903
1650884683.9704342	1	-10.611102	-4.1659107	3.8067808	-25.483883	-0.35913026	-5.2145715	12.052411	14.465767	36.731842	-9.490616	-5.7125654	-0.9624691
1650884693.9727046	1	6.9479733	-16.965313	2.681506	1.5658079	-4.175488	-0.5506664	-29.295452	-126.91663	-124.38357	13.709199	14.45619	14.901511
1650884704.4201648	1	-47.113102	103.95624	-35.596992	1.0773908	-3.620033	2.767697	-7.699753	-7.07726	-3.6870706	-13.139379	-4.19943	-9.021352
1650884714.4260056	1	16.452953	2.3989902	-34.778175	3.4237084	-12.559982	0.47884035	-39.906555	-35.496433	8.451532	-0.01436521	-2.6767175	-0.51714754
1650884724.357602	1	3.3854012	-4.548983	4.9320555	-0.17238252	-11.439496	6.0381765	-5.171476	-4.879383	7.536947	-4.999093	-9.064447	17.290924
1650884734.35413	1	1.1540052	-9.500193	-3.2082303	-37.881058	-22.606052	18.0858	0.4165911	6.2105594	6.71813	1.7764976	-9.275137	3.4380736
1650884744.34077	1	1.8626889	-9.835381	2.5139117	1.3599066	-9.768343	2.767697	0.08619126	-8.7292595	4.7022123	-0.11971009	-8.820239	3.5673606
1650884754.2887874	1	-0.1340753	-8.935161	4.5058875	0.22984336	-9.011775	4.462792	0.36391866	-9.078813	4.4819455	-0.20590134	-6.7229185	7.651869
1650884764.2693443	1	0.047884032	-9.662998	4.510676	0.10055647	-15.500062	5.1523223	1.1444284	-7.1347213	5.0038815	-1.0965444	14.240712	-13.484144
1650884774.280285	1	2.4612393	-7.7189064	6.019023	5.2289367	-6.493075	1.2449849	4.936844	-2.767697	7.513005	-0.15801731	-4.927267	7.2304893
1650884784.2320454	1	-1.9153614	-9.854534	0.18674773	-2.7389667	-8.748413	4.2425256	-2.695871	-9.23683	2.9592333	-1.8483237	-9.80665	0.45968673
1650884794.2275062	1	-3.1124623	-9.615114	0.48362875	-2.8060043	-9.557653	1.0007763	-2.255338	-9.749189	0.9768343	-3.490746	-9.3421755	0.090979666
1650884804.1784074	1	-2.4851813	-9.208099	2.5809495	-2.480393	-9.528923	1.7525556	-2.1787236	-9.581595	1.7717092	-2.1643584	-9.624691	1.6807296
1650884814.1402955	1	-2.207454	-9.543288	1.7812861	-2.3654714	-9.524135	1.8387469	-2.504335	-9.557653	1.8579005	-2.2984335	-9.65821	1.6184803
1650884824.0562077	1	-2.2266076	-9.557653	1.8195933	-2.2984335	-9.629479	1.484405	-2.030283	-9.854534	1.4173675	-2.4133554	-9.600749	1.2785037
1650884834.0783849	1	-2.480393	-9.643845	1.388637	-2.5905263	-9.639056	1.2593501	1.1252748	2.1452048	8.437167	-2.1547816	-5.995081	7.6375036
1650884844.5571342	1	-2.3750482	-4.3478703	6.2105594	0.2777274	-6.981492	1.8339585	-3.572149	-5.439626	6.555324	0.0	-10.160992	1.6807296
1650884854.5550497	1	-16.419436	-15.677233	3.3423057	-4.807557	-8.580819	-1.8243817	-6.042965	-3.7445314	3.2321723	-7.1730285	-6.603208	4.213795
1650884864.5121832	1	7.929596	-4.3478703	3.0214825	-9.840169	-2.3558946	3.0071173	-8.51857	-5.9998693	2.384625	-8.259995	-3.9456444	0.61770403
1650884874.4953468	1	-1.6903064	-11.990162	5.6982	-9.557653	-1.043872	-0.7613561	-8.7771435	-2.8491	-1.3551182	-10.6398325	-5.2528787	-0.10055647
1650884884.4639142	1	-9.500193	-3.5769374	-3.6535518	7.417237	-2.9879637	7.752425	-1.733402	-7.053318	4.084508	-2.719813	-7.800309	5.133168
1650884894.4850998	1	-2.8874073	-8.221688	5.080496	-3.083732	-7.9487495	5.195418	-2.4756045	-8.288726	5.497087	-2.5187001	-8.121132	5.2480903
1650884904.4144814	1	-2.3127987	-8.001422	5.257667	-2.2505496	-8.24563	5.281609	-2.456451	-8.0445175	5.1762643	-2.5474305	-8.12592	5.3103395
1650884914.412126	1	-2.7006595	-8.039729	5.2720323	8.992621	4.3766007	-0.8619126	9.011775	4.0222588	-0.92895025	9.208099	3.8977604	-0.34476504
1650884924.3680422	1	9.543288	2.9783869	0.18674773	9.409213	3.4955344	0.22026655	9.126697	3.5051112	1.1061212	9.548077	2.6671407	0.81402856
1650884934.3386858	1	9.840169	3.0262709	1.412579	8.781932	2.0638018	2.6479871	0.5602432	1.7764976	-0.44532153	7.881712	-4.9224787	23.736116
1650884944.3145056	1	-3.41892	-9.035717	2.504335	-2.60968	-10.965444	3.2513258	0.8283938	-10.251971	0.40701428	0.39264908	-9.998186	0.110133275
1650884954.2978525	1	0.23463176	-10.132261	0.5363012	0.30166942	-9.907207	0.24899697	0.29688102	-10.060435	0.18674773	0.15801731	-10.031705	0.29209262
1650884964.317681	1	1.8243817	-8.978256	4.31914	2.111686	-9.691729	1.934515	2.0159178	-9.844957	1.7908629	2.1643584	-9.730036	2.4133554
1650884974.7364566	1	2.3511062	-9.648633	2.2457612	2.1452048	-9.404425	2.1930888	2.0685902	-9.246407	2.542642	2.1499932	-9.509769	2.3894134
1650884984.7138598	1	2.255338	-9.121908	2.6384103	-5.8226986	-3.9695864	-0.6799533	-8.580819	-4.7165775	-0.062249243	-9.840169	-1.7190368	-8.796297
1650884994.6898155	1	-0.90021986	-5.559336	9.404425	-2.504335	-7.5321584	6.3589997	-0.82360536	-13.977349	13.153744	-3.098097	-9.466674	3.1747115
1650885004.691094	1	-1.8243817	-9.179369	4.3861775	-2.1212628	-9.040505	3.9983168	-1.3790601	-8.485051	1.1300632	0.8283938	-9.768343	2.255338
1650885014.6377816	1	0.7757214	-9.246407	2.2026656	0.31124622	-10.25676	2.1260512	-0.8331822	-9.624691	5.66947	-0.20111294	-8.394072	5.48751
1650885024.6137369	1	2.3558946	-13.891158	9.14585	1.412579	-8.743625	4.5537715	3.5625722	-10.529699	2.767697	0.9528923	-8.504205	2.657564
1650885034.5894158	1	2.3175871	-7.953538	3.620033	1.7381904	-9.423578	2.4133554	1.2497733	-7.560889	3.074155	2.4660277	-9.572019	2.2888567
1650885044.575889	1	2.777274	-9.56723	2.2409728	2.3798366	-9.557653	2.4420857	2.1068976	-11.439496	2.8778305	0.89064306	-13.517663	-1.5897499
1650885054.5564811	1	-0.4309563	-3.8642416	-8.135497	3.5673606	-8.78672	-0.8379706	3.7588966	-7.747637	1.733402	2.480393	-6.895301	6.4499793
1650885064.3511558	1	6.655881	-7.383718	2.1452048	6.4739213	-6.9383965	1.8674773	4.6016555	-8.959103	-3.5577838	-4.3957543	-8.872911	0.93373865
1650885074.5142674	1	-1.757344	-9.102755	-2.3942018	-0.51714754	-11.137826	-4.3861775	-3.289633	-12.971785	-0.90021986	-3.787627	-10.658986	0.12449849
1650885084.495688	1	-3.4093432	-7.326257	4.8506527	-5.48751	-8.054094	-1.4173675	-10.366894	1.3024458	1.13964	3.8833952	-4.841076	-8.7053175
1650885094.4522452	1	-8.595184	-1.8052281	-3.5865142	-6.670246	-3.9695864	-7.4842744	1.0630256	-6.919243	-8.585608	-2.480393	-7.690176	0.90979666
1650885104.4130168	1	-4.7500963	-8.848969	-0.22026655	-5.568913	-8.355764	-2.5474305	-5.985504	-9.701305	-2.3319526	-4.8937483	-9.337387	-2.6767175
1650885114.9043005	1	-2.6288335	-9.074024	-2.930503	2.4181437	-9.093178	-0.23942018	1.9728222	-8.7532015	-3.9073372	1.1827357	-9.854534	-2.6192567
1650885124.8870366	1	0.272939	-9.572019	-1.2210429	2.408567	-10.500969	-1.7046716	-1.6424223	-11.372458	-3.596091	2.231396	-9.294291	-4.3143516
1650885134.842533	1	-1.8004397	-8.087613	-2.801216	-0.47405192	-11.061212	-4.7644615	-0.9576807	-12.248735	-4.1659107	-0.48841715	-8.432379	-2.3319526
1650885145.0605724	1	-3.1268275	-9.490616	-4.2664676	0.6799533	-6.8905125	-1.958457	1.1827357	-9.864111	-2.2409728	-2.207454	-8.350976	-2.5091233
1650885154.78208	1	-1.1923125	-9.634268	-3.1316159	-5.1140146	-8.796297	-2.432509	-0.80924016	-6.981492	-3.1890767	-2.4037786	-10.931925	-3.0358477
1650885164.7798564	1	3.193865	-9.356541	-3.1364043	-5.118803	-8.327033	3.4524388	-2.2888567	-8.6813755	1.6519991	-8.408437	-2.6288335	9.208099
1650885174.7424548	1	-6.646304	-9.006987	3.3901896	3.7349546	-16.927006	-0.01436521	-2.6671407	-9.5385	8.298303	3.7493198	-5.707777	4.381389
1650885184.7114842	1	-8.408437	-3.016694	4.1802764	-8.154651	-2.992752	2.303222	-8.710106	3.4093432	3.8546648	-12.0571995	2.336741	20.824766
1650885194.7044084	1	-0.46926352	5.851429	6.4547677	1.6424223	-3.5434184	6.5122285	-0.25857377	-6.363788	3.8833952	-2.1260512	-10.247183	3.5338416
1650885204.6695406	1	-3.7349546	-6.8330517	-18.727446	-10.596737	-6.8809357	3.4332852	-6.670246	-5.0996494	1.1827357	-7.8050976	-4.735731	1.1587936
1650885214.636329	1	-8.1163435	-4.697424	1.8243817	-8.51857	-5.5162406	0.7517793	-7.920019	-3.4332852	0.6943185	-4.3239284	-6.7085533	6.1866174
1650885225.1083508	1	3.4093432	-2.1212628	0.40701428	0.89064306	-2.1547816	9.821015	0.48362875	-2.585738	9.940725	0.5315128	-2.542642	9.653421
1650885234.5850327	1	2.3080103	-1.6089035	4.9320555	-0.22984336	0.8714894	-2.0638018	0.56982	0.545878	9.840169	0.89064306	-0.019153614	9.911995
1650885244.558828	1	2.992752	-1.5514427	5.21936	0.50757074	3.193865	15.47612	-2.8682537	4.3143516	4.1946416	1.1204864	-0.545878	8.724471
1650885254.55889	1	0.5315128	-11.496957	7.0724716	-0.15801731	-1.4173675	9.610326	-4.663905	-34.960133	42.41089	1.6136919	0.06703765	10.199299
1650885265.0404932	1	0.29688102	-1.2258313	7.513005	-1.4413095	-2.944868	10.180145	0.33039984	-2.4947581	13.359646	0.7374141	-0.047884032	9.351752
1650885275.020631	1	0.7422025	0.07182605	10.0508585	0.8475474	-0.05746084	9.940725	1.5179238	-1.6950948	9.787497	0.9576807	-1.5131354	9.983821
1650885284.9957836	1	1.0773908	-1.4077905	9.830592	1.0247183	-1.4413095	9.868899	0.91937345	-1.2354081	9.983821	1.2210429	-2.801216	9.768343
1650885294.9194946	1	1.9967642	-1.7812861	6.5984197	0.8810662	-0.93373865	9.212888	0.91458505	-0.641646	10.793061	1.3694834	0.15801731	9.868899
1650885304.8971062	1	0.7326257	0.30166942	10.5680065	-0.36870706	1.1109096	9.150639	0.009576807	1.0773908	10.280702	0.090979666	1.3551182	11.046846
1650885314.90375	1	1.8579005	-4.2281604	11.468226	1.0965444	0.0	9.911995	2.7964275	-2.7102363	9.758766	1.4700398	-1.388637	10.251971
1650885324.8608632	1	-1.2880806	5.2049947	7.1826053	1.1731589	-0.63206923	7.4124484	2.6623523	-0.9911995	9.739613	2.896984	-1.757344	9.481039
1650885334.850219	1	2.7102363	-0.4405331	8.944737	3.2752678	-2.1978772	9.710882	3.643975	-1.8531121	10.505757	2.7389667	-2.9017725	9.749189
1650885344.8187497	1	3.371036	-0.38307226	9.849746	2.303222	-2.1787236	10.845734	1.2354081	-1.1587936	9.667787	2.8921957	-1.934515	9.337387
1650885354.7755518	1	2.2936451	-1.388637	8.231265	0.9528923	-0.79966336	14.930242	1.6280571	-1.6950948	11.252748	5.046977	2.3702598	-6.8809357
1650885364.7773435	1	-9.059659	-8.42759	3.5434184	3.122039	-7.2544312	-5.7125654	-12.363658	-8.37013	-0.01436521	5.4683566	-10.275913	6.2105594
1650885374.7617335	1	-7.40766	-7.819463	-34.711136	1.7477672	-8.748413	-1.9776106	-0.91937345	-11.027693	-0.93373865	-0.78050977	-8.710106	-2.3127987
1650885384.7067137	1	-10.869676	-4.381389	0.7134721	-8.532935	-4.735731	1.1587936	-8.834604	-4.43885	0.89543146	-7.465121	-4.817134	1.2545617
1650885395.2083075	1	-9.753978	1.508347	-1.5466543	-9.730036	0.62249243	-0.8810662	-9.452309	0.6991069	-1.388637	-9.476251	1.0342951	-0.89064306
1650885405.1855464	1	-9.576807	1.3311762	-0.93373865	-9.3421755	1.364695	-0.8714894	-9.662998	0.9816227	-0.38307226	-9.749189	1.6519991	-0.94331545
1650885415.1394904	1	-3.9264908	-5.57849	6.5601125	-3.6822822	-5.837064	7.1730285	-4.1180267	-6.019023	6.95755	-3.5242648	-6.215348	7.067683
1650885425.1212	1	-3.9983168	-6.3685765	6.7133417	0.22505496	-7.40766	7.6614456	-5.415684	-9.543288	3.8355112	-7.6949644	-0.40701428	1.5179238
1650885435.083052	1	-8.389283	-1.163582	1.6184803	-8.829816	0.37349546	-3.217807	-9.222465	-3.0358477	-1.7764976	-9.65821	-1.3359646	0.1436521
1650885445.0780864	1	-9.452309	-0.17717093	-2.9017725	-9.524135	-0.090979666	-1.1875241	-9.437943	-0.41180268	-1.4460979	-9.710882	-1.8052281	-1.0726024
1650885455.0546238	1	-10.5919485	-1.0247183	-0.30166942	0.41180268	-5.841852	3.86903	-6.2488666	-7.2113357	-1.9249382	-6.71813	-9.188946	-1.292869
1650885465.048157	1	-5.415684	-7.785944	-1.0486604	-5.415684	-7.7811556	-1.733402	-5.511452	-7.1251445	6.2105594	-2.6862943	-7.019799	7.326257
1650885474.980574	1	-5.7987566	-8.111555	2.9113493	-3.9552212	-8.882488	3.2273839	-3.4572272	-8.992621	0.90979666	-3.145981	-8.99741	1.3742718
1650885484.9546402	1	1.1013328	-13.340492	1.2258313	-8.37013	-3.8498764	-2.7629087	-1.5179238	-9.792285	0.7086837	-0.5363012	-9.457097	0.3878607
1650885494.9520664	1	-0.7278373	-9.169792	1.508347	1.1348516	-9.557653	-2.0494366	-3.1842883	-3.3997664	-6.9048777	-8.054094	-4.4340615	6.1387334
1650885504.9310567	1	-9.461885	-4.6160207	0.8571242	-8.767567	-3.6535518	1.4173675	-8.580819	-2.834735	1.4987702	-8.825027	-3.064578	0.59855044
1650885514.89041	1	-10.429143	-5.415684	0.90021986	-8.513782	-2.2122424	2.0494366	-8.834604	-2.1452048	1.5514427	-1.0342951	-9.548077	0.9528923
1650885524.8794963	1	-3.4141316	-8.872911	-1.8052281	-12.018892	-2.207454	-4.936844	1.8579005	-11.836933	0.8379706	-7.1155677	-7.005434	6.6750345
1650885535.358412	1	-6.766014	-4.9559975	4.6782703	-4.5681367	-6.8522053	5.104438	2.9113493	-9.514558	-2.7724855	4.5154643	-9.035717	0.6464345
1650885545.3427474	1	-2.4899697	-5.377377	5.0134583	-5.3725886	-9.356541	3.7780502	3.86903	-9.232041	-3.98874	4.8937483	-7.9343843	0.61770403
1650885555.2692182	1	3.169923	-8.537724	7.249643	2.0350714	-9.011775	3.2465374	1.2210429	-8.848969	-3.6966474	0.7613561	-10.888829	-4.185065
1650885565.249217	1	2.3223755	-10.462662	1.5705963	-2.72939	-9.323022	-5.837064	0.2681506	-10.429143	-1.2066777	-0.46926352	-9.246407	-2.135628
1650885575.2470958	1	-9.083601	-6.301539	1.2641385	1.6998832	-18.119318	5.5018754	-5.645528	-9.931149	7.192182	-7.2113357	-16.40507	3.1842883
1650885585.2104273	1	-2.9113493	-6.0956373	1.0965444	-6.167464	-9.165004	1.1013328	-8.09719	-4.7644615	1.5610195	-8.566454	-4.453215	1.3311762
1650885595.186867	1	-8.767567	-3.8163576	2.15957	-8.643068	-2.7102363	2.4947581	-10.553641	-2.9592333	2.2457612	0.17717093	13.9917145	2.7820623
1650885605.1686654	1	-7.8290396	-5.21936	2.384625	-6.291962	-6.71813	-0.90021986	-11.027693	-6.2632318	2.6384103	-7.728483	-5.1475334	-0.5602432
1650885615.1299071	1	-7.445967	-6.4499793	0.33518824	-8.710106	-5.410896	1.0151415	-7.2209125	-6.646304	-0.8331822	-7.6614456	-6.066907	-0.38307226
1650885625.112199	1	-6.3589997	-6.799533	2.4037786	-6.7133417	-4.8362875	4.43885	-7.8529816	-3.5338416	3.9600096	-9.054871	-4.175488	0.770933
1650885635.064265	1	-22.869415	-2.1978772	1.292869	-5.109226	-9.758766	-2.882619	-4.405331	-10.817003	-3.5434184	-6.7708025	-7.651869	-2.3750482
1650885645.0540595	1	-6.919243	-7.038953	0.4405331	-6.7803793	-7.2927384	0.51235914	-6.799533	-7.240066	0.59376204	-6.7851677	-7.1586633	0.5746084
1650885655.0285923	1	-6.823475	-7.16824	0.49799395	-6.4260373	-7.728483	-0.110133275	-6.05733	-7.747637	0.18195933	-6.885724	-7.369353	0.80445176
1650885665.009575	1	-6.603208	-7.335834	0.023942016	-6.943185	-7.0581064	-0.320823	-6.363788	-7.752425	0.45489833	-6.933608	-7.1969705	-0.23463176
1650885675.481789	1	-6.397307	-7.240066	-0.11971009	-6.823475	-7.201759	0.07182605	-6.8569937	-7.3310456	0.1436521	-6.7947445	-7.273585	0.02873042
1650885685.4744563	1	-6.5218053	-7.369353	0.12449849	-6.83784	-7.3166804	0.110133275	-6.6271505	-7.3645644	0.25857377	-6.799533	-7.1969705	0.009576807
1650885695.438717	1	-6.631939	-7.273585	0.17238252	-6.4739213	-7.345411	0.18674773	-6.4787097	-7.311892	0.090979666	-6.622362	-7.3310456	0.1436521
1650885705.412292	1	-6.603208	-7.345411	0.23463176	-6.6846113	-7.4028716	0.17717093	-6.646304	-7.455544	0.12449849	-6.517017	-7.2783732	-0.047884032
1650885715.3903742	1	-6.4978633	-7.479486	0.320823	-6.540959	-7.4746976	0.23463176	-6.531382	-7.489063	0.37828386	-6.7708025	-7.97748	-0.24420857
1650885725.3512268	1	-6.4499793	-7.5225816	0.34476504	-6.363788	-7.73806	0.37828386	-6.4978633	-7.431602	0.31124622	-6.531382	-7.417237	0.30166942
1650885735.3302436	1	-6.4068837	-7.489063	0.1436521	-6.622362	-7.4746976	0.33997664	-6.4404025	-7.5465236	0.31124622	-6.6367273	-7.359776	0.31124622
1650885745.2992342	1	-6.5265937	-7.4842744	0.39264908	-6.5696893	-7.5704656	0.15801731	-6.397307	-7.5321584	0.20590134	-6.4882865	-7.666234	0.49320555
1650885755.2952774	1	-6.4020953	-7.3789296	0.23463176	-6.483498	-7.4028716	0.16280572	-6.4020953	-7.575254	0.33039984	-6.5936313	-7.52737	0.35913026
1650885765.2857382	1	-6.3925185	-7.575254	0.2873042	-6.5026517	-7.445967	0.11971009	-6.435614	-7.5561004	0.22505496	-7.699753	-4.654328	3.8786068
1650885775.270972	1	-0.9672575	5.755661	13.651738	-1.5035586	-10.448297	-3.4811692	-8.154651	-6.5457473	1.9057846	-7.5848308	-6.933608	-0.24420857
1650885785.2067895	1	-8.959103	-9.212888	0.23942018	-6.4787097	-5.1666875	1.1300632	-9.782708	-7.393295	0.20590134	-8.504205	-5.8466406	1.316811
1650885795.1899054	1	-7.1059904	-5.12838	-0.58418524	-8.810662	-7.795521	4.4101195	-7.714118	-8.585608	3.3135753	-11.18571	-10.773908	-2.3511062
1650885805.1235802	1	-11.674128	-15.231912	-1.5370775	-9.088389	-5.1906295	-0.35913026	-9.744401	-12.823344	4.333505	3.4811692	-9.605537	-3.8259344
1650885815.5864756	1	2.9352913	-8.1642275	-4.5058875	7.0581064	-8.183381	-4.098873	4.2521024	-6.8905125	-3.490746	5.1906295	-8.561666	-3.7445314
1650885825.589879	1	5.4779334	-6.363788	-2.0015526	6.042965	-8.623915	-5.104438	3.490746	-7.2304893	-3.8594532	6.196194	-6.3925185	-5.9567738
1650885835.5514965	1	-4.2425256	-6.301539	1.6184803	1.4173675	3.6822822	6.349423	3.1268275	6.789956	6.703765	-12.401965	-6.517017	1.3072342
1650885845.5583644	1	-9.562442	-3.3183637	-1.7286136	-12.914324	-5.674258	0.5793968	-10.955867	-6.670246	1.091756	-6.531382	-1.3694834	-1.2401965
1650885855.5440378	1	-12.947843	-3.8546648	-0.22026655	-10.606314	-7.675811	-0.36870706	-12.181698	-2.825158	-1.0773908	-6.133945	-0.6703765	-0.90979666
1650885865.1866448	1	-12.392388	-2.1787236	1.685518	-9.816227	-3.0789435	-0.33518824	-6.71813	-4.3143516	0.8475474	-9.260772	-4.146757	-0.31124622
1650885875.483084	1	6.622362	6.742072	5.2049947	5.9663506	5.9759274	5.109226	9.921572	3.691859	2.1978772	5.583278	6.670246	1.9776106
1650885885.4291146	1	1.283292	-7.943961	3.86903	-1.733402	-9.581595	3.86903	1.115698	-14.087482	-0.038307227	0.6847417	-5.195418	-7.9726915
1650885895.434899	1	-0.9816227	-7.3645644	-5.1571107	-0.48841715	-6.349423	-7.7428484	-0.24420857	-9.615114	-2.1787236	-0.29209262	-6.8426285	-1.2545617
1650885905.4163392	1	-4.0318356	-10.500969	0.94810385	-9.208099	-10.199299	7.489063	-7.2352777	-9.23683	2.96881	10.496181	-5.0134583	0.11971009
1650885915.391719	1	-0.866701	-11.348516	-3.0693667	1.3455414	-10.031705	-1.0534488	0.033518825	-7.666234	0.47405192	2.1930888	-9.414001	-0.37828386
1650885925.3585052	1	-3.5817258	-11.45865	-3.6296098	-1.1061212	-1.0342951	-11.305421	-17.741035	-13.723564	3.8259344	-7.747637	-3.4955344	2.7964275
1650885935.3288736	1	-9.279925	-2.777274	0.21068975	-8.719683	-4.8219223	-1.2066777	-9.442732	-2.7868507	1.1971009	-2.3894134	-3.5003228	-0.35913026
1650885945.7786229	1	-2.8395233	6.5122285	-3.5817258	-12.564771	-1.757344	0.30645782	0.21068975	-0.9672575	1.6089035	-0.22026655	4.5441947	6.71813
1650885955.770001	1	2.7150247	-1.4317327	-2.9496565	-2.777274	-4.510676	-1.9871874	-11.281479	-4.630386	0.7661445	-7.321469	-8.303091	4.3239284
1650885965.7429428	1	-7.675811	-11.324574	1.8291701	-9.414001	-10.453085	1.0007763	-7.479486	-6.105214	0.6895301	-8.078036	-5.2145715	1.8914193
1650885975.715798	1	-7.867347	-6.090849	-0.30166942	-7.7811556	-6.14831	-0.47405192	-7.819463	-6.181829	-0.1436521	-7.7907324	-5.9041014	-0.34955344
1650885985.677265	1	-7.5704656	-6.38773	-0.25378537	-8.7532015	-4.343082	-0.16759412	-8.801085	-4.7405195	-0.076614454	-7.015011	-4.8602295	0.06703765
1650885995.6695874	1	-7.7428484	-5.6982	1.7477672	-7.6710224	-6.090849	1.8339585	-7.656657	-6.143522	1.9488802	-8.010999	-5.3582234	1.6567876
1650886005.7496445	1	-8.662222	-5.109226	1.9057846	-7.795521	-5.779603	2.1883004	-7.7189064	-5.81791	2.135628	-7.608773	-5.8226986	2.255338
1650886015.6630538	1	-7.465121	-6.0860605	1.7860745	-7.632715	-5.530606	-1.043872	-7.551312	-6.4164605	-1.2066777	-7.943961	-5.9184666	-0.5554548
1650886025.6375074	1	-7.7093296	-6.019023	-0.7613561	-7.680599	-6.1626754	-0.5267244	-7.809886	-6.129156	-0.60812724	-7.723695	-6.1770406	-0.45489833
1650886035.5598228	1	-6.435614	-4.429273	3.0214825	-6.8282633	-4.951209	4.7979803	-8.748413	-6.2488666	0.9911995	-7.517793	-6.2488666	2.8921957
1650886045.5513988	1	-9.255983	-5.0517654	0.1436521	-8.283937	-5.377377	-1.7621324	-8.135497	-4.88896	-0.545878	-8.51857	-4.9320555	1.7525556
1650886055.4838212	1	-8.255207	-5.463568	0.4165911	-8.762778	-4.3622355	1.2689269	-9.212888	-5.0996494	0.48841715	-8.695741	-4.1371803	0.0047884034
1650886065.5203574	1	-8.111555	-5.3103395	1.2162545	-10.381259	-5.118803	2.27928	-6.1195793	-7.2592196	1.6376339	1.163582	-9.299079	0.7565677
1650886075.4517212	1	8.508993	-6.6750345	-3.1364043	0.11492168	-6.6654577	7.608773	5.195418	-3.8259344	8.0445175	2.719813	-7.062895	2.8682537
1650886085.4622695	1	1.6998832	-11.051635	-2.183512	1.508347	-6.1004257	0.4405331	0.41180268	-2.1547816	-0.18195933	2.3989902	-9.859323	2.4277205
1650886095.9466252	1	3.0502129	-4.4819455	11.161768	0.8810662	-7.551312	1.9919758	-6.8905125	-7.848193	-1.9488802	-7.872135	-6.6654577	-2.456451
1650886105.8946817	1	-9.562442	-3.0885203	0.8475474	-7.575254	-3.8355112	-0.1436521	-9.313444	-2.4947581	-2.087744	-2.60968	-2.566584	-10.290278
1650886115.8733697	1	-7.5321584	-5.2002063	-1.0055647	-7.8050976	-5.4204726	-1.7860745	-8.279149	-4.8745947	1.4987702	-7.7572136	-4.2042184	-1.3072342
1650886125.8199425	1	-9.662998	-6.2871737	1.6041151	-8.015787	-5.6790466	1.460463	-8.791509	-3.9456444	1.8914193	-8.791509	-4.711789	0.62728083
1650886135.8556032	1	-8.418014	-5.0517654	0.6703765	-8.331821	-4.687847	0.6655881	-8.475474	-5.070919	0.6799533	-8.413225	-4.8937483	0.6847417
1650886145.7689743	1	-8.604761	-4.745308	-0.6464345	-8.288726	-5.0421886	-0.39264908	-8.264784	-4.927267	-0.4357447	-8.37013	-5.0038815	-0.25857377
1650886155.7778416	1	-8.475474	-3.53863	0.9816227	-9.016563	-3.7062242	0.91458505	-8.772355	-4.534618	0.8379706	-8.628703	-4.5920787	0.9959879
1650886165.743326	1	-8.848969	-4.132392	0.7038953	-8.662222	-4.936844	0.8283938	-8.671799	-4.687847	0.5410896	-8.561666	-4.8123455	0.7469909
1650886175.742396	1	-8.66701	-4.8267107	0.6368576	-10.381259	-2.6671407	0.08619126	-6.143522	-8.662222	-2.7246015	-8.078036	-6.742072	-2.4420857
1650886185.7143369	1	-9.821015	-4.630386	-1.2545617	-9.615114	-1.9776106	-1.7429788	-9.950302	-1.3263878	-1.163582	-8.470686	-4.8219223	-2.0350714
1650886195.7328002	1	-8.834604	-4.4915223	-0.6607997	-8.719683	-4.405331	-0.5267244	-8.6574335	-4.381389	-0.7278373	-6.6175733	-7.9248075	-2.5330653
1650886205.653869	1	-7.9583263	-5.659893	-0.8571242	-8.805874	-4.1946416	1.0821792	-8.394072	-4.5441947	-0.80924016	-6.909666	-7.5465236	-0.5650316
1650886215.5876553	1	-7.441179	-6.157887	-0.47884035	-9.093178	-4.8602295	-0.076614454	-7.4268136	-5.463568	4.0462008	-10.146626	-3.4859576	-0.94331545
1650886225.5752573	1	-27.518955	-5.0278234	-4.209007	1.8291701	-2.7964275	6.981492	-3.7780502	-4.3718123	8.676587	-1.2785037	-0.5650316	-3.7924154
1650886236.0508962	1	9.437943	-4.7500963	7.067683	8.451532	-5.4539914	1.6041151	8.082825	-5.21936	1.1587936	7.4507556	-5.185841	-0.08140286
1650886246.0675237	1	-8.7771435	-8.848969	11.209652	-4.3047748	-9.476251	3.6008794	-2.0925324	-8.6813755	4.606444	0.033518825	-11.563994	-2.1404164
1650886256.0023131	1	-3.4332852	-4.8219223	2.8107927	6.991069	-0.6847417	5.6215854	7.321469	-1.8866309	5.57849	7.3406224	-0.6560113	7.503428
1650886265.9979277	1	7.005434	-0.2633622	6.0764837	7.9726915	1.8243817	7.2209125	4.132392	1.2306197	8.178593	2.9783869	-2.9400797	4.1515455
1650886275.97562	1	1.4939818	-9.030929	-2.8395233	1.0390835	-11.061212	-0.8475474	0.9768343	-13.536817	1.0007763	3.3662477	-8.001422	-4.3478703
1650886285.9695766	1	1.2689269	-9.868899	-1.8435353	2.2601264	-9.035717	-3.8402996	0.7757214	-9.227253	-3.6391866	2.6623523	-6.133945	1.2545617
1650886295.927614	1	2.1452048	-9.337387	-1.1444284	2.882619	-10.19451	0.7326257	3.4524388	-9.682152	0.842759	2.408567	-7.029376	-6.133945
1650886305.8841133	1	2.60968	-8.149862	-3.0550013	3.514688	-10.022128	0.9720459	2.882619	-8.058883	-0.91458505	3.7588966	-8.848969	-3.4955344
1650886315.8804326	1	3.691859	-9.23683	-0.4309563	4.7500963	-9.605537	-6.033388	3.821146	-11.425131	-1.4700398	3.4380736	-4.9559975	-9.787497
1650886325.8097844	1	2.8634653	-8.619126	-3.3662477	4.630386	-8.37013	3.7493198	3.122039	-8.418014	-4.5154643	4.19943	-9.279925	0.39743748
1650886335.8626845	1	4.4675803	-9.188946	-0.29688102	4.5058875	-9.9790325	2.030283	4.5872903	-8.815451	1.2066777	4.7644615	-5.616797	6.4020953
1650886345.8071704	1	4.663905	-9.050082	-1.0342951	5.707777	-7.896077	0.90979666	2.3558946	-8.968679	1.8387469	-0.090979666	-10.721235	2.6671407
1650886355.7567658	1	4.7884035	-9.950302	0.15801731	4.9464207	-8.853758	-0.5650316	5.683835	-11.128249	-0.062249243	4.9416323	-7.8625584	-1.3215994
1650886366.2474737	1	0.033518825	-10.850522	1.8387469	-0.18674773	-6.9958572	-0.45489833	0.8331822	-10.275913	-2.3558946	-7.015011	-2.5761611	4.817134
1650886376.2332933	1	-0.36870706	-4.817134	-6.6367273	3.8307228	-8.264784	-5.592855	4.55856	-8.844181	-5.683835	5.104438	-7.896077	4.0414124
1650886386.1957264	1	0.17238252	5.2480903	8.250419	-9.040505	-8.1642275	6.2632318	0.47884035	5.2624555	8.552089	3.1842883	-5.0134583	8.418014
1650886396.1624324	1	4.098873	-8.7292595	-2.7006595	3.1555579	-9.68694	-2.4468741	-11.774684	-8.250419	1.3934253	-8.580819	-2.8395233	-0.78529817
1650886406.1426747	1	-8.135497	-3.5673606	2.5474305	-6.981492	-3.074155	4.8123455	-8.719683	-3.9983168	1.3790601	-9.174581	-3.2704794	-1.8195933
1650886416.1098158	1	5.861006	-10.898406	-45.28393	-0.8283938	-0.50757074	-1.7046716	1.7477672	4.5394063	-5.243302	0.37828386	-0.91937345	8.63828
1650886426.072637	1	-14.202404	-6.2345014	0.22984336	-13.144167	-2.8921957	3.763685	-4.3622355	-1.091756	-0.79008657	-17.750612	-3.466804	0.1340753
1650886436.0743833	1	-3.3375173	-9.648633	4.6160207	1.3694834	-10.486604	-3.98874	-1.910573	-11.358093	-5.3965306	1.3934253	-10.304645	-6.157887
1650886446.041711	1	-11.707646	-4.654328	0.8475474	-11.96622	-2.9783869	0.7613561	-10.7356	-3.0262709	-0.93373865	-11.36767	-3.4380736	-1.0055647
1650886455.9951642	1	-5.2863975	-1.1109096	-2.2888567	-14.96376	-1.7764976	1.0007763	-9.313444	-2.7964275	1.6328455	-12.990938	-0.60333884	4.6160207
1650886465.976352	1	-18.042704	-0.24899697	0.5267244	-10.280702	-5.9567738	1.2258313	-4.132392	-17.702728	-3.2465374	0.45010993	-9.045294	2.5617957
1650886475.9663508	1	-15.911864	-2.3080103	-0.29209262	-9.466674	-22.352266	-15.643714	-14.001291	0.59376204	2.303222	-11.990162	-1.4413095	-1.7429788
1650886488.4045465	1	-12.679692	-6.14831	4.1371803	-9.375694	0.39264908	-0.5267244	-10.290278	2.0207062	0.7134721	-5.3965306	-3.8163576	8.322245
1650886488.423718	1	-12.679692	-6.14831	4.1371803	-9.375694	0.39264908	-0.5267244	-10.290278	2.0207062	0.7134721	-5.3965306	-3.8163576	8.322245
1650886495.9357753	1	-8.413225	-1.0534488	1.5705963	-8.848969	-0.60333884	1.9440918	-10.31901	-2.528277	3.8259344	-10.199299	-3.0023289	-0.18195933
1650886506.42898	1	-8.848969	-2.0015526	1.115698	-12.674904	-4.122815	1.436521	-9.605537	-0.4213795	2.6001031	-8.992621	-0.12928689	0.02873042
1650886516.3740578	1	-10.888829	-6.8905125	-1.4891934	-8.7292595	-3.2273839	2.2984335	-4.3478703	-6.2823853	6.2345014	-3.9935284	-9.332599	-0.31603462
1650886526.345824	1	-4.6016555	-7.7332716	-2.3989902	-8.307879	-6.5218053	-0.6799533	-8.221688	-4.9176903	-0.770933	8.451532	0.90021986	-2.087744
1650886536.3157454	1	-8.451532	-4.429273	0.6895301	-5.9663506	-5.3821654	5.717354	-6.670246	-5.9424086	3.8738184	-5.482722	-6.5840545	4.9416323
1650886546.294911	1	-6.196194	-6.5936313	4.0701427	-4.76925	-4.3478703	9.715671	-2.7581203	-1.910573	9.504981	-1.283292	-1.4700398	8.872911
1650886556.277104	1	-3.217807	-2.1308396	7.7572136	8.1642275	2.3463178	-0.49799395	-5.257667	-5.841852	-0.7422025	-0.8523358	-5.33907	-2.8299465
1650886566.232617	1	-14.614207	-7.398083	-3.169923	-5.889736	-8.0684595	5.2480903	-0.2825158	-5.865794	7.953538	-2.6862943	-5.0996494	10.462662
1650886576.1688645	1	-3.7205894	-3.7588966	8.566454	-3.394978	-4.8362875	8.24563	-3.4284968	-4.7884035	8.298303	-5.233725	-4.31914	-3.9121256
1650886586.2324378	1	2.0973208	-8.973468	3.2513258	-0.25857377	-9.23683	2.6288335	0.05267244	-11.3964	1.412579	7.3406224	-2.0446482	6.4020953
1650886596.15748	1	-3.8546648	-13.254301	2.3750482	-4.285621	-11.865664	1.6041151	-3.8833952	-9.390059	-0.94810385	-3.394978	-12.229582	-4.8745947
1650886606.13715	1	-15.662868	-0.33039984	-2.1021092	-10.91756	-2.657564	0.9911995	-5.032612	-3.4476504	-7.9152308	-9.89763	-0.023942016	-2.1691468
1650886616.139783	1	-5.9424086	-9.035717	0.320823	-9.222465	-5.90889	-1.1109096	-12.430696	4.525041	5.2959743	-4.9464207	-7.5944076	4.0797195
1650886626.1284823	1	-0.9768343	-9.811439	0.20590134	-2.6862943	-10.376471	-0.89064306	-6.943185	1.4413095	8.078036	0.35434186	-9.763555	2.1643584
1650886636.064906	1	-8.408437	-4.0653543	0.33518824	-5.023035	-4.1802764	1.0390835	-4.209007	-8.772355	-4.2760444	4.2185836	-8.767567	2.7150247
1650886646.534106	1	-3.6822822	-5.683835	-4.936844	-4.793192	-8.298303	-2.3175871	-3.3423057	-9.370906	1.2401965	-11.9853735	-1.5993267	3.845088
1650886656.5484066	1	5.899313	12.77546	-5.1810527	-1.4413095	-9.696517	2.3415294	-5.568913	-5.305551	3.8402996	-6.3206925	-10.376471	4.3622355
1650886666.4478204	1	-2.7964275	-9.485827	1.2449849	-1.0773908	-8.322245	1.2641385	-7.1059904	-5.995081	1.8722657	-8.350976	-6.7564373	-0.1388637
1650886676.4681869	1	5.056554	-10.089166	2.585738	2.15957	-4.912902	9.5385	-11.405977	-3.2369606	1.5849615	-11.319786	-9.136273	-1.8531121
